0.255375
0.236744
0.215036
0.204084
0.203312
0.207472
0.209139
0.204832
0.200077
0.193230
0.187054
0.178112
0.164946
0.150101
0.135433
0.123882
0.112741
0.098553
0.091440
0.092104
0.098534
0.107595
0.115662
0.125065
0.131836
0.138824
0.143963
0.143951
0.144331
0.143612
0.141354
0.148420
0.162540
0.184441
0.210035
0.233753
0.257797
0.277744
0.292646
0.299910
0.297678
0.290279
0.275974
0.265320
0.255796
0.246101
0.240135
0.237125
0.238060
0.240410
0.237514
0.234196
0.228064
0.222883
0.215870
0.206287
0.199886
0.195692
0.196573
0.200901
0.203249
0.206034
0.206989
0.213556
0.221216
0.225275
0.227308
0.227291
0.228655
0.227697
0.222788
0.216333
0.208197
0.202568
0.198526
0.194437
0.197578
0.204201
0.212156
0.225166
0.238697
0.253834
0.266144
0.280804
0.293352
0.300589
0.305212
0.305079
0.303305
0.296272
0.280275
0.259266
0.232738
0.210918
0.191881
0.175957
0.168783
0.168262
0.176273
0.187056
0.193102
0.193123
0.183764
0.170345
0.154518
0.133804
0.117247
0.106878
0.111227
0.125608
0.151766
0.183773
0.215149
0.251408
0.287123
0.316029
0.336243
0.346811
0.360395
0.375719
0.389172
0.400475
0.408438
0.416359
0.423021
0.425463
0.424463
0.414864
0.406910
0.398346
0.383547
0.360359
0.336111
0.312555
0.292530
0.273340
0.254213
0.231213
0.213240
0.194300
0.171127
0.146534
0.122284
0.102581
0.087120
0.071236
0.056595
0.043344
0.035181
0.030718
0.030918
0.038824
0.053099
0.077690
0.107925
0.139637
0.178411
0.219700
0.262905
0.300842
0.330534
0.354969
0.368839
0.375729
0.374136
0.360302
0.345081
0.328506
0.313414
0.298738
0.284178
0.274086
0.266058
0.262993
0.260534
0.254986
0.250153
0.243742
0.240757
0.241199
0.240406
0.240028
0.239471
0.245037
0.250101
0.251110
0.244265
0.230659
0.220833
0.213554
0.205631
0.202196
0.201540
0.207680
0.218222
0.227051
0.237049
0.245014
0.258869
0.277174
0.299398
0.320757
0.338390
0.356888
0.372688
0.379940
0.381439
0.375217
0.363024
0.342903
0.315592
0.289597
0.263617
0.249002
0.243177
0.240213
0.242325
0.246506
0.254391
0.261059
0.259617
0.251532
0.234621
0.215729
0.193470
0.168812
0.152159
0.141907
0.140347
0.144672
0.151234
0.160923
0.168869
0.177681
0.185516
0.187256
0.190866
0.197716
0.211725
0.229630
0.248831
0.271660
0.292814
0.310755
0.321426
0.321720
0.314188
0.301254
0.292227
0.285519
0.278774
0.270807
0.270462
0.274363
0.275322
0.268970
0.257103
0.240246
0.228395
0.218756
0.210226
0.208691
0.213221
0.225916
0.241131
0.250195
0.253403
0.246807
0.225954
0.198101
0.164562
0.140093
0.125639
0.123138
0.130962
0.145401
0.165997
0.188175
0.207172
0.216782
0.216597
0.211809
0.202805
0.197685
0.196325
0.197012
0.203257
0.212582
0.227036
0.237980
0.241985
0.241707
0.236284
0.236170
0.238140
0.243780
0.250216
0.253809
0.255802
0.255920
0.247709
0.235920
0.218472
0.198278
0.176922
0.153984
0.135725
0.123014
0.114176
0.106890
0.099325
0.105179
0.119637
0.141590
0.165579
0.186708
0.207357
0.226322
0.242460
0.247335
0.234793
0.214714
0.189573
0.168430
0.153694
0.147207
0.155565
0.176678
0.209311
0.242682
0.268696
0.288389
0.297796
0.301716
0.300087
0.291584
0.288372
0.289314
0.294300
0.299931
0.301516
0.303629
0.304264
0.299721
0.296953
0.294077
0.287683
0.276825
0.271608
0.270744
0.271624
0.272831
0.273235
0.277317
0.278292
0.270767
0.258654
0.240631
0.221687
0.201630
0.181747
0.170685
0.168800
0.178434
0.195030
0.213659
0.241386
0.273439
0.309650
0.342810
0.368538
0.388870
0.402887
0.411060
0.410568
0.399504
0.381525
0.358597
0.337292
0.315975
0.293901
0.282459
0.279730
0.284540
0.292233
0.298069
0.302179
0.303043
0.304054
0.301487
0.293055
0.281914
0.268581
0.259802
0.253681
0.245895
0.239429
0.233139
0.229635
0.226681
0.221331
0.222179
0.226736
0.238962
0.254877
0.269049
0.284981
0.298300
0.309980
0.316103
0.314257
0.308477
0.301092
0.295307
0.289803
0.284121
0.284319
0.288717
0.298388
0.306587
0.310188
0.311619
0.309372
0.303642
0.290230
0.270388
0.247812
0.223921
0.203857
0.186403
0.169630
0.162010
0.161243
0.173096
0.192463
0.209036
0.225248
0.238098
0.246679
0.250206
0.242815
0.230209
0.210665
0.189486
0.168087
0.147421
0.130627
0.127085
0.141356
0.170229
0.205124
0.245441
0.284649
0.326347
0.366936
0.399416
0.423035
0.433273
0.431976
0.418385
0.398556
0.372704
0.340231
0.311602
0.288486
0.269154
0.257349
0.248945
0.247639
0.249250
0.249195
0.251518
0.253580
0.259039
0.264839
0.266674
0.267534
0.263823
0.264832
0.267773
0.267191
0.267059
0.266533
0.269258
0.270575
0.264378
0.252964
0.234957
0.215843
0.197739
0.181839
0.173306
0.172058
0.186541
0.211876
0.242275
0.275602
0.307285
0.337772
0.360180
0.368839
0.365999
0.352079
0.336874
0.320004
0.298565
0.279240
0.263008
0.253122
0.245358
0.236618
0.226896
0.214823
0.208546
0.206913
0.205429
0.207314
0.212858
0.223665
0.233364
0.235947
0.234367
0.225306
0.211637
0.195103
0.175896
0.166557
0.166845
0.177822
0.196209
0.219063
0.246201
0.272259
0.297052
0.315855
0.326725
0.334133
0.338306
0.348686
0.364365
0.386570
0.410744
0.433651
0.455427
0.470131
0.471588
0.461519
0.438309
0.407631
0.371445
0.337063
0.306370
0.279636
0.267008
0.267183
0.273802
0.285912
0.301458
0.319050
0.332243
0.339716
0.339001
0.325344
0.303619
0.275154
0.248695
0.225946
0.206644
0.196526
0.194597
0.205616
0.224962
0.247032
0.273235
0.299761
0.322172
0.342598
0.359383
0.373621
0.381187
0.381969
0.387005
0.394760
0.408583
0.424576
0.437815
0.451662
0.461720
0.469666
0.471817
0.462820
0.447289
0.425724
0.404587
0.384167
0.364182
0.353401
0.349171
0.351458
0.355438
0.358450
0.363922
0.368183
0.373213
0.374554
0.370428
0.364071
0.352547
0.339203
0.319548
0.295227
0.275002
0.258619
0.249580
0.244867
0.243000
0.251648
0.268782
0.293091
0.319267
0.342213
0.362852
0.379095
0.391062
0.396452
0.402451
0.408749
0.411463
0.413422
0.411964
0.405626
0.398588
0.387938
0.374575
0.355526
0.328411
0.300367
0.274469
0.253952
0.239918
0.229891
0.227873
0.230145
0.239012
0.248219
0.252426
0.255278
0.252232
0.246639
0.237202
0.223560
0.217085
0.215988
0.221317
0.230396
0.240005
0.251377
0.261139
0.271580
0.278662
0.278673
0.273834
0.270142
0.274561
0.284874
0.299084
0.323277
0.353086
0.386883
0.414242
0.427866
0.427101
0.408943
0.378986
0.338228
0.289135
0.246235
0.213118
0.193916
0.186649
0.187004
0.197153
0.211096
0.227955
0.241219
0.246845
0.252855
0.258244
0.264458
0.268963
0.270851
0.273630
0.274630
0.275932
0.273895
0.265989
0.258730
0.251736
0.250626
0.253014
0.258951
0.269741
0.284288
0.304277
0.326328
0.345190
0.363199
0.379374
0.396805
0.410175
0.417498
0.427153
0.434086
0.438787
0.439995
0.433788
0.425095
0.412283
0.400097
0.383347
0.361389
0.341246
0.322073
0.307281
0.294388
0.283512
0.278704
0.278204
0.282118
0.285862
0.285242
0.282747
0.278532
0.276680
0.272541
0.271151
0.271521
0.270082
0.272352
0.277205
0.279943
0.286169
0.295107
0.309351
0.325554
0.340305
0.355947
0.369835
0.384806
0.396389
0.402365
0.410614
0.417452
0.422611
0.425098
0.420918
0.416168
0.408279
0.399384
0.387915
0.372093
0.355108
0.337009
0.322798
0.310333
0.297222
0.288534
0.282705
0.281185
0.280666
0.278711
0.278568
0.277472
0.284451
0.295698
0.304632
0.314075
0.319927
0.323841
0.323826
0.315910
0.303703
0.288565
0.280302
0.278980
0.287594
0.302830
0.321396
0.345558
0.370321
0.387285
0.396049
0.393608
0.388098
0.379999
0.367172
0.353798
0.340261
0.333607
0.330223
0.328983
0.323803
0.312794
0.297836
0.279982
0.259167
0.235432
0.210505
0.188820
0.169142
0.157745
0.151814
0.148590
0.156887
0.173763
0.198376
0.224180
0.246128
0.264999
0.278044
0.283062
0.278225
0.265322
0.255260
0.248701
0.250633
0.260056
0.273733
0.297491
0.326046
0.358479
0.389090
0.411264
0.427868
0.436790
0.440443
0.437777
0.426632
0.412663
0.395180
0.380100
0.365555
0.348808
0.336327
0.326088
0.315714
0.310556
0.306406
0.306816
0.309113
0.320820
0.337395
0.351694
0.358807
0.358973
0.351597
0.337162
0.310619
0.276817
0.238543
0.203266
0.171944
0.146954
0.135481
0.137255
0.158194
0.191729
0.227905
0.264566
0.297550
0.326149
0.344717
0.353397
0.355610
0.351744
0.351076
0.352386
0.352249
0.356846
0.363995
0.370640
0.375309
0.375872
0.371758
0.359348
0.343349
0.324291
0.301029
0.278940
0.257189
0.244854
0.240107
0.238361
0.243435
0.251431
0.258797
0.269690
0.282101
0.296347
0.308258
0.319777
0.328150
0.327820
0.324432
0.317024
0.309446
0.300295
0.288240
0.277632
0.267376
0.264017
0.266941
0.272467
0.285061
0.302059
0.318020
0.336582
0.355255
0.375031
0.392418
0.409748
0.426161
0.437874
0.447460
0.451843
0.456738
0.460016
0.455721
0.448936
0.440132
0.426361
0.412500
0.397461
0.384340
0.370724
0.358345
0.346632
0.333738
0.325176
0.318439
0.315498
0.314976
0.312376
0.311001
0.308039
0.310919
0.313755
0.314791
0.317009
0.319550
0.323357
0.326626
0.325985
0.324226
0.321047
0.317907
0.315027
0.310762
0.310423
0.313856
0.320671
0.334299
0.350143
0.368092
0.383648
0.402300
0.419395
0.430813
0.438591
0.442217
0.446003
0.447315
0.442610
0.431408
0.411869
0.390846
0.368116
0.343128
0.322453
0.304659
0.293447
0.288338
0.284433
0.287552
0.294529
0.299118
0.302296
0.302345
0.302116
0.297894
0.288504
0.278742
0.267895
0.266468
0.272295
0.287397
0.306618
0.327667
0.353672
0.377785
0.401115
0.417923
0.424835
0.432938
0.439737
0.446293
0.452221
0.455360
0.457956
0.455465
0.445005
0.431021
0.412193
0.392162
0.371098
0.347040
0.332174
0.324200
0.324009
0.328625
0.332508
0.334816
0.333244
0.327427
0.315540
0.296238
0.272888
0.246916
0.225956
0.210228
0.200624
0.198215
0.198858
0.210423
0.230171
0.258638
0.290443
0.321270
0.352354
0.377501
0.392387
0.399153
0.396473
0.394602
0.392942
0.389383
0.383511
0.375183
0.374460
0.377361
0.377462
0.376625
0.373230
0.371658
0.369579
0.368916
0.367224
0.359108
0.350109
0.340178
0.333847
0.329098
0.324474
0.326580
0.332375
0.347826
0.367086
0.383308
0.393738
0.397064
0.401932
0.405405
0.401609
0.391996
0.376844
0.361908
0.346994
0.328964
0.312159
0.297224
0.293842
0.299198
0.308990
0.323622
0.341204
0.362701
0.384304
0.401566
0.416622
0.424595
0.427025
0.423182
0.412197
0.400635
0.388588
0.372599
0.364323
0.361504
0.363131
0.365635
0.365257
0.364847
0.360790
0.355713
0.346880
0.334904
0.322758
0.310047
0.304344
0.304436
0.306103
0.310101
0.313377
0.315273
0.313499
0.306702
0.297768
0.285717
0.274296
0.264740
0.257206
0.261726
0.277306
0.303755
0.334858
0.363213
0.389500
0.409916
0.424557
0.430634
0.429495
0.423155
0.410648
0.393822
0.385283
0.387575
0.397303
0.409878
0.428085
0.448769
0.467113
0.483759
0.494560
0.501034
0.497955
0.489689
0.476128
0.457487
0.441217
0.426676
0.421581
0.422878
0.425270
0.428926
0.430605
0.426163
0.418186
0.402733
0.382839
0.358025
0.326185
0.296535
0.269691
0.256348
0.254747
0.263651
0.283546
0.309267
0.338928
0.365822
0.384100
0.400898
0.413206
0.421465
0.426748
0.427170
0.421341
0.411495
0.402576
0.390921
0.379097
0.371582
0.363207
0.355532
0.348122
0.337524
0.329592
0.320011
0.317707
0.317953
0.321257
0.324711
0.324213
0.324337
0.324783
0.328369
0.331215
0.328224
0.322269
0.312813
0.299160
0.287485
0.277042
0.276346
0.281889
0.294117
0.310843
0.326546
0.342846
0.358559
0.369137
0.377625
0.384157
0.391125
0.396061
0.402786
0.410103
0.415306
0.423262
0.433435
0.453518
0.475777
0.495102
0.510967
0.520168
0.525867
0.526985
0.516426
0.498371
0.474110
0.442947
0.408632
0.371534
0.341101
0.316732
0.294338
0.278740
0.267105
0.255676
0.240528
0.220203
0.197048
0.171764
0.147060
0.127045
0.113308
0.105104
0.103857
0.108170
0.116035
0.123949
0.130472
0.134548
0.137291
0.140247
0.141943
0.142481
0.143459
0.143469
0.142424
0.140760
0.139101
0.137066
0.134697
0.132914
0.132225
0.130684
0.129042
0.127905
0.127155
0.124815
0.123135
0.121870
0.120537
0.119015
0.118837
0.117682
0.116375
0.113657
0.111553
0.108303
0.104027
0.100849
0.099085
0.096710
0.094576
0.091496
0.087585
0.082666
0.077583
0.073565
0.071228
0.068970
0.066879
0.063393
0.060612
0.057987
0.054958
0.051880
0.049103
0.045908
0.042173
0.038824
0.036293
0.033684
0.029705
0.024895
0.019184
0.013639
0.008694
0.005478
0.002985
0.001162
-0.000996
-0.002686
-0.005375
-0.009195
-0.013191
-0.016762
-0.019701
-0.019299
-0.016598
-0.013767
-0.011639
-0.010143
-0.011284
-0.015079
-0.021414
-0.028122
-0.036911
-0.045834
-0.053614
-0.058634
-0.062508
-0.067345
-0.072388
-0.077604
-0.084412
-0.091484
-0.098417
-0.103424
-0.108456
-0.113146
-0.118122
-0.122656
-0.127981
-0.135288
-0.142565
-0.149572
-0.155867
-0.162121
-0.168303
-0.174603
-0.181295
-0.188320
-0.193537
-0.198704
-0.204844
-0.211418
-0.217440
-0.223326
-0.229370
-0.235580
-0.242207
-0.248596
-0.254515
-0.260159
-0.263885
-0.268051
-0.272026
-0.276970
-0.282118
-0.287077
-0.291508
-0.295473
-0.298870
-0.301620
-0.304615
-0.307110
-0.309793
-0.313503
-0.316174
-0.316288
-0.314644
-0.313147
-0.310438
-0.305664
-0.298897
-0.291727
-0.283287
-0.273331
-0.264200
-0.255119
-0.245451
-0.236071
-0.228832
-0.221828
-0.216747
-0.213268
-0.210997
-0.209633
-0.207493
-0.204033
-0.201336
-0.198223
-0.196657
-0.193619
-0.189415
-0.186594
-0.184458
-0.185080
-0.187857
-0.192142
-0.198343
-0.205564
-0.213303
-0.221270
-0.229052
-0.237921
-0.245548
-0.253727
-0.262138
-0.269215
-0.275814
-0.283068
-0.289988
-0.296360
-0.300386
-0.304693
-0.309254
-0.314968
-0.320292
-0.322681
-0.324038
-0.324778
-0.325272
-0.324703
-0.321533
-0.317465
-0.313591
-0.313173
-0.312565
-0.311481
-0.311983
-0.312263
-0.314825
-0.319206
-0.323431
-0.327808
-0.331217
-0.334511
-0.337967
-0.340878
-0.342993
-0.342768
-0.339676
-0.334051
-0.325920
-0.315296
-0.305016
-0.295946
-0.287367
-0.279034
-0.272837
-0.268591
-0.267155
-0.267338
-0.265856
-0.261591
-0.256865
-0.251102
-0.243624
-0.233292
-0.225084
-0.218950
-0.212109
-0.205658
-0.200314
-0.198366
-0.198420
-0.197166
-0.194433
-0.189344
-0.184710
-0.180477
-0.178741
-0.178072
-0.178640
-0.181864
-0.186367
-0.192873
-0.200356
-0.205736
-0.213757
-0.223755
-0.235289
-0.247753
-0.259888
-0.272772
-0.284859
-0.296284
-0.305397
-0.311611
-0.314806
-0.315554
-0.315012
-0.317013
-0.319380
-0.322746
-0.327679
-0.334341
-0.341919
-0.348064
-0.353882
-0.358122
-0.362833
-0.367588
-0.371000
-0.375278
-0.380047
-0.386786
-0.393818
-0.398834
-0.403330
-0.404299
-0.400087
-0.392580
-0.380829
-0.368237
-0.356485
-0.345158
-0.336096
-0.328123
-0.322708
-0.318325
-0.314837
-0.308428
-0.299019
-0.289154
-0.280106
-0.276436
-0.277466
-0.282084
-0.291464
-0.302738
-0.315397
-0.325954
-0.333103
-0.335533
-0.332951
-0.325020
-0.316986
-0.311337
-0.310030
-0.312790
-0.318110
-0.324289
-0.329895
-0.335779
-0.339014
-0.337467
-0.333929
-0.325546
-0.317549
-0.309261
-0.300068
-0.294899
-0.292233
-0.294025
-0.298107
-0.302998
-0.310272
-0.317362
-0.323997
-0.328306
-0.328136
-0.322145
-0.313057
-0.307480
-0.304901
-0.305519
-0.307314
-0.309898
-0.316563
-0.321754
-0.328590
-0.334787
-0.336540
-0.337555
-0.338242
-0.337227
-0.337595
-0.340128
-0.346863
-0.358847
-0.372808
-0.391573
-0.411566
-0.433704
-0.453531
-0.473305
-0.491318
-0.504282
-0.514900
-0.521294
-0.524719
-0.526411
-0.525986
-0.528172
-0.530502
-0.536961
-0.546982
-0.557444
-0.569393
-0.579697
-0.591984
-0.604939
-0.614489
-0.620575
-0.621717
-0.618212
-0.610830
-0.599529
-0.585899
-0.568708
-0.553886
-0.540651
-0.527521
-0.517441
-0.508070
-0.501387
-0.496696
-0.492371
-0.493475
-0.500439
-0.512709
-0.526577
-0.539198
-0.551891
-0.559650
-0.563625
-0.564100
-0.559837
-0.552933
-0.542681
-0.534029
-0.527119
-0.520920
-0.517967
-0.517338
-0.520748
-0.523777
-0.522383
-0.518972
-0.512152
-0.506552
-0.501190
-0.493294
-0.485151
-0.475241
-0.464279
-0.451576
-0.433987
-0.410210
-0.385933
-0.366928
-0.352238
-0.337580
-0.329563
-0.327789
-0.330042
-0.337673
-0.347008
-0.359510
-0.372879
-0.384392
-0.395653
-0.405113
-0.414471
-0.422993
-0.430534
-0.441229
-0.452375
-0.466139
-0.482548
-0.498344
-0.514091
-0.528709
-0.544786
-0.559145
-0.574291
-0.586731
-0.593864
-0.596693
-0.595604
-0.593857
-0.589283
-0.580776
-0.570370
-0.559387
-0.550447
-0.542719
-0.533667
-0.526367
-0.518845
-0.516735
-0.516758
-0.516865
-0.521267
-0.526762
-0.530939
-0.536879
-0.541893
-0.546682
-0.551155
-0.558107
-0.564140
-0.566755
-0.569645
-0.572134
-0.574913
-0.575563
-0.572462
-0.568775
-0.562361
-0.559425
-0.558748
-0.555202
-0.550085
-0.541716
-0.528673
-0.513676
-0.493546
-0.472204
-0.448921
-0.422722
-0.399338
-0.380260
-0.369343
-0.364473
-0.373409
-0.393253
-0.418545
-0.448420
-0.479200
-0.509069
-0.534237
-0.550062
-0.559494
-0.563162
-0.563873
-0.561598
-0.555607
-0.551270
-0.548132
-0.544329
-0.545645
-0.549280
-0.555351
-0.561850
-0.569366
-0.574409
-0.573280
-0.569237
-0.561604
-0.550964
-0.539656
-0.528013
-0.521387
-0.517845
-0.515316
-0.515593
-0.516808
-0.519241
-0.519690
-0.519773
-0.517239
-0.509346
-0.499174
-0.485418
-0.469635
-0.452866
-0.433805
-0.418781
-0.407036
-0.394701
-0.384953
-0.376133
-0.372120
-0.368292
-0.365005
-0.359800
-0.352913
-0.347174
-0.344479
-0.342678
-0.344738
-0.350960
-0.366409
-0.389057
-0.417891
-0.447657
-0.475124
-0.502630
-0.528370
-0.552505
-0.570934
-0.584097
-0.595642
-0.603638
-0.606245
-0.603951
-0.600151
-0.598751
-0.596466
-0.595745
-0.594439
-0.590803
-0.590702
-0.589134
-0.584667
-0.573830
-0.556343
-0.532694
-0.507538
-0.485662
-0.465221
-0.446888
-0.434162
-0.427067
-0.422661
-0.423740
-0.426491
-0.431698
-0.435459
-0.432934
-0.432394
-0.431335
-0.430901
-0.428703
-0.422342
-0.416149
-0.411400
-0.410753
-0.411116
-0.409275
-0.407377
-0.404428
-0.404297
-0.406715
-0.408506
-0.418947
-0.435600
-0.457495
-0.481285
-0.502026
-0.520613
-0.532927
-0.541798
-0.545921
-0.543491
-0.542654
-0.542637
-0.544378
-0.546167
-0.550648
-0.554708
-0.553810
-0.550743
-0.543449
-0.538090
-0.533220
-0.525717
-0.517145
-0.509182
-0.501120
-0.492748
-0.487324
-0.486147
-0.485556
-0.486549
-0.487461
-0.485470
-0.486755
-0.485209
-0.478733
-0.465586
-0.444004
-0.417084
-0.387602
-0.358660
-0.330181
-0.303061
-0.281786
-0.268400
-0.265577
-0.273211
-0.287798
-0.315296
-0.352407
-0.391443
-0.427488
-0.455513
-0.474476
-0.487488
-0.495779
-0.506157
-0.514627
-0.523939
-0.532768
-0.543539
-0.549294
-0.543043
-0.526184
-0.498638
-0.460918
-0.420424
-0.378687
-0.345615
-0.320673
-0.307014
-0.302637
-0.301378
-0.310043
-0.323996
-0.345572
-0.370110
-0.393738
-0.419964
-0.441807
-0.461061
-0.472128
-0.473963
-0.472610
-0.467327
-0.455683
-0.441441
-0.425640
-0.416466
-0.412193
-0.411642
-0.411461
-0.409510
-0.411703
-0.413094
-0.416716
-0.418823
-0.418024
-0.418228
-0.418776
-0.423925
-0.431168
-0.438196
-0.454086
-0.475010
-0.496767
-0.518995
-0.540445
-0.561520
-0.578289
-0.585522
-0.580853
-0.565506
-0.540863
-0.509674
-0.471708
-0.430532
-0.388777
-0.349468
-0.339287
-0.356995
-0.391867
-0.434221
-0.486191
-0.543327
-0.599579
-0.655020
-0.706734
-0.756859
-0.803905
-0.845335
-0.886200
-0.925777
-0.971945
-1.021345
-1.068302
-1.114309
-1.154879
-1.191555
-1.221405
-1.241276
-1.254883
-1.259623
-1.256956
-1.245916
-1.224091
-1.198860
-1.172451
-1.143877
-1.106384
-1.055548
-0.997921
-0.936913
-0.879208
-0.824617
-0.775190
-0.738556
-0.713310
-0.696918
-0.683872
-0.672930
-0.659657
-0.638363
-0.613316
-0.586887
-0.565615
-0.548069
-0.529812
-0.514992
-0.502108
-0.496607
-0.495789
-0.493814
-0.491259
-0.487173
-0.477829
-0.466436
-0.451679
-0.441849
-0.436169
-0.436575
-0.440380
-0.444069
-0.451942
-0.461395
-0.469477
-0.479452
-0.488737
-0.500229
-0.512774
-0.521936
-0.530474
-0.538857
-0.549129
-0.558155
-0.574438
-0.594866
-0.614893
-0.635157
-0.653141
-0.666740
-0.673532
-0.670357
-0.661261
-0.644840
-0.629160
-0.612675
-0.595364
-0.586330
-0.583725
-0.589888
-0.600555
-0.610413
-0.622696
-0.633369
-0.636822
-0.636019
-0.629139
-0.623510
-0.616653
-0.611166
-0.602608
-0.589716
-0.576830
-0.562815
-0.544104
-0.525528
-0.508297
-0.490335
-0.469788
-0.448231
-0.426098
-0.410065
-0.400188
-0.394402
-0.400686
-0.421291
-0.454920
-0.494070
-0.533073
-0.577084
-0.622787
-0.665916
-0.711035
-0.755114
-0.794865
-0.825798
-0.842201
-0.845232
-0.836132
-0.824074
-0.802574
-0.768188
-0.726336
-0.679516
-0.629541
-0.570942
-0.505865
-0.440525
-0.375610
-0.313866
-0.266693
-0.234818
-0.219177
-0.214350
-0.218040
-0.232761
-0.253952
-0.281088
-0.308939
-0.334949
-0.361088
-0.382627
-0.412220
-0.446585
-0.480303
-0.515621
-0.548641
-0.582085
-0.612061
-0.632765
-0.645626
-0.651144
-0.659203
-0.666092
-0.667582
-0.667175
-0.666590
-0.666826
-0.665812
-0.659782
-0.651463
-0.638382
-0.626217
-0.611300
-0.592802
-0.581463
-0.574265
-0.572502
-0.573502
-0.573303
-0.571468
-0.564316
-0.554756
-0.539204
-0.516975
-0.492315
-0.467245
-0.452736
-0.445585
-0.445004
-0.454666
-0.470980
-0.493753
-0.518524
-0.540915
-0.561535
-0.578440
-0.599003
-0.621002
-0.638477
-0.653830
-0.666550
-0.680054
-0.691027
-0.698616
-0.699289
-0.692783
-0.687752
-0.684647
-0.678659
-0.675346
-0.673378
-0.677864
-0.685268
-0.692152
-0.701738
-0.709732
-0.717234
-0.721390
-0.718201
-0.712160
-0.701496
-0.691717
-0.678270
-0.659836
-0.641069
-0.621532
-0.609489
-0.604437
-0.599800
-0.599625
-0.601536
-0.604246
-0.610945
-0.616390
-0.623043
-0.628042
-0.635975
-0.644636
-0.650932
-0.657614
-0.661993
-0.669140
-0.676130
-0.680000
-0.689146
-0.700224
-0.713127
-0.723232
-0.728004
-0.730040
-0.726851
-0.722811
-0.715748
-0.703754
-0.690029
-0.674086
-0.660049
-0.647196
-0.633556
-0.629026
-0.628511
-0.631498
-0.634533
-0.632982
-0.627068
-0.615437
-0.602289
-0.585825
-0.567043
-0.551163
-0.537197
-0.535709
-0.544069
-0.556213
-0.574396
-0.595495
-0.620592
-0.642672
-0.657038
-0.667210
-0.671001
-0.676970
-0.684389
-0.688137
-0.690386
-0.691349
-0.691128
-0.689110
-0.681232
-0.671516
-0.659098
-0.653591
-0.651850
-0.649902
-0.646620
-0.639519
-0.641422
-0.645882
-0.646900
-0.649279
-0.650913
-0.651897
-0.648518
-0.637207
-0.623579
-0.607740
-0.595400
-0.584547
-0.570442
-0.558445
-0.548878
-0.546038
-0.547939
-0.552309
-0.559824
-0.570517
-0.588743
-0.608828
-0.625900
-0.643059
-0.656544
-0.668715
-0.677208
-0.677710
-0.674620
-0.668266
-0.669018
-0.671846
-0.675041
-0.675720
-0.671808
-0.672655
-0.674694
-0.672453
-0.668686
-0.658745
-0.644476
-0.626860
-0.604650
-0.584610
-0.566015
-0.552546
-0.540682
-0.529001
-0.527889
-0.534275
-0.544912
-0.556887
-0.566395
-0.577356
-0.588278
-0.599684
-0.608032
-0.613205
-0.625801
-0.642323
-0.664104
-0.685905
-0.704754
-0.722845
-0.736614
-0.748156
-0.752872
-0.750025
-0.742300
-0.729244
-0.717215
-0.706097
-0.692759
-0.685272
-0.680391
-0.680107
-0.684629
-0.688242
-0.693174
-0.697704
-0.695595
-0.693550
-0.700405
-0.711311
-0.718706
-0.725143
-0.727821
-0.729897
-0.725452
-0.708019
-0.683481
-0.652815
-0.627979
-0.608618
-0.592525
-0.582506
-0.581314
-0.592253
-0.610645
-0.628593
-0.646879
-0.662197
-0.681578
-0.700006
-0.711725
-0.720947
-0.726398
-0.726028
-0.723564
-0.716219
-0.706839
-0.695278
-0.677698
-0.659733
-0.642765
-0.631767
-0.624077
-0.616762
-0.608614
-0.598280
-0.600674
-0.611950
-0.629780
-0.649551
-0.666857
-0.684515
-0.696365
-0.696857
-0.692375
-0.682846
-0.670023
-0.655224
-0.636187
-0.618557
-0.602718
-0.595709
-0.595730
-0.604065
-0.618555
-0.633680
-0.652786
-0.673901
-0.703735
-0.736864
-0.767685
-0.797354
-0.822636
-0.845993
-0.860680
-0.862976
-0.859148
-0.848623
-0.835848
-0.818588
-0.797052
-0.783998
-0.776676
-0.777260
-0.782532
-0.788115
-0.795643
-0.799643
-0.802462
-0.799944
-0.790438
-0.783092
-0.774189
-0.765198
-0.754526
-0.739956
-0.727657
-0.713097
-0.700470
-0.687416
-0.672089
-0.665176
-0.664211
-0.670069
-0.678200
-0.685356
-0.696823
-0.708097
-0.715998
-0.721432
-0.722795
-0.728943
-0.735901
-0.737778
-0.739256
-0.738594
-0.739157
-0.740622
-0.742184
-0.748680
-0.756607
-0.765715
-0.776081
-0.782713
-0.790159
-0.795771
-0.800777
-0.803837
-0.808947
-0.812197
-0.808584
-0.808928
-0.806658
-0.803431
-0.796474
-0.783463
-0.768955
-0.749094
-0.731220
-0.713402
-0.693146
-0.680931
-0.674740
-0.678661
-0.687038
-0.698641
-0.714043
-0.728523
-0.743349
-0.754280
-0.759476
-0.762417
-0.760157
-0.760658
-0.761646
-0.759087
-0.758976
-0.760481
-0.760387
-0.759411
-0.754972
-0.747599
-0.736465
-0.720667
-0.704651
-0.686195
-0.675549
-0.670012
-0.670702
-0.672554
-0.670616
-0.666655
-0.658733
-0.650734
-0.638575
-0.623396
-0.609222
-0.596159
-0.589750
-0.586641
-0.585052
-0.590025
-0.599087
-0.620737
-0.648916
-0.677139
-0.706083
-0.730867
-0.753393
-0.770849
-0.778259
-0.778833
-0.772860
-0.765358
-0.756245
-0.741875
-0.728765
-0.716831
-0.716541
-0.723284
-0.730885
-0.744345
-0.759609
-0.778048
-0.795031
-0.803234
-0.806959
-0.803207
-0.797478
-0.785650
-0.766651
-0.744875
-0.720036
-0.699976
-0.681374
-0.663706
-0.651421
-0.642590
-0.640621
-0.644245
-0.649151
-0.663317
-0.684479
-0.712278
-0.740358
-0.765564
-0.791340
-0.813986
-0.834671
-0.849861
-0.856640
-0.859528
-0.857426
-0.853397
-0.847042
-0.835630
-0.822805
-0.808628
-0.798006
-0.789133
-0.777443
-0.771584
-0.770535
-0.769518
-0.765175
-0.755676
-0.751411
-0.748077
-0.747631
-0.747219
-0.742928
-0.740074
-0.735716
-0.732750
-0.730106
-0.725313
-0.722828
-0.719376
-0.716879
-0.713482
-0.707850
-0.702538
-0.696676
-0.695997
-0.697739
-0.700453
-0.709888
-0.723337
-0.743776
-0.766788
-0.788801
-0.811014
-0.830610
-0.843410
-0.853827
-0.858887
-0.855854
-0.849686
-0.844650
-0.838039
-0.827524
-0.823229
-0.824493
-0.830244
-0.836464
-0.839884
-0.845831
-0.849426
-0.852417
-0.849560
-0.838482
-0.824385
-0.805719
-0.778313
-0.742895
-0.700592
-0.663755
-0.633038
-0.606342
-0.587723
-0.576670
-0.576735
-0.583427
-0.591751
-0.605003
-0.618956
-0.641567
-0.667767
-0.696178
-0.721983
-0.742146
-0.758690
-0.767677
-0.766356
-0.759521
-0.746483
-0.730991
-0.713728
-0.698341
-0.683662
-0.667336
-0.657021
-0.650522
-0.652649
-0.658127
-0.664833
-0.675545
-0.686533
-0.699301
-0.710701
-0.717520
-0.722866
-0.725060
-0.719797
-0.712029
-0.703007
-0.691969
-0.678516
-0.667957
-0.658329
-0.646299
-0.634624
-0.624311
-0.621151
-0.623751
-0.627695
-0.636715
-0.648708
-0.668098
-0.690990
-0.712933
-0.736782
-0.758286
-0.785028
-0.813868
-0.837948
-0.861814
-0.882126
-0.902662
-0.919044
-0.926727
-0.924448
-0.913013
-0.898420
-0.877645
-0.851299
-0.825041
-0.798321
-0.777782
-0.764175
-0.754299
-0.744240
-0.739515
-0.741041
-0.743488
-0.742338
-0.741270
-0.736412
-0.724699
-0.711344
-0.696882
-0.684219
-0.671555
-0.656187
-0.642197
-0.627924
-0.622713
-0.625429
-0.630394
-0.640913
-0.653549
-0.668821
-0.683020
-0.693090
-0.702850
-0.710487
-0.719135
-0.727242
-0.735596
-0.741941
-0.744968
-0.749155
-0.752762
-0.752308
-0.746090
-0.735058
-0.732677
-0.738071
-0.750935
-0.768000
-0.786982
-0.808632
-0.826229
-0.841660
-0.853445
-0.858938
-0.865297
-0.869450
-0.872366
-0.871738
-0.866514
-0.861530
-0.855309
-0.844812
-0.827618
-0.806784
-0.786554
-0.764793
-0.749767
-0.739407
-0.730082
-0.724127
-0.720291
-0.716976
-0.716280
-0.713745
-0.711378
-0.708193
-0.706718
-0.704292
-0.699173
-0.702175
-0.709949
-0.724855
-0.742167
-0.758268
-0.774458
-0.784986
-0.787094
-0.782673
-0.771357
-0.757324
-0.740112
-0.728138
-0.720274
-0.713602
-0.713194
-0.715574
-0.718349
-0.722002
-0.722813
-0.721590
-0.715870
-0.713631
-0.712160
-0.706238
-0.700121
-0.691587
-0.686867
-0.683208
-0.675228
-0.664701
-0.651810
-0.645212
-0.642361
-0.639748
-0.642391
-0.648102
-0.660229
-0.675352
-0.687935
-0.700748
-0.712215
-0.718138
-0.728416
-0.740368
-0.752600
-0.765965
-0.775917
-0.785456
-0.792269
-0.796919
-0.796774
-0.796570
-0.793348
-0.785727
-0.782145
-0.780975
-0.780294
-0.784660
-0.790594
-0.800346
-0.809324
-0.813887
-0.815943
-0.813208
-0.810108
-0.806957
-0.809429
-0.813190
-0.815222
-0.819038
-0.821075
-0.821283
-0.816246
-0.804222
-0.787453
-0.764381
-0.743996
-0.724237
-0.703352
-0.687073
-0.675274
-0.665491
-0.659519
-0.655685
-0.654079
-0.653856
-0.652445
-0.651882
-0.651360
-0.655058
-0.660910
-0.675766
-0.695871
-0.716227
-0.738914
-0.760115
-0.778387
-0.790937
-0.792933
-0.788689
-0.776842
-0.763910
-0.748919
-0.731709
-0.716778
-0.704716
-0.698185
-0.693850
-0.691357
-0.696653
-0.708752
-0.722004
-0.737753
-0.751694
-0.765293
-0.775204
-0.781509
-0.783092
-0.776678
-0.772184
-0.767376
-0.762302
-0.755733
-0.747114
-0.740892
-0.732195
-0.724171
-0.716295
-0.706625
-0.697777
-0.689371
-0.681377
-0.681679
-0.688385
-0.703232
-0.720757
-0.743179
-0.764971
-0.782965
-0.800369
-0.813908
-0.820740
-0.830603
-0.841463
-0.853607
-0.865616
-0.879818
-0.893501
-0.902657
-0.910400
-0.914768
-0.916466
-0.915043
-0.907413
-0.897482
-0.884449
-0.876654
-0.873205
-0.870298
-0.872135
-0.874533
-0.875504
-0.873741
-0.869621
-0.864714
-0.858398
-0.851843
-0.843462
-0.832293
-0.822281
-0.811407
-0.799280
-0.786556
-0.772516
-0.759275
-0.744843
-0.728205
-0.716949
-0.708607
-0.704382
-0.703445
-0.702860
-0.704109
-0.704954
-0.708332
-0.711792
-0.717216
-0.721991
-0.723560
-0.726028
-0.728266
-0.737827
-0.753372
-0.770676
-0.790915
-0.812204
-0.835138
-0.855148
-0.867767
-0.875427
-0.878349
-0.879513
-0.875093
-0.865005
-0.853973
-0.842218
-0.832016
-0.823692
-0.816128
-0.812828
-0.812048
-0.816339
-0.821014
-0.825205
-0.830362
-0.835060
-0.840046
-0.844097
-0.845686
-0.848042
-0.848995
-0.849850
-0.850798
-0.848848
-0.846958
-0.844116
-0.845451
-0.847837
-0.846951
-0.843555
-0.838520
-0.832249
-0.823895
-0.810492
-0.793232
-0.773018
-0.748837
-0.726971
-0.708349
-0.697239
-0.693363
-0.694748
-0.701258
-0.711025
-0.724915
-0.739265
-0.754599
-0.767565
-0.776346
-0.787523
-0.799652
-0.813677
-0.827240
-0.839878
-0.851357
-0.860418
-0.865871
-0.868259
-0.865742
-0.860689
-0.853832
-0.846008
-0.837179
-0.826099
-0.819887
-0.817453
-0.819038
-0.822384
-0.826330
-0.831421
-0.834652
-0.836971
-0.836817
-0.832693
-0.828779
-0.824396
-0.821798
-0.820751
-0.817680
-0.816013
-0.814974
-0.815691
-0.815361
-0.811447
-0.807138
-0.802000
-0.794838
-0.784058
-0.769350
-0.754084
-0.736553
-0.718821
-0.706472
-0.698469
-0.696171
-0.695316
-0.698990
-0.703060
-0.704939
-0.706821
-0.707275
-0.709755
-0.713476
-0.717205
-0.722860
-0.730074
-0.740618
-0.751663
-0.761576
-0.771542
-0.780266
-0.786537
-0.795258
-0.805511
-0.820005
-0.834923
-0.851772
-0.866390
-0.876419
-0.883867
-0.888918
-0.891233
-0.889774
-0.883240
-0.877398
-0.871553
-0.869072
-0.870550
-0.872747
-0.875496
-0.876438
-0.878510
-0.876297
-0.868729
-0.859898
-0.848270
-0.837067
-0.826714
-0.815920
-0.808605
-0.804626
-0.808067
-0.817373
-0.827555
-0.837576
-0.846554
-0.855207
-0.862438
-0.865986
-0.866373
-0.863857
-0.860474
-0.855659
-0.847637
-0.839115
-0.829659
-0.818848
-0.809303
-0.800510
-0.793669
-0.788042
-0.785309
-0.783188
-0.779644
-0.775911
-0.770660
-0.766712
-0.760435
-0.749359
-0.737726
-0.725706
-0.714581
-0.705359
-0.697414
-0.693535
-0.694067
-0.699274
-0.707603
-0.716326
-0.726250
-0.735121
-0.746197
-0.757862
-0.767447
-0.776545
-0.784927
-0.795269
-0.806036
-0.816282
-0.827429
-0.838480
-0.852821
-0.868479
-0.882172
-0.895607
-0.907856
-0.918850
-0.925747
-0.928450
-0.926624
-0.919897
-0.909363
-0.896406
-0.879906
-0.864389
-0.847013
-0.833633
-0.823690
-0.815836
-0.811831
-0.811234
-0.814751
-0.818647
-0.823265
-0.830875
-0.840347
-0.852419
-0.865463
-0.874378
-0.881962
-0.886782
-0.887556
-0.885477
-0.879068
-0.871998
-0.863907
-0.858231
-0.854343
-0.851578
-0.850306
-0.850565
-0.853807
-0.858538
-0.862450
-0.865486
-0.868017
-0.868847
-0.865868
-0.858959
-0.851828
-0.844633
-0.837461
-0.831142
-0.823324
-0.815939
-0.807796
-0.801100
-0.793299
-0.782818
-0.774773
-0.767485
-0.759600
-0.752012
-0.745600
-0.740288
-0.735334
-0.730980
-0.726482
-0.720905
-0.717512
-0.715170
-0.715361
-0.717247
-0.719654
-0.723494
-0.729675
-0.739796
-0.751272
-0.762306
-0.774256
-0.785862
-0.799442
-0.811888
-0.822084
-0.831215
-0.838657
-0.844206
-0.849281
-0.852314
-0.855850
-0.858685
-0.864567
-0.871862
-0.878956
-0.886871
-0.895203
-0.903816
-0.911644
-0.918228
-0.923180
-0.926712
-0.930702
-0.934080
-0.934446
-0.931374
-0.927658
-0.927526
-0.929485
-0.928915
-0.928246
-0.926239
-0.924881
-0.923355
-0.918692
-0.914047
-0.908119
-0.902134
-0.895880
-0.887815
-0.878735
-0.869169
-0.862278
-0.854799
-0.845959
-0.838772
-0.833576
-0.829590
-0.825508
-0.824186
-0.826590
-0.830536
-0.836496
-0.843319
-0.849880
-0.858891
-0.868681
-0.876896
-0.883410
-0.888363
-0.892538
-0.894333
-0.896284
-0.896439
-0.894125
-0.891237
-0.889093
-0.887510
-0.885262
-0.882586
-0.881416
-0.882095
-0.882828
-0.884096
-0.885626
-0.886913
-0.888657
-0.887562
-0.885626
-0.883263
-0.879936
-0.876152
-0.872324
-0.867020
-0.859148
-0.848539
-0.835077
-0.823101
-0.812233
-0.801485
-0.792288
-0.782173
-0.772919
-0.764271
-0.753258
-0.743670
-0.733889
-0.724308
-0.715904
-0.707935
-0.703447
-0.700790
-0.700867
-0.702650
-0.705481
-0.709831
-0.713688
-0.716934
-0.718805
-0.718472
-0.716869
-0.715111
-0.712486
-0.710155
-0.707081
-0.705065
-0.704103
-0.704243
-0.706385
-0.709892
-0.715410
-0.721922
-0.729733
-0.737551
-0.744963
-0.753330
-0.761156
-0.768747
-0.774500
-0.780294
-0.786404
-0.792290
-0.798706
-0.805361
-0.810467
-0.816217
-0.822113
-0.826969
-0.831238
-0.834810
-0.836847
-0.837320
-0.837418
-0.837212
-0.835434
-0.834837
-0.835447
-0.838421
-0.841515
-0.844519
-0.847454
-0.850510
-0.851980
-0.853027
-0.853155
-0.852087
-0.849182
-0.848917
-0.849613
-0.849810
-0.851997
-0.855368
-0.858776
-0.862068
-0.864401
-0.866159
-0.868923
-0.872263
-0.875875
-0.880430
-0.884981
-0.888826
-0.892124
-0.894379
-0.896460
-0.899473
-0.901297
-0.904615
-0.907501
-0.908398
-0.909971
-0.911398
-0.912312
-0.912111
-0.910889
-0.908173
-0.904533
-0.901947
-0.898350
-0.894325
-0.890226
-0.884359
-0.877522
-0.871670
-0.865009
-0.857927
-0.849485
-0.841663
-0.835327
-0.828197
-0.821642
-0.816780
-0.814182
-0.812502
-0.810526
-0.808525
-0.805548
-0.801584
-0.798868
-0.795959
-0.793217
-0.791243
-0.788317
-0.786726
-0.785601
-0.783791
-0.781723
-0.779259
-0.775808
-0.771349
-0.766037
-0.760626
-0.755777
-0.752829
-0.750122
-0.746819
-0.742712
-0.739895
-0.737480
-0.735308
-0.734818
-0.734451
-0.734091
-0.734554
-0.735146
-0.735014
-0.735477
-0.735313
-0.735535
-0.736155
-0.736130
-0.736504
-0.736500
-0.737083
-0.738224
-0.739786
-0.741003
-0.742270
-0.742355
-0.742586
-0.743141
-0.742533
-0.741461
-0.742996
-0.744701
-0.746098
-0.746136
-0.746897
-0.747576
-0.748074
-0.748795
-0.750401
-0.751781
-0.751965
-0.751717
-0.751783
-0.752136
-0.753277
-0.754187
-0.754467
-0.755541
-0.755638
-0.755491
-0.755726
-0.755665
-0.755543
-0.755550
-0.754353
-0.752289
-0.750879
-0.749693
-0.748646
-0.749046
-0.749260
-0.750769
-0.752472
-0.752853
-0.752176
-0.750704
-0.749247
-0.748083
-0.747015
-0.746080
-0.745062
-0.744179
-0.743393
-0.742638
-0.741587
-0.740330
-0.739027
-0.737310
-0.735771
-0.734270
-0.732664
-0.731258
-0.729858
-0.728464
-0.726664
-0.724604
-0.723949
-0.722477
-0.720293
-0.717976
-0.715851
-0.713669
-0.711380
-0.709129
-0.706360
-0.703262
-0.701130
-0.697838
-0.694468
-0.691429
-0.688047
-0.684807
-0.682379
-0.680519
-0.678303
-0.676163
-0.672892
-0.669245
-0.665470
-0.660641
-0.656500
-0.653337
-0.649994
-0.646408
-0.642429
-0.638508
-0.634888
-0.630707
-0.626181
-0.621601
-0.616709
-0.611933
-0.607666
-0.603685
-0.598200
-0.593197
-0.587843
-0.582954
-0.578491
-0.574682
-0.570852
-0.566444
-0.561043
-0.555370
-0.550350
-0.545485
-0.540020
-0.533121
-0.527189
-0.520227
-0.513386
-0.508339
-0.504435
-0.500334
-0.497492
-0.494251
-0.489267
-0.483143
-0.476109
-0.468632
-0.461206
-0.454138
-0.446405
-0.439306
-0.432932
-0.427795
-0.423883
-0.419230
-0.413887
-0.407150
-0.399216
-0.391071
-0.383499
-0.376410
-0.370014
-0.363882
-0.357618
-0.351612
-0.345978
-0.340813
-0.336016
-0.331657
-0.327442
-0.324865
-0.321901
-0.318035
-0.314159
-0.309324
-0.301949
-0.292732
-0.284393
-0.277498
-0.270489
-0.263500
-0.256950
-0.251036
-0.244585
-0.238838
-0.235064
-0.229731
-0.224239
-0.219038
-0.213234
-0.205919
-0.198177
-0.190136
-0.183453
-0.176605
-0.169567
-0.160933
-0.152113
-0.144369
-0.136236
-0.128302
-0.120020
-0.112425
-0.105894
-0.099852
-0.095211
-0.089632
-0.082872
-0.076206
-0.067106
-0.056368
-0.044031
-0.031752
-0.021107
-0.011698
-0.003302
0.005127
0.012236
0.017614
0.023682
0.029581
0.035955
0.042240
0.047876
0.055058
0.063057
0.073360
0.082130
0.088852
0.093906
0.098103
0.102406
0.104519
0.104483
0.104559
0.104189
0.104578
0.106194
0.107756
0.108950
0.109116
0.111494
0.113363
0.113163
0.112427
0.110611
0.110960
0.113775
0.116520
0.118618
0.118690
0.116632
0.115625
0.114737
0.113377
0.109222
0.101543
0.092745
0.082905
0.073423
0.066071
0.060474
0.057396
0.055698
0.056282
0.058834
0.061707
0.065132
0.067739
0.071968
0.076902
0.082026
0.086483
0.089142
0.093380
0.099808
0.106693
0.113075
0.118620
0.124166
0.129501
0.135153
0.140131
0.142582
0.145292
0.147739
0.151924
0.157166
0.163055
0.171423
0.181343
0.193159
0.205853
0.218725
0.232880
0.246761
0.259228
0.270004
0.276436
0.280338
0.282448
0.282820
0.282341
0.280975
0.280762
0.280788
0.283434
0.286179
0.289057
0.292665
0.295353
0.295670
0.296381
0.298855
0.304214
0.310705
0.317362
0.325003
0.332500
0.340069
0.344837
0.346523
0.345158
0.341148
0.333597
0.324169
0.313240
0.302212
0.290146
0.278614
0.266447
0.256025
0.245522
0.233633
0.224478
0.217228
0.213213
0.209257
0.204308
0.201481
0.197897
0.193958
0.187798
0.177832
0.166256
0.152458
0.138914
0.128439
0.120678
0.117495
0.117491
0.118225
0.122126
0.128086
0.138962
0.152199
0.167046
0.181086
0.193600
0.202188
0.206757
0.205460
0.201057
0.191648
0.184410
0.179161
0.173145
0.169104
0.166096
0.164202
0.160933
0.156265
0.147886
0.136772
0.124399
0.112148
0.104074
0.098766
0.095684
0.096775
0.099192
0.102365
0.105095
0.106936
0.108576
0.110395
0.114227
0.119314
0.124775
0.131592
0.139257
0.150455
0.162857
0.174696
0.185699
0.196436
0.208424
0.219145
0.226162
0.235081
0.244711
0.255030
0.264057
0.270523
0.277702
0.282564
0.287191
0.290678
0.290035
0.288965
0.286997
0.284708
0.281591
0.276901
0.275175
0.274294
0.276344
0.278233
0.278681
0.278927
0.276300
0.271408
0.262516
0.248802
0.233210
0.215349
0.198126
0.181971
0.163937
0.147911
0.133854
0.122440
0.112881
0.103704
0.097954
0.093258
0.092991
0.094410
0.095289
0.100521
0.106663
0.113865
0.119722
0.121613
0.122913
0.121235
0.117489
0.112638
0.103390
0.095547
0.087246
0.078772
0.070568
0.061535
0.055080
0.050571
0.048256
0.046600
0.044090
0.041981
0.039818
0.044336
0.053490
0.064333
0.077667
0.092571
0.110622
0.128654
0.143576
0.157104
0.167692
0.177330
0.184381
0.189734
0.198414
0.208641
0.222305
0.235878
0.247576
0.258152
0.266186
0.272388
0.276207
0.276632
0.278090
0.278198
0.277702
0.275356
0.270008
0.264610
0.256575
0.250332
0.242672
0.231705
0.218426
0.202213
0.181944
0.162498
0.143356
0.130016
0.120737
0.112703
0.106945
0.102364
0.099962
0.098669
0.097130
0.094959
0.090885
0.091030
0.093462
0.094864
0.096779
0.100117
0.103933
0.105865
0.103045
0.098734
0.091759
0.083336
0.072355
0.065258
0.062044
0.059174
0.056759
0.055552
0.057384
0.059544
0.058592
0.056152
0.051270
0.049536
0.051205
0.054752
0.063646
0.077093
0.091534
0.109236
0.126390
0.147236
0.167749
0.184984
0.199295
0.209715
0.221052
0.230419
0.239491
0.245693
0.247215
0.248840
0.248661
0.247641
0.243176
0.235998
0.229496
0.219543
0.211981
0.205097
0.195169
0.185596
0.176468
0.169249
0.161747
0.152119
0.141579
0.128490
0.113050
0.102922
0.097908
0.098423
0.102396
0.110472
0.118320
0.122087
0.122717
0.119431
0.119068
0.121384
0.122108
0.122883
0.124571
0.123615
0.122889
0.119148
0.109104
0.095352
0.081783
0.072666
0.067158
0.067394
0.071146
0.078110
0.090214
0.102192
0.114538
0.125113
0.130169
0.138420
0.150480
0.166281
0.183270
0.203415
0.224892
0.243242
0.258837
0.270294
0.274523
0.276758
0.277090
0.276478
0.271606
0.267429
0.262548
0.256994
0.250986
0.244328
0.236395
0.229431
0.222433
0.217417
0.210611
0.203785
0.195225
0.182878
0.171824
0.161953
0.151928
0.145424
0.140074
0.139334
0.141432
0.142517
0.146107
0.149235
0.153717
0.157957
0.159046
0.160467
0.158884
0.157749
0.154856
0.153448
0.151922
0.147993
0.146004
0.144279
0.145180
0.146942
0.146503
0.148924
0.153744
0.163704
0.175911
0.186766
0.201038
0.215912
0.227680
0.239422
0.250051
0.262646
0.275564
0.290001
0.302542
0.312466
0.327223
0.341442
0.351437
0.358324
0.361343
0.360430
0.352982
0.341915
0.326508
0.302551
0.276394
0.247936
0.221731
0.198641
0.178049
0.167229
0.165358
0.171898
0.181646
0.190012
0.198814
0.205120
0.210552
0.211208
0.203266
0.191307
0.175354
0.157833
0.139423
0.117676
0.103012
0.095854
0.096294
0.100918
0.107014
0.118418
0.130327
0.139778
0.150169
0.160038
0.175068
0.190449
0.203447
0.216875
0.228031
0.242796
0.257080
0.271515
0.281338
0.283422
0.280426
0.271252
0.256269
0.244938
0.237455
0.234512
0.231951
0.232153
0.231657
0.226784
0.217321
0.203989
0.190815
0.176750
0.162971
0.157501
0.158287
0.168322
0.182135
0.193996
0.206570
0.215714
0.214840
0.209545
0.198181
0.185013
0.169867
0.156357
0.144806
0.134212
0.132122
0.136051
0.144693
0.153217
0.159998
0.168491
0.175993
0.182449
0.185614
0.185066
0.186003
0.186695
0.186413
0.195848
0.212269
0.235779
0.261965
0.284922
0.296154
0.292515
0.285656
0.273327
0.257404
0.238201
0.214542
0.188446
0.154545
0.112026
0.060587
0.000168
-0.060865
-0.118271
-0.162151
-0.191868
-0.206690
-0.203102
-0.185049
-0.156397
-0.123524
-0.093096
-0.063486
-0.038065
-0.014025
0.005848
0.018902
0.031118
0.042084
0.056175
0.074722
0.093630
0.116028
0.138203
0.163877
0.187458
0.204979
0.219330
0.229321
0.240223
0.251415
0.258360
0.267326
0.275303
0.288582
0.303974
0.314110
0.321522
0.324438
0.323349
0.315744
0.297432
0.273216
0.243948
0.214689
0.186798
0.159883
0.147779
0.150015
0.161602
0.181540
0.206234
0.234129
0.257959
0.270214
0.273048
0.265779
0.253071
0.234303
0.209564
0.192053
0.182810
0.183670
0.189861
0.203430
0.222189
0.238071
0.253101
0.263096
0.270676
0.274677
0.271856
0.267864
0.263512
0.262615
0.263241
0.260948
0.260906
0.261343
0.268698
0.279970
0.289534
0.299006
0.305357
0.311987
0.315115
0.308853
0.296658
0.274107
0.248585
0.222836
0.196798
0.177834
0.164429
0.154102
0.154797
0.162777
0.176716
0.190674
0.199020
0.206167
0.208111
0.208624
0.205545
0.201128
0.194771
0.185431
0.179253
0.176712
0.179249
0.184097
0.190065
0.195812
0.209927
0.229317
0.248322
0.270956
0.298901
0.327723
0.357002
0.380676
0.394602
0.401659
0.400793
0.399288
0.394295
0.381668
0.367060
0.348089
0.329777
0.311163
0.289352
0.267820
0.244982
0.229322
0.220144
0.214312
0.214943
0.219025
0.221027
0.221403
0.216503
0.208286
0.194210
0.177679
0.158398
0.137892
0.125563
0.120668
0.122627
0.136139
0.155401
0.175259
0.204582
0.243359
0.284166
0.318270
0.350664
0.377506
0.396305
0.409241
0.413712
0.411711
0.401993
0.388567
0.370365
0.344639
0.319447
0.296074
0.278370
0.264528
0.251291
0.242958
0.237467
0.240442
0.247028
0.252771
0.255905
0.255699
0.248909
0.248638
0.250452
0.255739
0.260286
0.259478
0.253441
0.226938
0.166073
0.069733
-0.057867
-0.195683
-0.330513
-0.441181
-0.518572
-0.550730
-0.536335
-0.486734
-0.408489
-0.319916
-0.229424
-0.147114
-0.079245
-0.020428
0.027088
0.066013
0.092886
0.106871
0.114563
0.114958
0.112759
0.110023
0.107330
0.108576
0.112993
0.123117
0.132885
0.138247
0.145893
0.150957
0.161028
0.172750
0.180101
0.188625
0.195616
0.203581
0.209257
0.209202
0.205536
0.198385
0.186497
0.176132
0.168098
0.168055
0.175848
0.189774
0.210087
0.233538
0.266344
0.304319
0.337566
0.366995
0.390989
0.408623
0.415850
0.408686
0.393208
0.368813
0.342100
0.312309
0.280191
0.257227
0.242714
0.238792
0.243500
0.251125
0.263214
0.275364
0.285799
0.291407
0.287125
0.279114
0.266745
0.251387
0.234524
0.215633
0.200554
0.188711
0.186174
0.190771
0.204611
0.222008
0.238916
0.256371
0.270586
0.281536
0.287092
0.286913
0.286221
0.282362
0.273849
0.273991
0.282000
0.299175
0.320641
0.344925
0.365219
0.376787
0.380953
0.375259
0.370207
0.361694
0.349720
0.338341
0.327595
0.321272
0.315800
0.307030
0.296080
0.284346
0.277889
0.273569
0.268120
0.265015
0.262777
0.259218
0.257311
0.255280
0.253828
0.249542
0.239822
0.235893
0.237980
0.248871
0.266373
0.285675
0.311796
0.338499
0.367224
0.391232
0.405758
0.420759
0.435413
0.453356
0.472099
0.487160
0.500828
0.511236
0.520969
0.523624
0.515091
0.499180
0.476610
0.453571
0.427998
0.398499
0.376837
0.364239
0.360575
0.361359
0.367447
0.373823
0.375128
0.371531
0.360783
0.340946
0.317764
0.290754
0.273300
0.263884
0.257935
0.258303
0.265121
0.279861
0.296232
0.306585
0.311878
0.311983
0.305393
0.292513
0.279633
0.273151
0.271330
0.272358
0.276791
0.281830
0.290154
0.292213
0.289692
0.272951
0.241299
0.202618
0.161715
0.128490
0.104706
0.090252
0.092216
0.107174
0.134254
0.164215
0.189407
0.218643
0.248093
0.279667
0.305777
0.322447
0.335556
0.342371
0.344641
0.339746
0.324558
0.307091
0.289946
0.279305
0.273314
0.269753
0.275101
0.286482
0.306349
0.329809
0.350529
0.370037
0.384384
0.388802
0.382635
0.373817
0.366123
0.356606
0.341648
0.328358
0.313406
0.300240
0.283348
0.260746
0.231358
0.192907
0.146120
0.099281
0.053276
0.016979
-0.003992
-0.013849
-0.014851
-0.002834
0.019571
0.043934
0.073231
0.102976
0.134773
0.164490
0.189632
0.213614
0.236893
0.262749
0.287865
0.314684
0.336853
0.349522
0.354996
0.355297
0.350275
0.347425
0.347126
0.353243
0.361752
0.368956
0.378941
0.389320
0.402931
0.415657
0.421782
0.425545
0.425062
0.424183
0.418995
0.407152
0.394192
0.378464
0.369823
0.364630
0.366316
0.370987
0.372364
0.373514
0.370670
0.357048
0.337151
0.309437
0.279495
0.248358
0.223648
0.205690
0.193884
0.194738
0.204727
0.219610
0.239355
0.259422
0.281048
0.300371
0.319237
0.334435
0.343569
0.351368
0.355015
0.359800
0.358345
0.349081
0.337126
0.321007
0.307487
0.295115
0.282349
0.273741
0.269089
0.263771
0.262203
0.261621
0.262112
0.259663
0.251396
0.243053
0.232450
0.228102
0.228436
0.229122
0.231867
0.235594
0.244240
0.253115
0.256901
0.259026
0.257113
0.258348
0.262402
0.265961
0.279129
0.301569
0.332298
0.366095
0.404293
0.438160
0.462244
0.474564
0.476456
0.467171
0.456329
0.442604
0.423376
0.405867
0.390190
0.378475
0.367155
0.356735
0.340542
0.317444
0.292442
0.265625
0.243299
0.225145
0.222513
0.231079
0.241804
0.256578
0.272060
0.282642
0.291021
0.293695
0.293112
0.287445
0.282537
0.277578
0.270063
0.267141
0.271526
0.285433
0.305035
0.325417
0.348911
0.372665
0.396111
0.414848
0.426691
0.440529
0.455236
0.469873
0.482677
0.487717
0.490784
0.487938
0.476181
0.458275
0.433182
0.405552
0.375483
0.343338
0.316189
0.294733
0.278301
0.275787
0.281975
0.295851
0.312016
0.322765
0.330809
0.333824
0.328009
0.310360
0.295202
0.282310
0.274389
0.270082
0.268795
0.276409
0.291527
0.306540
0.320896
0.333027
0.346163
0.355621
0.358326
0.360319
0.361311
0.366495
0.371235
0.376959
0.378242
0.372429
0.363575
0.352640
0.337564
0.321602
0.304384
0.292503
0.281794
0.277676
0.277481
0.275993
0.281868
0.292465
0.307636
0.322063
0.330029
0.335234
0.334242
0.323776
0.307589
0.288115
0.272532
0.261204
0.251217
0.249500
0.254787
0.271627
0.294537
0.315060
0.335373
0.351692
0.368793
0.383511
0.397633
0.407932
0.409847
0.408468
0.403109
0.390387
0.377281
0.361488
0.346289
0.330719
0.313377
0.299986
0.288479
0.283373
0.282619
0.280693
0.281349
0.281567
0.284313
0.286240
0.282967
0.277727
0.270489
0.264408
0.258854
0.252106
0.248848
0.249002
0.257233
0.269402
0.288506
0.310347
0.331879
0.354355
0.371689
0.378338
0.376286
0.365667
0.349915
0.329372
0.311428
0.297625
0.285406
0.286913
0.298508
0.319111
0.341394
0.358093
0.365370
0.361240
0.351934
0.341780
0.328957
0.315020
0.300264
0.283440
0.269337
0.253265
0.239971
0.224531
0.203129
0.179193
0.152451
0.131895
0.117891
0.109444
0.117228
0.141296
0.179359
0.223396
0.272736
0.319769
0.357754
0.388054
0.407560
0.415621
0.417347
0.411312
0.404221
0.396645
0.385788
0.378853
0.373228
0.369749
0.365273
0.367512
0.372475
0.375500
0.380554
0.384417
0.384674
0.385275
0.382673
0.379528
0.373722
0.363403
0.352705
0.340771
0.332645
0.326790
0.330837
0.339735
0.348139
0.356144
0.361206
0.359581
0.357105
0.351360
0.338165
0.318041
0.304678
0.298641
0.296257
0.300997
0.310478
0.326206
0.343771
0.352755
0.355520
0.350275
0.339653
0.322514
0.300480
0.282248
0.267986
0.260349
0.255985
0.251493
0.246941
0.241093
0.235023
0.228823
0.221403
0.222374
0.231262
0.247707
0.266605
0.282982
0.299423
0.312370
0.317476
0.318253
0.311697
0.301619
0.287218
0.267902
0.253447
0.245483
0.244865
0.248697
0.252842
0.261677
0.271015
0.283360
0.295753
0.310419
0.325001
0.336079
0.349548
0.360956
0.375263
0.389757
0.401400
0.414190
0.424355
0.436127
0.444433
0.447206
0.447941
0.445679
0.442661
0.437935
0.427948
0.415762
0.400827
0.388100
0.375923
0.361012
0.348248
0.338661
0.334646
0.335098
0.335281
0.336758
0.338642
0.337788
0.337046
0.331577
0.324640
0.314903
0.304863
0.294384
0.283041
0.275347
0.270063
0.276108
0.290668
0.306591
0.325939
0.346550
0.368771
0.386528
0.396072
0.396994
0.390375
0.375111
0.360373
0.343895
0.333025
0.327362
0.324869
0.322193
0.323086
0.330952
0.339077
0.341927
0.342365
0.338078
0.333580
0.327883
0.319510
0.312641
0.304739
0.299007
0.294350
0.288898
0.285202
0.281887
0.283888
0.287945
0.290586
0.293600
0.294235
0.296766
0.297260
0.293877
0.289804
0.284492
0.279938
0.276594
0.273573
0.274469
0.277060
0.285545
0.297527
0.311239
0.328979
0.348705
0.375725
0.406590
0.434395
0.461155
0.484642
0.505749
0.520380
0.527679
0.525711
0.513092
0.494631
0.471687
0.445160
0.420666
0.399029
0.384485
0.374943
0.367489
0.364904
0.363613
0.364168
0.364216
0.359228
0.353212
0.346239
0.340212
0.334534
0.327454
0.321148
0.316105
0.315907
0.316673
0.313000
0.310461
0.307293
0.304874
0.301517
0.300179
0.298946
0.295528
0.293079
0.292679
0.291092
0.293652
0.300671
0.316681
0.337826
0.363544
0.389530
0.411537
0.434086
0.451618
0.465317
0.474670
0.478268
0.480501
0.478989
0.473709
0.468315
0.461689
0.454805
0.446499
0.439041
0.429272
0.416794
0.410664
0.408916
0.410275
0.414761
0.417850
0.420883
0.418242
0.410225
0.397896
0.381182
0.364586
0.348673
0.335989
0.326801
0.319218
0.316240
0.314150
0.315264
0.317310
0.314398
0.308638
0.299454
0.290880
0.281807
0.270905
0.262716
0.258804
0.267172
0.285814
0.308189
0.336256
0.366514
0.394188
0.420210
0.438707
0.444067
0.442953
0.437122
0.428135
0.417290
0.410585
0.407448
0.405586
0.405800
0.405787
0.406914
0.404984
0.397863
0.387571
0.373108
0.358793
0.343903
0.328035
0.317699
0.311039
0.308065
0.306980
0.305155
0.305893
0.305777
0.308445
0.309513
0.307430
0.305693
0.304783
0.301054
0.299614
0.299042
0.300728
0.301353
0.302828
0.301346
0.296646
0.292795
0.287516
0.283281
0.279842
0.273556
0.268200
0.262671
0.260706
0.261486
0.264126
0.272997
0.284912
0.299814
0.315586
0.329685
0.342752
0.353203
0.361422
0.367397
0.375748
0.384106
0.391582
0.401937
0.414585
0.426233
0.438044
0.449198
0.459137
0.464756
0.463608
0.459702
0.454493
0.447599
0.440639
0.433310
0.427677
0.421513
0.416512
0.410509
0.401016
0.391977
0.382471
0.373444
0.363712
0.352247
0.343779
0.336773
0.333586
0.331696
0.331467
0.334122
0.337599
0.345116
0.352440
0.357967
0.363182
0.366297
0.370800
0.371799
0.366997
0.363466
0.359776
0.357090
0.351688
0.344406
0.332630
0.318260
0.301491
0.286377
0.273735
0.265181
0.262283
0.269581
0.284386
0.303833
0.327087
0.351204
0.374886
0.393150
0.401363
0.403160
0.398085
0.388416
0.380856
0.376339
0.372618
0.371605
0.376396
0.383343
0.391087
0.394932
0.394833
0.393250
0.386106
0.374231
0.357351
0.333981
0.311161
0.288128
0.266373
0.251291
0.242821
0.241747
0.244518
0.249268
0.253822
0.257242
0.260635
0.263727
0.269463
0.275200
0.279446
0.287256
0.297117
0.308477
0.318562
0.325497
0.330370
0.332779
0.332600
0.331043
0.326881
0.321888
0.313528
0.299997
0.286625
0.272072
0.263947
0.260508
0.258888
0.262138
0.267677
0.276060
0.283758
0.286568
0.283592
0.276354
0.268833
0.262835
0.264233
0.272226
0.284975
0.305088
0.328926
0.355865
0.379925
0.399345
0.415283
0.426157
0.430696
0.433208
0.434273
0.436556
0.439419
0.443449
0.447313
0.451099
0.456554
0.463535
0.469875
0.477421
0.485271
0.494593
0.501736
0.508865
0.514835
0.516195
0.515339
0.512383
0.505083
0.494898
0.483168
0.473127
0.461720
0.447409
0.432091
0.416746
0.404621
0.395473
0.385906
0.378332
0.372087
0.366482
0.358261
0.348305
0.337105
0.324051
0.310673
0.297234
0.288002
0.286690
0.289381
0.295185
0.301313
0.306013
0.309654
0.310322
0.311184
0.310612
0.306259
0.300657
0.293594
0.285379
0.274694
0.260572
0.243858
0.225706
0.207586
0.190231
0.174133
0.161457
0.154957
0.156324
0.164949
0.177811
0.193645
0.211077
0.230265
0.247267
0.262760
0.276100
0.286446
0.295942
0.304012
0.311337
0.319183
0.327644
0.339710
0.352650
0.364384
0.376318
0.386368
0.394432
0.401333
0.405676
0.406868
0.404400
0.400234
0.393272
0.388586
0.390053
0.395241
0.403967
0.413631
0.423325
0.434313
0.445602
0.459612
0.471441
0.477524
0.476358
0.468161
0.455162
0.439049
0.418827
0.397423
0.377090
0.360046
0.343967
0.328278
0.316296
0.307213
0.302876
0.299561
0.297251
0.296635
0.294495
0.291553
0.287312
0.282557
0.276854
0.268200
0.260456
0.254211
0.252707
0.254011
0.256615
0.263668
0.274822
0.287294
0.300541
0.312441
0.323956
0.332491
0.337414
0.339455
0.338305
0.334812
0.327740
0.316877
0.309059
0.304193
0.302126
0.302105
0.305687
0.309217
0.313309
0.317411
0.318119
0.314728
0.310438
0.303648
0.296373
0.287743
0.280079
0.273647
0.267014
0.261335
0.255886
0.251713
0.247976
0.245609
0.243320
0.239592
0.237093
0.236469
0.235617
0.234032
0.234451
0.235889
0.239916
0.245111
0.251637
0.258024
0.264191
0.270388
0.276758
0.285263
0.294847
0.303028
0.312229
0.320801
0.329130
0.336922
0.344254
0.350128
0.354969
0.361313
0.368578
0.375660
0.382126
0.387342
0.391956
0.395460
0.397108
0.396280
0.393896
0.389572
0.383760
0.380161
0.379089
0.381243
0.383999
0.387409
0.391403
0.396542
0.401344
0.407400
0.412405
0.414047
0.413563
0.411203
0.407623
0.403736
0.399067
0.394478
0.386875
0.379620
0.371159
0.360987
0.353928
0.348913
0.344986
0.342670
0.343582
0.345142
0.345592
0.346062
0.345058
0.342810
0.339720
0.335068
0.329334
0.321579
0.312004
0.302853
0.291512
0.280293
0.269539
0.258741
0.251408
0.245459
0.241585
0.239899
0.239656
0.241150
0.243837
0.245155
0.245611
0.244617
0.242504
0.238438
0.233782
0.227718
0.223072
0.217173
0.211580
0.207460
0.205214
0.205952
0.208529
0.211439
0.216984
0.226261
0.235634
0.243969
0.250816
0.256460
0.260872
0.263882
0.266720
0.268723
0.269875
0.271933
0.273066
0.274382
0.277166
0.280376
0.284145
0.288483
0.291889
0.294903
0.297346
0.298613
0.297720
0.295313
0.291893
0.289133
0.286253
0.281439
0.275175
0.269001
0.265921
0.264458
0.262701
0.260994
0.258636
0.256674
0.254267
0.251619
0.248104
0.244865
0.244442
0.243492
0.243292
0.243343
0.245815
0.248087
0.250368
0.251226
0.251234
0.250111
0.249063
0.247196
0.243973
0.239948
0.236919
0.234959
0.233259
0.230766
0.227032
0.221632
0.214985
0.206589
0.197002
0.186855
0.176380
0.166302
0.157740
0.151522
0.145491
0.141006
0.138357
0.136986
0.137821
0.139286
0.141298
0.142984
0.144505
0.145235
0.144440
0.144360
0.145924
0.147659
0.148914
0.151024
0.153793
0.157143
0.159340
0.161671
0.164759
0.169033
0.172684
0.174788
0.175007
0.174921
0.174057
0.173357
0.172916
0.173311
0.172977
0.174267
0.176744
0.178301
0.179478
0.180939
0.181641
0.182211
0.183102
0.184090
0.184853
0.185308
0.185734
0.186560
0.187475
0.188334
0.189268
0.190540
0.192131
0.193502
0.193655
0.193317
0.193508
0.193844
0.194014
0.194300
0.194649
0.193815
0.192131
0.190491
0.189650
0.188606
0.188063
0.187458
0.187332
0.187111
0.186996
0.186859
0.186546
0.186270
0.185986
0.184965
0.184271
0.183809
0.184381
0.184368
0.183794
0.183504
0.182703
0.181589
0.179646
0.177420
0.175016
0.172960
0.171215
0.169031
0.166256
0.165134
0.163807
0.162235
0.160246
0.159321
0.159061
0.157089
0.155434
0.152489
0.149176
0.145676
0.141680
0.138807
0.136593
0.133408
0.130480
0.128000
0.125620
0.122841
0.120028
0.116627
0.114567
0.112055
0.108574
0.105524
0.102531
0.100868
0.098469
0.094818
0.090858
0.087526
0.083742
0.079700
0.073864
0.069931
0.066967
0.064734
0.062607
0.059023
0.055073
0.050476
0.045734
0.041000
0.035999
0.029928
0.025328
0.020908
0.016254
0.010769
0.006672
0.002560
-0.001881
-0.007010
-0.011599
-0.015652
-0.020592
-0.025494
-0.030010
-0.034592
-0.039104
-0.043119
-0.047356
-0.052011
-0.056421
-0.060484
-0.063875
-0.067219
-0.071550
-0.076363
-0.081385
-0.087198
-0.093826
-0.099838
-0.104897
-0.109373
-0.115732
-0.123423
-0.131186
-0.138577
-0.145521
-0.152311
-0.157337
-0.160604
-0.164242
-0.167139
-0.169733
-0.172615
-0.175245
-0.178308
-0.181696
-0.183012
-0.184641
-0.187523
-0.194954
-0.205568
-0.215994
-0.225088
-0.233896
-0.242559
-0.251720
-0.259577
-0.269136
-0.279615
-0.289850
-0.301020
-0.312822
-0.325447
-0.336201
-0.346239
-0.354555
-0.362576
-0.368841
-0.371662
-0.369726
-0.362297
-0.347382
-0.328428
-0.306456
-0.283363
-0.260101
-0.239426
-0.222948
-0.209595
-0.201662
-0.197815
-0.198057
-0.200661
-0.203758
-0.207331
-0.209103
-0.210258
-0.208647
-0.203575
-0.196510
-0.190187
-0.184847
-0.180199
-0.176357
-0.175583
-0.175488
-0.178350
-0.183767
-0.189178
-0.195162
-0.201216
-0.206818
-0.213131
-0.217855
-0.223446
-0.229700
-0.238089
-0.247189
-0.257318
-0.268894
-0.279926
-0.290783
-0.300495
-0.306831
-0.311136
-0.314646
-0.318924
-0.321970
-0.322134
-0.320873
-0.318092
-0.317095
-0.316200
-0.314547
-0.312002
-0.308865
-0.306604
-0.305288
-0.303347
-0.302425
-0.300728
-0.301821
-0.305920
-0.311373
-0.318090
-0.323339
-0.329224
-0.335066
-0.338806
-0.341228
-0.341036
-0.339918
-0.338364
-0.333714
-0.327549
-0.320122
-0.312008
-0.301357
-0.290516
-0.282848
-0.277920
-0.276335
-0.275101
-0.275864
-0.276867
-0.276588
-0.274427
-0.270144
-0.266157
-0.260933
-0.252701
-0.243643
-0.234903
-0.224812
-0.214893
-0.205736
-0.200089
-0.196173
-0.192863
-0.188837
-0.183231
-0.178963
-0.175148
-0.173933
-0.176123
-0.179493
-0.184528
-0.190035
-0.197813
-0.207621
-0.216560
-0.226414
-0.234467
-0.243662
-0.251614
-0.256889
-0.262583
-0.268211
-0.272448
-0.279867
-0.289829
-0.303295
-0.318304
-0.329735
-0.340942
-0.350416
-0.356958
-0.359243
-0.359266
-0.356754
-0.351751
-0.348248
-0.345739
-0.344685
-0.348000
-0.354223
-0.362343
-0.371143
-0.378147
-0.385708
-0.390614
-0.392757
-0.391869
-0.386507
-0.380804
-0.374195
-0.366835
-0.358847
-0.351736
-0.345121
-0.338139
-0.332052
-0.324816
-0.316227
-0.305000
-0.290880
-0.279215
-0.270607
-0.263794
-0.261110
-0.262934
-0.270203
-0.281569
-0.294724
-0.310308
-0.326950
-0.343588
-0.357191
-0.363600
-0.365145
-0.362644
-0.357529
-0.351469
-0.342520
-0.335281
-0.329493
-0.326357
-0.324921
-0.325504
-0.323776
-0.317986
-0.313251
-0.309002
-0.302752
-0.297707
-0.291935
-0.287422
-0.285322
-0.283054
-0.281313
-0.280539
-0.281975
-0.282166
-0.277014
-0.271154
-0.265234
-0.262430
-0.260778
-0.258511
-0.259758
-0.263542
-0.269009
-0.276333
-0.282505
-0.289381
-0.293354
-0.299322
-0.306355
-0.311872
-0.317253
-0.323338
-0.333961
-0.347458
-0.362413
-0.380226
-0.399252
-0.418690
-0.435974
-0.448746
-0.458263
-0.465548
-0.471272
-0.475006
-0.475847
-0.479612
-0.485884
-0.496506
-0.510361
-0.527203
-0.544134
-0.558550
-0.572847
-0.587051
-0.597630
-0.606564
-0.612223
-0.618019
-0.621067
-0.621492
-0.621187
-0.617987
-0.613888
-0.609177
-0.604462
-0.598827
-0.590122
-0.581497
-0.573294
-0.565256
-0.555386
-0.543478
-0.532476
-0.523373
-0.515003
-0.512962
-0.514687
-0.521824
-0.531353
-0.543169
-0.554359
-0.561043
-0.565195
-0.566631
-0.566862
-0.564365
-0.558712
-0.552313
-0.545074
-0.538937
-0.531273
-0.522362
-0.513834
-0.504547
-0.495388
-0.484594
-0.470064
-0.453775
-0.435215
-0.415413
-0.401110
-0.390202
-0.383444
-0.379917
-0.378899
-0.380651
-0.382015
-0.384462
-0.387781
-0.394283
-0.402058
-0.407288
-0.410564
-0.419333
-0.434235
-0.451733
-0.468704
-0.488054
-0.506104
-0.523865
-0.539572
-0.549757
-0.559965
-0.568153
-0.574911
-0.579809
-0.581648
-0.581594
-0.578558
-0.572470
-0.565870
-0.558510
-0.553400
-0.549345
-0.549910
-0.553400
-0.557091
-0.561665
-0.564648
-0.564575
-0.561249
-0.556791
-0.553699
-0.548798
-0.540802
-0.534046
-0.525496
-0.522779
-0.525051
-0.532166
-0.542257
-0.550129
-0.556690
-0.560762
-0.562040
-0.561155
-0.553858
-0.544413
-0.532900
-0.519754
-0.510403
-0.505138
-0.499752
-0.492958
-0.484081
-0.480469
-0.476391
-0.468485
-0.457958
-0.444822
-0.433270
-0.421070
-0.408360
-0.394924
-0.383545
-0.374901
-0.367109
-0.361980
-0.359606
-0.358679
-0.365234
-0.375101
-0.391113
-0.410765
-0.431713
-0.454693
-0.479731
-0.507792
-0.535862
-0.558783
-0.579462
-0.596834
-0.616871
-0.634102
-0.646326
-0.654816
-0.657967
-0.654266
-0.642456
-0.627899
-0.613075
-0.595734
-0.577045
-0.556747
-0.536470
-0.523048
-0.516291
-0.517738
-0.522797
-0.528944
-0.536678
-0.539377
-0.535944
-0.522636
-0.507019
-0.489346
-0.468985
-0.450382
-0.434864
-0.418007
-0.408173
-0.403664
-0.405418
-0.408354
-0.413916
-0.416996
-0.415567
-0.412270
-0.405148
-0.398567
-0.392328
-0.385693
-0.381115
-0.380247
-0.382702
-0.393696
-0.413294
-0.438698
-0.465614
-0.490099
-0.513081
-0.533533
-0.553452
-0.570360
-0.581190
-0.592783
-0.603516
-0.615881
-0.626740
-0.633591
-0.642246
-0.647060
-0.651705
-0.651350
-0.645773
-0.635323
-0.622391
-0.615187
-0.610878
-0.607008
-0.605724
-0.605600
-0.608028
-0.610697
-0.611809
-0.611563
-0.604952
-0.600422
-0.598207
-0.599102
-0.599049
-0.596165
-0.592590
-0.585032
-0.578365
-0.565594
-0.545311
-0.523487
-0.497950
-0.477266
-0.460775
-0.444115
-0.432453
-0.426176
-0.424156
-0.428677
-0.436598
-0.447500
-0.459280
-0.471792
-0.483027
-0.491894
-0.499226
-0.505234
-0.517670
-0.536308
-0.557388
-0.580605
-0.602137
-0.621370
-0.639721
-0.652826
-0.662346
-0.665653
-0.664021
-0.655704
-0.639223
-0.621231
-0.602928
-0.582552
-0.566395
-0.554632
-0.549574
-0.548071
-0.549919
-0.549938
-0.545734
-0.538900
-0.527168
-0.519125
-0.512915
-0.506119
-0.497169
-0.490719
-0.483271
-0.479197
-0.474403
-0.471069
-0.463692
-0.451126
-0.440067
-0.430948
-0.426338
-0.424664
-0.427980
-0.436419
-0.446648
-0.460722
-0.474850
-0.486551
-0.498621
-0.510391
-0.527721
-0.548841
-0.575197
-0.603292
-0.629160
-0.655712
-0.677000
-0.691391
-0.699923
-0.701309
-0.697308
-0.685873
-0.665073
-0.643175
-0.620056
-0.604885
-0.594942
-0.586779
-0.584095
-0.585596
-0.591129
-0.594818
-0.591524
-0.587162
-0.577042
-0.564220
-0.547531
-0.526995
-0.505831
-0.485035
-0.475302
-0.471909
-0.468332
-0.466881
-0.466000
-0.467741
-0.466908
-0.465065
-0.459188
-0.449280
-0.444227
-0.441774
-0.440491
-0.443558
-0.450323
-0.463247
-0.477488
-0.489979
-0.502167
-0.512964
-0.519674
-0.526363
-0.533871
-0.540834
-0.541330
-0.544718
-0.549316
-0.553982
-0.556671
-0.555746
-0.549128
-0.538010
-0.518711
-0.497078
-0.475004
-0.461613
-0.455343
-0.452114
-0.458288
-0.469751
-0.485794
-0.502745
-0.515478
-0.526087
-0.529928
-0.530287
-0.524187
-0.511347
-0.500839
-0.488686
-0.480555
-0.474566
-0.469244
-0.468939
-0.469662
-0.473627
-0.477955
-0.481308
-0.486881
-0.491840
-0.504759
-0.523703
-0.541025
-0.559540
-0.578014
-0.600241
-0.622881
-0.639942
-0.651052
-0.652983
-0.654760
-0.653757
-0.652037
-0.647419
-0.638113
-0.629179
-0.617554
-0.600122
-0.582745
-0.566320
-0.553473
-0.541697
-0.528893
-0.525242
-0.527252
-0.534416
-0.542755
-0.548552
-0.554716
-0.559025
-0.560762
-0.554739
-0.543364
-0.527657
-0.506651
-0.492229
-0.482491
-0.474871
-0.474045
-0.478821
-0.490286
-0.503876
-0.512993
-0.520462
-0.526352
-0.538013
-0.551565
-0.564001
-0.578962
-0.592361
-0.608276
-0.620768
-0.626457
-0.628988
-0.624939
-0.621035
-0.614098
-0.600588
-0.593678
-0.591324
-0.596201
-0.606430
-0.616488
-0.630033
-0.640734
-0.652760
-0.658894
-0.656462
-0.648424
-0.636726
-0.625629
-0.612314
-0.596369
-0.582300
-0.568836
-0.564047
-0.563496
-0.561501
-0.561510
-0.558933
-0.554152
-0.544077
-0.528383
-0.518011
-0.510715
-0.502304
-0.502438
-0.509474
-0.522243
-0.532469
-0.540844
-0.537260
-0.521240
-0.496363
-0.464294
-0.430849
-0.399187
-0.379948
-0.373493
-0.374498
-0.385599
-0.401598
-0.421316
-0.449230
-0.479961
-0.511625
-0.537054
-0.552578
-0.564249
-0.569841
-0.571192
-0.565853
-0.555876
-0.545315
-0.532305
-0.521465
-0.511549
-0.500937
-0.498430
-0.500607
-0.509266
-0.520477
-0.531939
-0.546309
-0.560387
-0.576675
-0.590111
-0.599522
-0.603884
-0.602018
-0.598391
-0.593571
-0.586845
-0.576284
-0.565107
-0.555519
-0.562460
-0.580828
-0.610378
-0.642641
-0.679661
-0.717739
-0.758665
-0.799215
-0.828848
-0.844452
-0.842896
-0.837482
-0.825293
-0.802605
-0.775864
-0.742535
-0.710539
-0.681503
-0.654861
-0.635536
-0.619804
-0.610022
-0.603235
-0.594938
-0.587397
-0.577034
-0.568275
-0.558908
-0.545769
-0.537151
-0.532158
-0.534386
-0.539394
-0.544432
-0.549061
-0.550983
-0.555809
-0.563271
-0.569508
-0.579268
-0.592358
-0.609138
-0.625017
-0.638517
-0.654850
-0.667606
-0.673243
-0.679909
-0.685211
-0.693686
-0.700792
-0.702553
-0.701700
-0.699589
-0.701157
-0.702871
-0.706541
-0.708340
-0.706636
-0.703487
-0.697172
-0.685154
-0.680527
-0.680897
-0.685038
-0.689993
-0.698530
-0.704489
-0.705362
-0.702339
-0.691347
-0.678576
-0.663906
-0.644215
-0.624277
-0.605318
-0.593252
-0.584694
-0.579119
-0.580887
-0.588694
-0.611958
-0.643064
-0.676327
-0.712700
-0.746830
-0.780958
-0.808643
-0.824341
-0.827972
-0.822704
-0.812647
-0.792948
-0.767324
-0.741411
-0.716524
-0.705601
-0.704391
-0.708134
-0.716240
-0.727396
-0.745052
-0.763605
-0.775955
-0.782787
-0.780344
-0.766346
-0.742113
-0.707783
-0.676487
-0.648172
-0.626675
-0.609341
-0.594292
-0.590813
-0.595310
-0.603964
-0.616486
-0.630951
-0.650084
-0.668676
-0.686317
-0.698517
-0.703979
-0.709246
-0.713833
-0.721500
-0.728748
-0.732195
-0.741947
-0.755339
-0.771217
-0.784576
-0.790079
-0.792332
-0.789747
-0.781351
-0.767256
-0.748001
-0.730522
-0.713459
-0.700644
-0.690762
-0.682480
-0.679781
-0.678713
-0.683062
-0.687826
-0.688227
-0.685810
-0.679081
-0.675148
-0.672567
-0.665415
-0.657955
-0.651295
-0.642326
-0.635027
-0.625671
-0.619276
-0.613787
-0.605999
-0.601580
-0.597132
-0.596966
-0.598709
-0.611168
-0.629839
-0.650284
-0.674065
-0.696316
-0.719519
-0.737514
-0.746313
-0.747753
-0.741604
-0.731659
-0.716713
-0.696404
-0.676920
-0.658583
-0.640289
-0.625587
-0.614754
-0.608089
-0.598431
-0.590275
-0.581495
-0.568953
-0.557110
-0.545139
-0.532969
-0.526106
-0.524313
-0.535524
-0.556171
-0.578575
-0.598297
-0.612497
-0.631647
-0.650841
-0.669783
-0.684101
-0.695549
-0.709835
-0.724846
-0.742777
-0.758631
-0.769930
-0.781866
-0.790031
-0.797356
-0.799601
-0.793173
-0.787094
-0.779911
-0.776382
-0.771788
-0.765186
-0.763603
-0.762938
-0.767439
-0.773100
-0.776617
-0.779779
-0.780666
-0.783018
-0.782007
-0.775173
-0.765812
-0.752541
-0.741318
-0.729683
-0.715311
-0.704025
-0.695446
-0.693466
-0.694656
-0.696417
-0.701933
-0.708740
-0.721195
-0.734089
-0.744949
-0.756342
-0.767788
-0.781948
-0.794289
-0.799397
-0.804302
-0.808067
-0.813257
-0.817137
-0.814249
-0.809132
-0.800602
-0.795336
-0.788517
-0.777662
-0.770275
-0.763889
-0.761488
-0.761972
-0.758051
-0.754827
-0.750120
-0.747997
-0.744865
-0.735113
-0.723572
-0.710756
-0.703968
-0.701677
-0.697491
-0.695810
-0.695385
-0.700523
-0.707592
-0.711206
-0.713593
-0.713291
-0.713924
-0.715034
-0.713259
-0.717533
-0.725761
-0.741095
-0.758787
-0.775568
-0.794327
-0.810080
-0.823286
-0.829893
-0.830870
-0.829018
-0.822378
-0.814678
-0.805567
-0.794371
-0.787432
-0.782616
-0.780972
-0.781891
-0.779943
-0.777084
-0.771215
-0.765722
-0.756134
-0.740677
-0.723164
-0.703253
-0.688236
-0.675343
-0.661556
-0.656199
-0.657841
-0.666723
-0.678493
-0.690315
-0.705822
-0.718502
-0.731739
-0.742012
-0.744698
-0.744720
-0.740143
-0.726946
-0.718548
-0.713625
-0.712488
-0.714579
-0.715874
-0.718369
-0.718082
-0.716854
-0.713768
-0.713209
-0.712093
-0.706959
-0.702103
-0.695992
-0.694124
-0.695602
-0.694906
-0.693993
-0.690357
-0.686584
-0.679369
-0.667290
-0.655205
-0.642584
-0.638905
-0.643623
-0.651770
-0.665726
-0.682528
-0.702614
-0.724663
-0.742056
-0.761131
-0.779913
-0.798643
-0.813772
-0.821522
-0.827246
-0.828196
-0.826416
-0.822361
-0.812729
-0.801128
-0.786182
-0.778934
-0.776155
-0.773680
-0.774313
-0.777679
-0.786251
-0.795891
-0.799547
-0.798386
-0.790730
-0.780407
-0.765383
-0.740402
-0.708351
-0.670422
-0.635099
-0.602869
-0.572935
-0.550373
-0.534252
-0.528847
-0.531042
-0.538284
-0.558037
-0.585152
-0.618971
-0.653395
-0.682688
-0.710255
-0.732172
-0.749428
-0.761208
-0.765591
-0.768597
-0.768349
-0.769388
-0.769327
-0.765919
-0.769062
-0.776140
-0.787003
-0.795845
-0.801508
-0.806410
-0.809616
-0.811646
-0.810081
-0.802128
-0.800282
-0.801960
-0.807913
-0.815060
-0.819036
-0.822071
-0.822489
-0.822199
-0.816332
-0.801201
-0.784567
-0.765285
-0.745674
-0.725342
-0.705008
-0.690552
-0.682158
-0.687748
-0.702198
-0.720585
-0.744106
-0.769121
-0.796288
-0.821571
-0.839830
-0.851990
-0.855946
-0.855738
-0.848539
-0.833523
-0.818069
-0.798922
-0.783834
-0.772123
-0.759714
-0.751858
-0.746145
-0.738972
-0.727083
-0.723328
-0.724304
-0.730482
-0.743107
-0.758799
-0.771049
-0.783194
-0.790655
-0.795319
-0.794100
-0.782822
-0.765320
-0.741650
-0.722221
-0.706112
-0.688999
-0.671360
-0.654655
-0.650967
-0.658590
-0.671124
-0.688074
-0.704878
-0.722734
-0.727394
-0.712967
-0.682047
-0.632214
-0.570295
-0.500681
-0.428408
-0.367990
-0.325954
-0.304335
-0.301023
-0.309700
-0.331820
-0.357903
-0.386374
-0.415306
-0.442669
-0.465738
-0.492908
-0.519787
-0.539728
-0.549788
-0.559059
-0.566851
-0.576099
-0.586866
-0.596869
-0.610407
-0.625807
-0.642313
-0.655308
-0.664175
-0.673262
-0.681108
-0.688650
-0.693617
-0.692818
-0.691149
-0.692190
-0.700743
-0.711477
-0.720270
-0.737974
-0.758438
-0.781775
-0.802296
-0.814266
-0.822632
-0.824837
-0.824715
-0.818363
-0.804543
-0.786255
-0.765072
-0.746647
-0.728333
-0.709827
-0.703083
-0.702913
-0.709341
-0.718138
-0.725382
-0.731529
-0.733912
-0.735981
-0.733723
-0.725050
-0.715261
-0.705118
-0.696920
-0.689919
-0.681408
-0.680597
-0.685974
-0.699696
-0.717106
-0.732618
-0.750998
-0.767820
-0.779688
-0.787813
-0.792536
-0.800840
-0.807117
-0.813381
-0.818544
-0.820457
-0.827652
-0.836523
-0.842426
-0.846903
-0.848587
-0.849424
-0.846199
-0.835623
-0.821259
-0.802324
-0.786161
-0.772402
-0.756704
-0.744507
-0.733490
-0.731756
-0.736500
-0.746344
-0.756033
-0.761791
-0.766720
-0.766876
-0.760769
-0.748213
-0.730488
-0.716885
-0.705776
-0.698292
-0.691715
-0.686502
-0.686478
-0.689102
-0.694901
-0.700523
-0.702509
-0.707037
-0.713572
-0.721642
-0.729788
-0.735699
-0.748774
-0.768068
-0.792143
-0.816074
-0.835100
-0.851158
-0.862812
-0.870821
-0.872482
-0.864799
-0.856953
-0.850803
-0.848339
-0.846165
-0.843466
-0.842939
-0.842686
-0.844538
-0.843561
-0.838701
-0.833469
-0.824457
-0.822063
-0.823002
-0.823009
-0.824507
-0.824974
-0.825890
-0.824289
-0.814617
-0.801275
-0.782043
-0.763622
-0.744831
-0.724453
-0.707815
-0.694271
-0.688072
-0.686533
-0.687103
-0.697926
-0.715729
-0.740658
-0.767513
-0.792053
-0.816179
-0.834808
-0.848686
-0.855940
-0.853186
-0.845263
-0.832331
-0.818340
-0.800858
-0.781042
-0.768497
-0.762581
-0.764839
-0.770342
-0.777006
-0.785971
-0.795420
-0.804613
-0.807512
-0.802340
-0.791687
-0.776394
-0.761208
-0.744032
-0.723803
-0.705633
-0.689468
-0.680014
-0.673603
-0.666368
-0.657717
-0.648403
-0.647676
-0.651863
-0.656582
-0.662907
-0.671003
-0.685663
-0.701534
-0.713980
-0.726238
-0.737061
-0.752722
-0.770891
-0.787622
-0.803944
-0.820063
-0.837614
-0.851379
-0.857979
-0.863161
-0.863390
-0.860241
-0.852354
-0.838734
-0.822008
-0.803835
-0.788757
-0.777252
-0.767519
-0.763409
-0.764400
-0.773815
-0.785994
-0.795385
-0.806980
-0.818626
-0.830637
-0.839523
-0.843628
-0.845600
-0.843962
-0.841454
-0.837009
-0.827833
-0.820372
-0.812965
-0.807156
-0.801464
-0.792835
-0.782444
-0.771568
-0.761822
-0.750004
-0.736685
-0.727020
-0.718334
-0.715155
-0.716005
-0.717047
-0.724163
-0.734699
-0.754467
-0.777908
-0.799644
-0.821459
-0.836906
-0.847631
-0.851700
-0.848068
-0.839365
-0.824659
-0.809286
-0.792877
-0.773108
-0.756506
-0.742666
-0.734695
-0.731396
-0.729782
-0.734264
-0.741562
-0.756918
-0.775812
-0.793003
-0.810219
-0.824970
-0.839577
-0.850063
-0.851889
-0.846008
-0.833961
-0.818098
-0.797134
-0.772079
-0.752024
-0.736458
-0.729330
-0.728872
-0.730009
-0.735443
-0.741295
-0.750334
-0.758978
-0.764076
-0.768507
-0.771873
-0.777920
-0.783226
-0.788580
-0.797226
-0.807550
-0.826099
-0.849258
-0.872583
-0.890984
-0.907646
-0.923769
-0.936676
-0.942595
-0.942495
-0.935472
-0.924543
-0.909855
-0.891434
-0.871183
-0.849516
-0.835381
-0.826548
-0.822830
-0.824305
-0.826670
-0.833710
-0.840897
-0.845062
-0.845984
-0.843279
-0.842480
-0.842255
-0.839855
-0.836189
-0.831263
-0.830057
-0.827066
-0.820713
-0.812096
-0.799044
-0.785311
-0.769587
-0.747030
-0.729177
-0.715420
-0.707592
-0.704929
-0.705082
-0.710619
-0.718081
-0.728291
-0.737677
-0.745050
-0.756237
-0.769394
-0.785234
-0.799143
-0.811348
-0.825016
-0.838106
-0.852396
-0.864267
-0.871990
-0.882370
-0.891891
-0.896591
-0.901798
-0.904375
-0.908007
-0.910629
-0.912155
-0.910103
-0.903019
-0.893404
-0.881426
-0.874203
-0.868813
-0.864250
-0.863831
-0.866383
-0.873436
-0.880459
-0.881237
-0.881668
-0.880224
-0.878586
-0.875086
-0.867266
-0.857868
-0.847553
-0.842968
-0.841511
-0.839607
-0.838535
-0.835016
-0.831844
-0.827667
-0.817112
-0.802620
-0.785862
-0.767784
-0.748051
-0.728361
-0.712845
-0.701952
-0.698959
-0.701626
-0.706764
-0.717871
-0.731483
-0.747892
-0.763506
-0.775396
-0.790207
-0.805405
-0.818182
-0.830240
-0.840462
-0.851910
-0.861563
-0.871046
-0.877302
-0.877554
-0.874350
-0.866526
-0.857466
-0.847214
-0.833698
-0.824768
-0.820372
-0.820265
-0.819933
-0.819096
-0.819933
-0.820213
-0.820414
-0.819767
-0.816883
-0.814764
-0.811834
-0.811165
-0.810326
-0.807877
-0.809772
-0.815605
-0.823822
-0.830706
-0.834843
-0.837858
-0.836922
-0.833475
-0.826233
-0.814011
-0.800896
-0.784914
-0.769928
-0.754351
-0.737463
-0.726007
-0.718630
-0.714661
-0.712851
-0.711884
-0.713188
-0.715723
-0.718483
-0.720116
-0.719055
-0.722027
-0.728828
-0.739162
-0.751936
-0.764883
-0.778578
-0.790186
-0.802443
-0.813835
-0.821480
-0.827711
-0.832592
-0.841066
-0.853035
-0.863997
-0.876980
-0.890387
-0.904564
-0.918247
-0.927248
-0.933117
-0.933846
-0.931435
-0.925022
-0.913700
-0.900869
-0.886072
-0.876144
-0.869442
-0.863749
-0.860279
-0.859320
-0.860632
-0.862347
-0.861797
-0.861887
-0.859516
-0.858580
-0.858440
-0.855415
-0.850384
-0.843824
-0.836243
-0.828636
-0.821028
-0.817232
-0.816643
-0.821018
-0.827314
-0.832560
-0.837624
-0.841883
-0.845488
-0.845869
-0.842276
-0.834011
-0.821611
-0.814211
-0.808151
-0.801584
-0.795753
-0.788649
-0.783266
-0.777924
-0.765097
-0.744270
-0.713903
-0.679764
-0.644857
-0.609596
-0.580288
-0.557390
-0.550367
-0.556919
-0.572124
-0.593721
-0.616364
-0.640743
-0.663826
-0.683352
-0.698273
-0.709633
-0.718370
-0.726454
-0.734632
-0.745619
-0.758919
-0.775698
-0.793859
-0.811857
-0.829216
-0.842169
-0.853918
-0.863663
-0.869577
-0.875441
-0.879881
-0.884064
-0.887968
-0.888016
-0.884241
-0.877651
-0.869698
-0.859821
-0.847717
-0.835537
-0.825169
-0.818222
-0.813131
-0.810356
-0.810896
-0.812889
-0.818251
-0.824306
-0.828657
-0.833456
-0.838318
-0.842836
-0.846560
-0.848249
-0.849751
-0.852921
-0.854404
-0.856522
-0.859161
-0.861767
-0.864710
-0.869162
-0.871803
-0.872993
-0.873259
-0.873762
-0.874422
-0.873550
-0.872572
-0.873224
-0.874262
-0.876902
-0.877739
-0.875355
-0.872681
-0.867775
-0.862690
-0.856821
-0.848291
-0.840624
-0.834875
-0.831541
-0.827103
-0.820328
-0.813829
-0.803907
-0.792959
-0.782011
-0.768841
-0.755541
-0.744095
-0.736069
-0.729538
-0.722950
-0.718744
-0.716867
-0.718292
-0.720007
-0.721920
-0.725319
-0.730087
-0.735033
-0.743475
-0.755461
-0.769722
-0.784149
-0.798042
-0.812050
-0.824211
-0.834259
-0.842987
-0.850891
-0.857332
-0.859846
-0.863085
-0.866415
-0.872473
-0.878832
-0.884600
-0.891117
-0.896969
-0.902336
-0.906380
-0.908520
-0.909529
-0.910770
-0.912611
-0.915043
-0.918945
-0.925983
-0.936424
-0.947792
-0.957869
-0.967028
-0.976583
-0.981825
-0.985386
-0.987049
-0.982555
-0.974049
-0.962833
-0.952627
-0.944464
-0.935024
-0.927387
-0.920612
-0.915028
-0.909063
-0.900553
-0.891914
-0.882761
-0.872782
-0.862410
-0.851942
-0.844324
-0.839558
-0.838850
-0.839693
-0.841385
-0.847382
-0.856201
-0.866735
-0.876619
-0.884644
-0.890945
-0.894672
-0.896475
-0.895267
-0.890831
-0.885509
-0.879982
-0.875471
-0.870502
-0.866453
-0.865030
-0.867487
-0.873529
-0.880795
-0.887142
-0.893810
-0.898930
-0.901657
-0.899836
-0.894442
-0.886675
-0.876816
-0.866430
-0.853483
-0.838306
-0.824474
-0.811800
-0.801956
-0.794250
-0.787470
-0.783573
-0.780760
-0.777044
-0.771324
-0.763496
-0.755980
-0.746750
-0.737759
-0.727720
-0.718199
-0.712454
-0.709307
-0.708380
-0.709627
-0.712229
-0.715420
-0.718174
-0.721596
-0.724796
-0.725948
-0.725407
-0.723701
-0.720247
-0.715036
-0.710039
-0.706251
-0.703312
-0.703056
-0.704464
-0.707075
-0.711269
-0.716280
-0.723637
-0.731213
-0.738079
-0.745598
-0.753212
-0.760666
-0.768806
-0.776913
-0.785431
-0.792658
-0.798910
-0.803288
-0.806534
-0.810118
-0.813162
-0.817295
-0.820866
-0.823744
-0.825943
-0.826765
-0.828382
-0.830166
-0.831762
-0.833401
-0.834698
-0.835854
-0.836485
-0.835859
-0.835506
-0.834988
-0.834936
-0.835270
-0.834955
-0.836548
-0.839737
-0.842365
-0.844782
-0.846674
-0.850121
-0.852507
-0.855312
-0.857504
-0.859482
-0.860979
-0.862478
-0.863201
-0.864107
-0.865097
-0.866518
-0.868443
-0.871275
-0.873991
-0.877522
-0.881250
-0.883320
-0.886141
-0.889397
-0.892189
-0.895344
-0.898254
-0.901186
-0.903856
-0.906286
-0.908001
-0.908564
-0.907784
-0.906748
-0.906425
-0.906847
-0.906260
-0.905230
-0.902451
-0.897118
-0.891012
-0.884745
-0.878717
-0.872536
-0.865658
-0.859488
-0.852468
-0.847147
-0.841108
-0.835934
-0.831097
-0.826324
-0.822300
-0.817383
-0.812403
-0.809814
-0.807924
-0.806072
-0.804688
-0.802416
-0.801546
-0.801029
-0.800089
-0.798487
-0.795296
-0.792454
-0.788954
-0.785854
-0.783394
-0.779898
-0.776709
-0.773123
-0.770342
-0.767748
-0.764383
-0.760878
-0.757072
-0.752071
-0.747211
-0.743019
-0.738735
-0.735304
-0.733259
-0.732044
-0.731709
-0.732763
-0.733059
-0.733448
-0.734295
-0.734951
-0.735065
-0.736334
-0.736525
-0.736795
-0.737162
-0.736910
-0.738392
-0.740025
-0.740866
-0.741474
-0.742205
-0.743038
-0.743305
-0.743671
-0.743286
-0.743731
-0.743990
-0.745567
-0.747080
-0.747879
-0.748896
-0.748970
-0.750328
-0.751303
-0.750422
-0.750002
-0.750286
-0.751240
-0.751907
-0.751614
-0.751186
-0.749931
-0.749659
-0.750463
-0.751551
-0.751888
-0.752605
-0.752378
-0.751987
-0.751667
-0.751341
-0.750711
-0.750233
-0.749962
-0.748421
-0.747561
-0.747368
-0.747480
-0.747765
-0.747911
-0.746365
-0.745464
-0.744030
-0.741976
-0.741232
-0.741064
-0.741327
-0.739826
-0.737478
-0.734808
-0.732521
-0.730198
-0.729639
-0.729671
-0.730028
-0.729994
-0.729673
-0.728651
-0.727436
-0.724302
-0.720907
-0.718660
-0.716951
-0.714375
-0.712255
-0.710047
-0.708059
-0.705807
-0.703629
-0.700371
-0.697010
-0.694225
-0.692015
-0.689163
-0.686287
-0.681711
-0.677507
-0.673845
-0.670647
-0.668060
-0.665342
-0.662531
-0.659407
-0.656189
-0.653126
-0.649492
-0.645567
-0.641268
-0.638115
-0.634621
-0.630533
-0.626181
-0.622580
-0.619894
-0.616219
-0.610716
-0.604874
-0.598629
-0.592190
-0.587555
-0.584229
-0.580437
-0.576900
-0.574434
-0.572460
-0.568651
-0.563522
-0.556791
-0.551163
-0.546108
-0.541388
-0.535492
-0.529358
-0.523993
-0.519337
-0.515507
-0.512337
-0.508308
-0.503124
-0.496914
-0.489677
-0.482161
-0.474207
-0.466516
-0.460003
-0.454205
-0.449451
-0.446558
-0.442904
-0.437851
-0.432766
-0.428221
-0.424492
-0.418640
-0.412390
-0.405432
-0.398146
-0.389454
-0.379932
-0.370455
-0.361082
-0.352673
-0.344309
-0.336239
-0.329693
-0.322464
-0.316439
-0.311911
-0.306881
-0.301798
-0.295826
-0.288799
-0.280176
-0.270864
-0.261883
-0.252758
-0.243484
-0.234186
-0.224764
-0.215994
-0.206497
-0.197357
-0.188480
-0.180527
-0.173639
-0.165262
-0.157238
-0.148762
-0.139830
-0.133366
-0.126040
-0.118328
-0.109707
-0.100677
-0.091980
-0.084494
-0.077641
-0.071047
-0.063692
-0.056946
-0.050001
-0.042479
-0.034147
-0.026440
-0.018763
-0.011232
-0.004932
0.000378
0.007868
0.014961
0.021969
0.028955
0.036308
0.043459
0.049202
0.055599
0.061760
0.066748
0.072268
0.077011
0.082705
0.089634
0.095129
0.100590
0.105682
0.110834
0.115345
0.118544
0.120277
0.119549
0.118126
0.115862
0.113821
0.111778
0.108242
0.107290
0.108982
0.113735
0.119493
0.125139
0.131132
0.136551
0.139668
0.141277
0.140331
0.138088
0.132730
0.125599
0.117100
0.106831
0.094952
0.082457
0.073536
0.069328
0.066881
0.065445
0.065624
0.066742
0.071470
0.076752
0.081167
0.085079
0.089960
0.094975
0.098696
0.101845
0.103559
0.106466
0.108366
0.107977
0.109795
0.112265
0.117434
0.123690
0.128136
0.134886
0.142132
0.148867
0.155720
0.161621
0.169628
0.178053
0.188425
0.199749
0.210369
0.222244
0.233505
0.244131
0.255653
0.264488
0.272797
0.280293
0.287249
0.294142
0.298443
0.302221
0.305199
0.309212
0.312998
0.314791
0.315733
0.315262
0.315910
0.316357
0.316055
0.315155
0.313719
0.312250
0.315001
0.321253
0.329256
0.335417
0.342434
0.349314
0.350422
0.340099
0.316545
0.281342
0.240324
0.196627
0.158710
0.126751
0.104483
0.091732
0.085108
0.083963
0.082836
0.080355
0.078426
0.076391
0.074818
0.075274
0.080404
0.088543
0.098200
0.108009
0.116600
0.121250
0.125755
0.130461
0.136854
0.143181
0.148922
0.152855
0.154987
0.157433
0.159681
0.163139
0.165394
0.166050
0.166725
0.165394
0.163105
0.161850
0.160513
0.160240
0.161142
0.166832
0.174244
0.181984
0.190380
0.197346
0.203979
0.207432
0.206181
0.202278
0.194052
0.181627
0.168053
0.154579
0.141294
0.127399
0.113224
0.103724
0.097866
0.096378
0.097164
0.098610
0.103445
0.111614
0.121872
0.132807
0.144976
0.157379
0.166838
0.175264
0.184126
0.195518
0.206642
0.217054
0.232716
0.250679
0.271111
0.290308
0.305378
0.319197
0.329002
0.337448
0.341322
0.339987
0.337276
0.331182
0.325844
0.320030
0.314417
0.309832
0.306648
0.306530
0.303810
0.297220
0.292286
0.286303
0.276852
0.266848
0.256783
0.247372
0.237417
0.222704
0.208298
0.195480
0.184875
0.176773
0.171352
0.163992
0.154949
0.146011
0.137173
0.126657
0.118393
0.111197
0.108353
0.108559
0.113480
0.118610
0.121372
0.123405
0.125458
0.129232
0.132025
0.131676
0.131119
0.128483
0.120047
0.111635
0.101337
0.091925
0.082884
0.076454
0.070173
0.063686
0.060112
0.058306
0.059586
0.062807
0.064548
0.069887
0.076134
0.083263
0.092625
0.101698
0.113110
0.126297
0.138737
0.152447
0.166836
0.183096
0.198402
0.212227
0.226175
0.238733
0.250210
0.259319
0.268265
0.275818
0.279087
0.281469
0.283363
0.282572
0.287086
0.292908
0.301090
0.308092
0.315216
0.319101
0.318258
0.315365
0.308542
0.295185
0.280685
0.263014
0.245916
0.227219
0.207146
0.190578
0.175331
0.157703
0.138052
0.118010
0.102997
0.091190
0.090683
0.098162
0.108835
0.124578
0.142725
0.159790
0.172403
0.175072
0.167007
0.148687
0.124100
0.095331
0.068531
0.044792
0.025669
0.016258
0.015141
0.021465
0.029381
0.036144
0.042385
0.044659
0.043152
0.037819
0.035646
0.040936
0.053329
0.069538
0.091534
0.115238
0.140873
0.165791
0.190943
0.211643
0.222767
0.227907
0.227581
0.222980
0.218946
0.216011
0.219080
0.226755
0.233837
0.242413
0.251049
0.259619
0.263981
0.262447
0.258862
0.253714
0.249847
0.245720
0.238411
0.229336
0.217438
0.206619
0.193956
0.182537
0.170975
0.158892
0.149769
0.141029
0.136202
0.135845
0.135105
0.136511
0.140627
0.144909
0.148724
0.151897
0.156305
0.161047
0.166817
0.170977
0.170870
0.169769
0.166695
0.158892
0.151108
0.142878
0.138966
0.136454
0.137497
0.141777
0.146053
0.153189
0.161213
0.166996
0.178276
0.192793
0.210754
0.229433
0.251047
0.273300
0.291374
0.306948
0.317600
0.322247
0.324554
0.323933
0.324558
0.323326
0.318935
0.314629
0.309418
0.304150
0.297230
0.286272
0.274714
0.261848
0.254417
0.250523
0.246599
0.244448
0.243420
0.243597
0.243490
0.239056
0.231812
0.218851
0.204962
0.190174
0.173552
0.158569
0.146397
0.142500
0.143311
0.143974
0.148924
0.153465
0.160732
0.165649
0.170687
0.175905
0.177383
0.177956
0.177315
0.173731
0.169968
0.165035
0.163687
0.165169
0.167410
0.174751
0.185932
0.200911
0.216026
0.226978
0.239178
0.251619
0.266804
0.281065
0.301523
0.325968
0.348965
0.371876
0.390663
0.400410
0.405426
0.401592
0.391199
0.374199
0.348915
0.319908
0.289917
0.263271
0.241449
0.221119
0.205193
0.191753
0.188725
0.193665
0.206093
0.219151
0.228954
0.233055
0.230442
0.217705
0.202751
0.184834
0.167427
0.148115
0.125301
0.106489
0.091534
0.086414
0.086014
0.086262
0.086489
0.087662
0.091059
0.095917
0.099445
0.106447
0.116058
0.130592
0.148304
0.163513
0.180714
0.197466
0.214577
0.231178
0.244762
0.253639
0.256769
0.255106
0.247486
0.239763
0.229973
0.216434
0.208241
0.204742
0.202057
0.201569
0.202602
0.207979
0.212725
0.214670
0.212238
0.201630
0.193279
0.186859
0.181921
0.182148
0.184837
0.190357
0.197706
0.201799
0.202526
0.196690
0.189497
0.178221
0.162504
0.147083
0.131950
0.122671
0.117521
0.121849
0.132435
0.143211
0.155678
0.168232
0.178850
0.192106
0.205864
0.221766
0.235121
0.240307
0.241486
0.240631
0.247488
0.261047
0.282646
0.306751
0.327570
0.350492
0.368860
0.377941
0.376408
0.362888
0.341145
0.311867
0.275627
0.240458
0.206047
0.182827
0.170374
0.163544
0.165020
0.171089
0.184052
0.198748
0.207691
0.211315
0.207439
0.203524
0.197536
0.184570
0.169346
0.154079
0.144720
0.137575
0.128349
0.118143
0.105099
0.094875
0.086018
0.078928
0.078611
0.082619
0.100990
0.129366
0.165260
0.202791
0.234680
0.264719
0.289303
0.304834
0.314770
0.316942
0.313877
0.304405
0.292469
0.276707
0.256836
0.239861
0.225513
0.212116
0.203949
0.197693
0.202419
0.213602
0.231956
0.252499
0.270288
0.284241
0.291586
0.294209
0.296152
0.293587
0.288992
0.278519
0.266645
0.252306
0.230665
0.198919
0.152395
0.089586
0.021114
-0.046450
-0.102791
-0.140991
-0.147516
-0.124580
-0.080948
-0.020220
0.045498
0.107719
0.165161
0.211514
0.247461
0.270786
0.279274
0.282984
0.282940
0.284369
0.284044
0.280628
0.278130
0.275824
0.275337
0.272486
0.267389
0.260574
0.249878
0.240564
0.231411
0.221420
0.216946
0.216393
0.221806
0.229614
0.239498
0.247532
0.248945
0.247257
0.242641
0.235910
0.228809
0.220558
0.216887
0.214046
0.210459
0.210955
0.214502
0.225132
0.240456
0.254726
0.271034
0.285948
0.303276
0.319534
0.332752
0.343758
0.351536
0.360250
0.367378
0.370380
0.370798
0.366003
0.367239
0.372412
0.375183
0.376577
0.374945
0.373306
0.368305
0.358076
0.345478
0.328743
0.311230
0.291904
0.275436
0.260555
0.246281
0.235420
0.225883
0.225872
0.229202
0.233076
0.237675
0.239006
0.242682
0.246561
0.248163
0.249424
0.248478
0.244844
0.245132
0.247906
0.258284
0.274668
0.296051
0.319960
0.342098
0.364607
0.384779
0.402931
0.415348
0.417538
0.414852
0.406471
0.391367
0.380476
0.371662
0.368578
0.368349
0.366552
0.366188
0.364319
0.364449
0.365025
0.361465
0.355400
0.346594
0.334770
0.321911
0.320625
0.327303
0.335672
0.343954
0.350428
0.356291
0.356081
0.346424
0.328995
0.301895
0.277403
0.256336
0.237597
0.228203
0.227913
0.241461
0.264128
0.288393
0.314684
0.337952
0.356983
0.368614
0.372387
0.375330
0.376940
0.385632
0.398640
0.408031
0.415232
0.417156
0.411488
0.397903
0.374664
0.347576
0.317163
0.288534
0.259758
0.231205
0.211123
0.199471
0.202785
0.218153
0.236862
0.258057
0.276943
0.289619
0.296537
0.293930
0.282703
0.261290
0.237938
0.214211
0.191853
0.175535
0.166786
0.176735
0.199850
0.229361
0.262890
0.297028
0.326643
0.345793
0.357296
0.362246
0.359934
0.348969
0.336073
0.321264
0.311588
0.306919
0.304199
0.304005
0.304291
0.312180
0.321381
0.326654
0.329975
0.328861
0.328539
0.326912
0.319839
0.311638
0.298428
0.284332
0.269201
0.256096
0.244698
0.232273
0.222431
0.215361
0.208622
0.211117
0.218300
0.230213
0.243687
0.253681
0.263157
0.270271
0.275400
0.276546
0.272709
0.269108
0.265331
0.271151
0.284338
0.301411
0.325424
0.353678
0.386532
0.418194
0.440399
0.451981
0.450533
0.443958
0.430067
0.407125
0.382177
0.357454
0.338505
0.323496
0.308212
0.296314
0.283758
0.272949
0.262135
0.263044
0.273123
0.285540
0.302399
0.319057
0.330620
0.339279
0.340509
0.334171
0.316002
0.292316
0.264107
0.234528
0.218967
0.217838
0.229382
0.254700
0.286818
0.325619
0.363194
0.399143
0.427052
0.443003
0.451160
0.454691
0.457912
0.460228
0.459232
0.464476
0.472479
0.482574
0.490456
0.490454
0.485550
0.474659
0.454639
0.429613
0.400438
0.372850
0.347263
0.321093
0.307665
0.302128
0.305912
0.315725
0.331982
0.347370
0.354635
0.352346
0.340229
0.319136
0.300505
0.287294
0.282982
0.286591
0.299244
0.318840
0.338570
0.360556
0.379921
0.397438
0.409702
0.415573
0.425060
0.435650
0.449192
0.462971
0.471727
0.480286
0.482750
0.475086
0.459240
0.436131
0.410210
0.383768
0.355431
0.331875
0.312542
0.307255
0.312584
0.326880
0.345098
0.361488
0.380001
0.394447
0.400070
0.396675
0.383318
0.365845
0.342779
0.313663
0.290573
0.276049
0.273460
0.279390
0.295902
0.318165
0.339289
0.359076
0.374887
0.393496
0.411411
0.423014
0.434193
0.441763
0.449066
0.452961
0.449356
0.437073
0.416420
0.392166
0.362156
0.325480
0.291250
0.260885
0.235897
0.220375
0.213047
0.214518
0.220394
0.226156
0.238226
0.251112
0.257107
0.254953
0.254837
0.254900
0.251226
0.247784
0.242794
0.232019
0.219814
0.204123
0.184216
0.160088
0.131824
0.108870
0.093973
0.092655
0.101704
0.123863
0.154369
0.185354
0.219711
0.250660
0.278835
0.301821
0.313835
0.320303
0.322296
0.319202
0.318821
0.320457
0.327272
0.335823
0.340853
0.346203
0.349176
0.349915
0.345831
0.332024
0.315323
0.294016
0.273619
0.252676
0.230875
0.219316
0.215960
0.225361
0.239826
0.255604
0.275755
0.296061
0.316284
0.333012
0.342550
0.354593
0.366764
0.381409
0.398109
0.418379
0.438286
0.452263
0.462032
0.462111
0.448809
0.425299
0.392994
0.359207
0.325043
0.292681
0.274240
0.267475
0.273428
0.288467
0.306156
0.326586
0.343098
0.356779
0.362358
0.355005
0.345564
0.334667
0.324514
0.314777
0.304302
0.301025
0.303062
0.315163
0.330467
0.343809
0.356339
0.366386
0.377645
0.388092
0.393440
0.401060
0.409561
0.421906
0.435640
0.444872
0.455179
0.463982
0.472048
0.475760
0.471781
0.462772
0.446926
0.427368
0.404591
0.377542
0.354670
0.335884
0.331001
0.337238
0.346542
0.355820
0.360594
0.368616
0.377600
0.378771
0.373022
0.360582
0.346748
0.333015
0.314829
0.291233
0.263802
0.248005
0.242470
0.240929
0.246262
0.256975
0.277288
0.303680
0.328951
0.351521
0.369738
0.385229
0.396749
0.398960
0.400173
0.400002
0.403252
0.408144
0.423767
0.444124
0.460941
0.474289
0.482769
0.483130
0.479565
0.466324
0.444510
0.414907
0.377628
0.339098
0.304543
0.285284
0.279602
0.281267
0.290701
0.303131
0.319681
0.333204
0.341778
0.343029
0.333281
0.323639
0.314730
0.306322
0.303995
0.308067
0.321436
0.340595
0.359592
0.375490
0.385015
0.397144
0.409042
0.416309
0.422995
0.427141
0.434143
0.439552
0.442722
0.438591
0.424917
0.407990
0.385857
0.364994
0.344227
0.320986
0.302584
0.288166
0.285807
0.289646
0.294989
0.303936
0.313196
0.319248
0.322397
0.318226
0.308968
0.291801
0.271940
0.251303
0.229452
0.219635
0.222286
0.233185
0.255520
0.284454
0.320133
0.353653
0.377468
0.395071
0.404102
0.413057
0.420744
0.430073
0.438568
0.442867
0.442101
0.438948
0.431950
0.416416
0.389002
0.362328
0.337543
0.317385
0.302876
0.291168
0.287321
0.286882
0.287292
0.280542
0.263313
0.244316
0.221630
0.200293
0.180729
0.163748
0.156944
0.157196
0.166843
0.179482
0.190870
0.208113
0.229166
0.257637
0.289288
0.318678
0.349041
0.376167
0.402014
0.423779
0.435925
0.443403
0.445648
0.445332
0.442228
0.434662
0.428255
0.420418
0.414055
0.406725
0.393333
0.381058
0.368401
0.353338
0.344828
0.341946
0.345760
0.351715
0.356216
0.355932
0.353848
0.354942
0.354288
0.352978
0.345881
0.330408
0.313114
0.294060
0.280193
0.269100
0.259054
0.254486
0.254612
0.263681
0.278971
0.293812
0.308777
0.321569
0.334299
0.344131
0.349545
0.363003
0.381937
0.407864
0.432493
0.452656
0.470068
0.480822
0.484024
0.477257
0.460201
0.444048
0.428806
0.417637
0.406992
0.395605
0.389248
0.385578
0.384773
0.383213
0.375599
0.367180
0.359247
0.359558
0.363461
0.365543
0.367477
0.368299
0.370504
0.369415
0.361919
0.350578
0.334845
0.325153
0.321562
0.320036
0.323517
0.331823
0.347319
0.365780
0.381355
0.395199
0.402948
0.401508
0.400860
0.399981
0.401638
0.404348
0.410864
0.415602
0.416872
0.416397
0.410328
0.402182
0.389282
0.372742
0.358427
0.345966
0.338877
0.335226
0.332737
0.334160
0.335531
0.337605
0.336575
0.329979
0.321369
0.308802
0.301079
0.297348
0.294477
0.294382
0.295332
0.301207
0.306789
0.308359
0.306902
0.300962
0.296183
0.291546
0.286533
0.291044
0.302654
0.318918
0.341419
0.365725
0.392490
0.416897
0.438305
0.452400
0.456394
0.457703
0.457067
0.456362
0.451679
0.442318
0.433844
0.423996
0.415634
0.405342
0.390339
0.374298
0.356079
0.346191
0.343674
0.342846
0.345583
0.350174
0.358564
0.365761
0.365440
0.360357
0.346752
0.331261
0.313662
0.291729
0.273001
0.257311
0.254145
0.260391
0.270834
0.287334
0.306759
0.329618
0.351582
0.367516
0.380449
0.388084
0.391062
0.390709
0.386564
0.389139
0.397579
0.410160
0.423767
0.433264
0.441294
0.445301
0.445324
0.440777
0.428297
0.416086
0.405224
0.398062
0.389801
0.380327
0.375992
0.372622
0.371058
0.369202
0.364487
0.360035
0.353638
0.347731
0.341797
0.333612
0.330845
0.330412
0.332586
0.333927
0.332136
0.331577
0.330885
0.330261
0.327412
0.320461
0.317114
0.317190
0.324207
0.334414
0.346144
0.362972
0.381943
0.401253
0.419291
0.433338
0.451454
0.471130
0.490952
0.510937
0.527317
0.541096
0.549980
0.554102
0.550718
0.538675
0.521465
0.500706
0.483210
0.467730
0.453091
0.441273
0.431063
0.424133
0.415556
0.402185
0.387365
0.369892
0.357344
0.347597
0.339386
0.333521
0.329578
0.330122
0.331516
0.328056
0.321507
0.310387
0.298346
0.284883
0.267904
0.259613
0.259630
0.269449
0.286074
0.304874
0.326714
0.348804
0.370100
0.386179
0.396229
0.402977
0.406090
0.411587
0.419722
0.427967
0.439152
0.450705
0.463551
0.475773
0.481586
0.483757
0.480145
0.474510
0.465822
0.451677
0.438787
0.425795
0.415218
0.405283
0.394592
0.384720
0.375473
0.370712
0.368076
0.364550
0.363655
0.362831
0.363461
0.363976
0.361496
0.358429
0.355114
0.351727
0.347954
0.341599
0.336540
0.331526
0.328321
0.323750
0.316460
0.309269
0.301580
0.296284
0.291473
0.286057
0.284939
0.288336
0.300167
0.317461
0.336861
0.359365
0.379980
0.402262
0.422173
0.434513
0.447987
0.461529
0.477352
0.492018
0.503368
0.513193
0.520607
0.526457
0.527794
0.522854
0.515900
0.506073
0.496588
0.485889
0.470364
0.453699
0.436888
0.421438
0.404806
0.385912
0.363638
0.337624
0.317919
0.304768
0.293730
0.285139
0.279560
0.273474
0.271452
0.272524
0.276047
0.279169
0.284979
0.288532
0.288853
0.287828
0.282482
0.276325
0.269505
0.260414
0.251915
0.242598
0.231869
0.224855
0.220005
0.222673
0.230141
0.247881
0.272400
0.299006
0.327101
0.354002
0.380556
0.402153
0.415092
0.420771
0.419676
0.419994
0.420948
0.420874
0.424793
0.430515
0.441420
0.452812
0.460541
0.463507
0.459909
0.452255
0.439369
0.422043
0.405561
0.389771
0.374226
0.361198
0.351280
0.345341
0.341799
0.343166
0.348270
0.351789
0.355690
0.360634
0.368050
0.374525
0.376711
0.377417
0.374836
0.373272
0.369747
0.364021
0.358316
0.352060
0.348663
0.345076
0.339359
0.336601
0.334637
0.334902
0.333984
0.329212
0.324965
0.320322
0.315601
0.310165
0.303518
0.297106
0.292444
0.295694
0.303087
0.313875
0.328857
0.345774
0.364452
0.381203
0.393045
0.400904
0.402935
0.402887
0.401550
0.399370
0.402317
0.408012
0.418304
0.430677
0.441048
0.450302
0.456730
0.459846
0.458231
0.451607
0.442612
0.431961
0.422508
0.412651
0.401398
0.395512
0.391314
0.387909
0.384283
0.378643
0.372860
0.365755
0.358631
0.350058
0.338139
0.328657
0.323591
0.324003
0.329468
0.336040
0.345753
0.355835
0.365761
0.373055
0.374474
0.371840
0.366478
0.358828
0.352404
0.345400
0.340464
0.335424
0.331776
0.326553
0.317955
0.308764
0.299374
0.293617
0.289648
0.287243
0.291212
0.298584
0.309242
0.320141
0.330248
0.340117
0.349417
0.359934
0.369558
0.377506
0.385561
0.394115
0.405128
0.415974
0.425703
0.436668
0.447447
0.457561
0.465403
0.470196
0.478024
0.487129
0.497234
0.508362
0.518848
0.530588
0.540934
0.550144
0.556643
0.557383
0.558985
0.559902
0.561947
0.561367
0.557461
0.551222
0.542255
0.533409
0.522739
0.508682
0.495956
0.482283
0.469427
0.456451
0.442791
0.430490
0.419567
0.409081
0.397205
0.384005
0.370684
0.357323
0.350542
0.349207
0.350838
0.357267
0.365574
0.374668
0.381767
0.383770
0.380955
0.373436
0.363359
0.350611
0.334877
0.320244
0.306128
0.294798
0.285234
0.274364
0.266874
0.261681
0.257988
0.256248
0.254314
0.252975
0.250265
0.248983
0.248386
0.246553
0.244953
0.242922
0.243629
0.248077
0.254147
0.262957
0.272676
0.285151
0.298092
0.309765
0.322117
0.335262
0.350002
0.365322
0.379982
0.394106
0.407555
0.422436
0.438099
0.450661
0.460186
0.467556
0.472097
0.473059
0.469591
0.463722
0.455854
0.447697
0.442684
0.441841
0.445757
0.450520
0.458899
0.466961
0.472624
0.475933
0.476040
0.473337
0.467552
0.458405
0.448305
0.438324
0.430313
0.424839
0.420284
0.417355
0.414083
0.410698
0.406893
0.398933
0.392723
0.385941
0.379488
0.373726
0.366245
0.360319
0.353340
0.343590
0.333321
0.321133
0.310394
0.301439
0.293316
0.286102
0.281408
0.282316
0.287128
0.296474
0.307543
0.318001
0.328472
0.337635
0.344109
0.346313
0.345642
0.343149
0.337267
0.331085
0.325117
0.318308
0.315516
0.315382
0.317310
0.319733
0.321272
0.323057
0.322123
0.318459
0.312008
0.301628
0.290806
0.279217
0.268557
0.258715
0.250719
0.247610
0.248041
0.251057
0.255709
0.259047
0.261616
0.262880
0.264259
0.265177
0.265213
0.266041
0.266798
0.269651
0.273573
0.277695
0.283409
0.289228
0.298777
0.309933
0.321123
0.334114
0.346260
0.358231
0.368692
0.376043
0.381397
0.384914
0.388371
0.389366
0.389969
0.391468
0.394230
0.399282
0.406572
0.414427
0.421659
0.427141
0.429321
0.430027
0.428951
0.426437
0.422075
0.416500
0.412004
0.408756
0.408438
0.411146
0.415024
0.419886
0.426239
0.434757
0.442617
0.448122
0.451859
0.452892
0.452042
0.449980
0.448284
0.445942
0.442169
0.436897
0.430916
0.424288
0.416237
0.407860
0.399855
0.390545
0.381804
0.373108
0.365788
0.360596
0.355930
0.351812
0.346832
0.340866
0.334005
0.325573
0.313932
0.302336
0.288876
0.275003
0.263222
0.255281
0.250504
0.247843
0.246828
0.246260
0.245876
0.245464
0.244385
0.242920
0.239010
0.235802
0.232210
0.228031
0.223825
0.219570
0.215881
0.213985
0.212357
0.211077
0.210178
0.210548
0.212643
0.214825
0.218412
0.223772
0.230675
0.239382
0.248276
0.256897
0.264637
0.270748
0.276268
0.279654
0.282480
0.283760
0.285248
0.286283
0.285515
0.284937
0.285337
0.286613
0.288631
0.290806
0.292797
0.294779
0.297176
0.297913
0.296127
0.294353
0.290899
0.287296
0.283316
0.278950
0.273621
0.268059
0.262983
0.259096
0.255657
0.252716
0.249897
0.248337
0.247183
0.246449
0.245516
0.245670
0.245943
0.246639
0.247009
0.247017
0.246611
0.245842
0.245182
0.243149
0.240028
0.236485
0.234314
0.232801
0.232388
0.231102
0.228403
0.224974
0.221039
0.214577
0.206768
0.197533
0.187386
0.177513
0.167768
0.159595
0.153133
0.147858
0.143341
0.140696
0.139664
0.139322
0.139763
0.142017
0.143747
0.145454
0.147388
0.149080
0.150986
0.153980
0.156641
0.159527
0.163031
0.164728
0.163944
0.164263
0.164650
0.165524
0.166676
0.168135
0.170176
0.171537
0.174398
0.177307
0.180065
0.181587
0.182379
0.183065
0.184458
0.186682
0.189468
0.190647
0.190960
0.191448
0.191124
0.190720
0.190897
0.191608
0.193249
0.195160
0.196045
0.196499
0.195435
0.194597
0.195005
0.196753
0.197681
0.198215
0.197090
0.196753
0.195856
0.195194
0.194675
0.194401
0.194710
0.195200
0.195333
0.195303
0.195087
0.194796
0.194489
0.192842
0.192320
0.193102
0.193947
0.194090
0.194336
0.194223
0.193613
0.191959
0.190533
0.189976
0.189663
0.188988
0.188086
0.186213
0.184029
0.181149
0.177851
0.176584
0.175804
0.175150
0.174417
0.171936
0.168758
0.166206
0.164207
0.162485
0.160915
0.159546
0.157642
0.155458
0.153305
0.150957
0.147478
0.144070
0.140766
0.137444
0.135227
0.132774
0.129684
0.126421
0.123377
0.120697
0.118290
0.115519
0.112492
0.109451
0.106136
0.102682
0.098801
0.094414
0.090660
0.087059
0.084309
0.080750
0.077026
0.073948
0.069628
0.065996
0.063152
0.059418
0.054388
0.050047
0.045864
0.041418
0.038376
0.034693
0.028641
0.024292
0.020721
0.017221
0.013306
0.010620
0.007410
0.003798
-0.001652
-0.008089
-0.014803
-0.019718
-0.024460
-0.028345
-0.032694
-0.036480
-0.039927
-0.045063
-0.050404
-0.056637
-0.063545
-0.069469
-0.075550
-0.082186
-0.087391
-0.091990
-0.096256
-0.101093
-0.106527
-0.113115
-0.118711
-0.123951
-0.129993
-0.135635
-0.140318
-0.145828
-0.150803
-0.156881
-0.162718
-0.169554
-0.175930
-0.180767
-0.186361
-0.192282
-0.197603
-0.203548
-0.208841
-0.213413
-0.216778
-0.223194
-0.231136
-0.238070
-0.245398
-0.252096
-0.258228
-0.265039
-0.270699
-0.275278
-0.279001
-0.283379
-0.286829
-0.289318
-0.294369
-0.299274
-0.303064
-0.308479
-0.314939
-0.321753
-0.327509
-0.331917
-0.334002
-0.332195
-0.329395
-0.324455
-0.316927
-0.308306
-0.298372
-0.287682
-0.275562
-0.262094
-0.248699
-0.235281
-0.225033
-0.218002
-0.211344
-0.205643
-0.199892
-0.198284
-0.199310
-0.201763
-0.203260
-0.202549
-0.201532
-0.198257
-0.192421
-0.185511
-0.179234
-0.174974
-0.174223
-0.176098
-0.181482
-0.188053
-0.197800
-0.209978
-0.221125
-0.232040
-0.241650
-0.251219
-0.260281
-0.267784
-0.273338
-0.278440
-0.284113
-0.289471
-0.293755
-0.296469
-0.297794
-0.298695
-0.297291
-0.294258
-0.290794
-0.286839
-0.285740
-0.286766
-0.291012
-0.298363
-0.305374
-0.312887
-0.319147
-0.322973
-0.325132
-0.326006
-0.325588
-0.325577
-0.324366
-0.322884
-0.322754
-0.324492
-0.326807
-0.328468
-0.331654
-0.335320
-0.337437
-0.338045
-0.338804
-0.337456
-0.332396
-0.324604
-0.313585
-0.302078
-0.290236
-0.276146
-0.265970
-0.260059
-0.256351
-0.256094
-0.256603
-0.256268
-0.254538
-0.249126
-0.241142
-0.229500
-0.218794
-0.207998
-0.200258
-0.193993
-0.189842
-0.188620
-0.190737
-0.194204
-0.195982
-0.195896
-0.193289
-0.188755
-0.182098
-0.176470
-0.172161
-0.171776
-0.176289
-0.183960
-0.194483
-0.207647
-0.222652
-0.237495
-0.249989
-0.259987
-0.266464
-0.272797
-0.278973
-0.285461
-0.292999
-0.299917
-0.308819
-0.318714
-0.328480
-0.335224
-0.338242
-0.337952
-0.335453
-0.331011
-0.327379
-0.325504
-0.329056
-0.335938
-0.344536
-0.352280
-0.362688
-0.375587
-0.389145
-0.402281
-0.412300
-0.419607
-0.425686
-0.427158
-0.427208
-0.422598
-0.411266
-0.395874
-0.377247
-0.358032
-0.340410
-0.323055
-0.308983
-0.298389
-0.292942
-0.290586
-0.289558
-0.290731
-0.292185
-0.294085
-0.298864
-0.302776
-0.307316
-0.310722
-0.310825
-0.310980
-0.311291
-0.312368
-0.312134
-0.310375
-0.309336
-0.309080
-0.313742
-0.320980
-0.331518
-0.342646
-0.350796
-0.360149
-0.369980
-0.376265
-0.379093
-0.377232
-0.371887
-0.361507
-0.347460
-0.335754
-0.326216
-0.320559
-0.317263
-0.316830
-0.317961
-0.319098
-0.319933
-0.318874
-0.314985
-0.308807
-0.300959
-0.296299
-0.295120
-0.295454
-0.298798
-0.302984
-0.309620
-0.317572
-0.323006
-0.326674
-0.327959
-0.329287
-0.329641
-0.328575
-0.328911
-0.330725
-0.340044
-0.354082
-0.373413
-0.394978
-0.416582
-0.436457
-0.452171
-0.462502
-0.473116
-0.482841
-0.493505
-0.501926
-0.506523
-0.511511
-0.515343
-0.524233
-0.535486
-0.544277
-0.548275
-0.549118
-0.553032
-0.558464
-0.561470
-0.563541
-0.563314
-0.564064
-0.563841
-0.562004
-0.557526
-0.550388
-0.542822
-0.534910
-0.525164
-0.516779
-0.509644
-0.505495
-0.503666
-0.504757
-0.506313
-0.507053
-0.509695
-0.511936
-0.512566
-0.515619
-0.520336
-0.530783
-0.542940
-0.556952
-0.568998
-0.576202
-0.581764
-0.584372
-0.582512
-0.577404
-0.568764
-0.559237
-0.548714
-0.540417
-0.533895
-0.527670
-0.523457
-0.518631
-0.512827
-0.509554
-0.505009
-0.499981
-0.492947
-0.484121
-0.471581
-0.455168
-0.438198
-0.420994
-0.403555
-0.388294
-0.376125
-0.370558
-0.367920
-0.370893
-0.378469
-0.388571
-0.407173
-0.430271
-0.453983
-0.478359
-0.499880
-0.518818
-0.533165
-0.544264
-0.552002
-0.554029
-0.553097
-0.550100
-0.544743
-0.538818
-0.534613
-0.533722
-0.535753
-0.542795
-0.551588
-0.559816
-0.567133
-0.572472
-0.573519
-0.571632
-0.566212
-0.557478
-0.545740
-0.529470
-0.515009
-0.501181
-0.491974
-0.486376
-0.483625
-0.485615
-0.489540
-0.502010
-0.518618
-0.534277
-0.549877
-0.562712
-0.575577
-0.585211
-0.589043
-0.587385
-0.581310
-0.572914
-0.561468
-0.544565
-0.532001
-0.521976
-0.514851
-0.509922
-0.504572
-0.499685
-0.493475
-0.485844
-0.475328
-0.468056
-0.461607
-0.454922
-0.449915
-0.446310
-0.447021
-0.450233
-0.455275
-0.463184
-0.471882
-0.480299
-0.490238
-0.500702
-0.511639
-0.521643
-0.529516
-0.538143
-0.546686
-0.559824
-0.576681
-0.593426
-0.608232
-0.621971
-0.636702
-0.649151
-0.660341
-0.667326
-0.667461
-0.662697
-0.653103
-0.639996
-0.623655
-0.603209
-0.583317
-0.564217
-0.552910
-0.547621
-0.544754
-0.546928
-0.549591
-0.551813
-0.554699
-0.553015
-0.549067
-0.542339
-0.534414
-0.521715
-0.504486
-0.486757
-0.468901
-0.453770
-0.438948
-0.423332
-0.410891
-0.400560
-0.389275
-0.379833
-0.370251
-0.359589
-0.356943
-0.360090
-0.365164
-0.370642
-0.383036
-0.400146
-0.418520
-0.439026
-0.460850
-0.485716
-0.511063
-0.529772
-0.544159
-0.553867
-0.562017
-0.566925
-0.574488
-0.584011
-0.592484
-0.604465
-0.617649
-0.630653
-0.646252
-0.660435
-0.672886
-0.677656
-0.673454
-0.661339
-0.641491
-0.627735
-0.617119
-0.606642
-0.601276
-0.599329
-0.602680
-0.602224
-0.587875
-0.557861
-0.510796
-0.451754
-0.385323
-0.316059
-0.251398
-0.198223
-0.161568
-0.141273
-0.131538
-0.131916
-0.136810
-0.153063
-0.176987
-0.202469
-0.230152
-0.258148
-0.287504
-0.314098
-0.339596
-0.358843
-0.370720
-0.380209
-0.387522
-0.395412
-0.403038
-0.409760
-0.419458
-0.432529
-0.452705
-0.477234
-0.502117
-0.528643
-0.553881
-0.575289
-0.594702
-0.610695
-0.624144
-0.632544
-0.632111
-0.627115
-0.617386
-0.604416
-0.587585
-0.568747
-0.549562
-0.529083
-0.511375
-0.495813
-0.484999
-0.477060
-0.469845
-0.464241
-0.463348
-0.465143
-0.471647
-0.479662
-0.490982
-0.503719
-0.514664
-0.528805
-0.541634
-0.553202
-0.561380
-0.562851
-0.561882
-0.555721
-0.548069
-0.537504
-0.526165
-0.514509
-0.501089
-0.487894
-0.476433
-0.463335
-0.452288
-0.443558
-0.441359
-0.443289
-0.446590
-0.454460
-0.466698
-0.484291
-0.503893
-0.527126
-0.549585
-0.568165
-0.587404
-0.604794
-0.618078
-0.629423
-0.635242
-0.639832
-0.642473
-0.649601
-0.657339
-0.661718
-0.663834
-0.663307
-0.658110
-0.654335
-0.648033
-0.641647
-0.633394
-0.620779
-0.605682
-0.588161
-0.570271
-0.550892
-0.529764
-0.509001
-0.488560
-0.476660
-0.467817
-0.457037
-0.447504
-0.438917
-0.433462
-0.427835
-0.417843
-0.403114
-0.385302
-0.375544
-0.370939
-0.369045
-0.376467
-0.391783
-0.416201
-0.445011
-0.473427
-0.501253
-0.522552
-0.537165
-0.540312
-0.531477
-0.515696
-0.493382
-0.471556
-0.450775
-0.430706
-0.417654
-0.411709
-0.420004
-0.438234
-0.458803
-0.482323
-0.504473
-0.527269
-0.546364
-0.560623
-0.570484
-0.575680
-0.583055
-0.589355
-0.597187
-0.603413
-0.606258
-0.608223
-0.605255
-0.599552
-0.590176
-0.573605
-0.553007
-0.529758
-0.501530
-0.478493
-0.462824
-0.457708
-0.460167
-0.469791
-0.484919
-0.500565
-0.518002
-0.534595
-0.555595
-0.579170
-0.597380
-0.613348
-0.625238
-0.635530
-0.641638
-0.640682
-0.634405
-0.622688
-0.610950
-0.596951
-0.579069
-0.569418
-0.565739
-0.562098
-0.562695
-0.566225
-0.575233
-0.585238
-0.589724
-0.589365
-0.584007
-0.581127
-0.579107
-0.573301
-0.567814
-0.558496
-0.549938
-0.541456
-0.528940
-0.514242
-0.496008
-0.482555
-0.472572
-0.464600
-0.460848
-0.460583
-0.466484
-0.476460
-0.486500
-0.497248
-0.508785
-0.522228
-0.535162
-0.543953
-0.553629
-0.563334
-0.579245
-0.598055
-0.615669
-0.634176
-0.649984
-0.665346
-0.675909
-0.676241
-0.669998
-0.658520
-0.645527
-0.630617
-0.617916
-0.604866
-0.589445
-0.578447
-0.571321
-0.564413
-0.559963
-0.556175
-0.560638
-0.568092
-0.576920
-0.581987
-0.580660
-0.576202
-0.567410
-0.551664
-0.532326
-0.510555
-0.497263
-0.490887
-0.487415
-0.490427
-0.497669
-0.506527
-0.514359
-0.519032
-0.526840
-0.535086
-0.550089
-0.567640
-0.582121
-0.594418
-0.603802
-0.611551
-0.614199
-0.606369
-0.589666
-0.562927
-0.538239
-0.515560
-0.491488
-0.471270
-0.455564
-0.449354
-0.449446
-0.451256
-0.455616
-0.460407
-0.470757
-0.481270
-0.487282
-0.490818
-0.491274
-0.492002
-0.491030
-0.485004
-0.477629
-0.468552
-0.461338
-0.455292
-0.461573
-0.475710
-0.493856
-0.518133
-0.546251
-0.578644
-0.611534
-0.638592
-0.661556
-0.679867
-0.689568
-0.698946
-0.704996
-0.711102
-0.715368
-0.716158
-0.716747
-0.714310
-0.712837
-0.708183
-0.699717
-0.689232
-0.674208
-0.660320
-0.647713
-0.634638
-0.631544
-0.634975
-0.645044
-0.654057
-0.659081
-0.664492
-0.663530
-0.658663
-0.647619
-0.627647
-0.604626
-0.579815
-0.558655
-0.540377
-0.524151
-0.520365
-0.528128
-0.548534
-0.574699
-0.606768
-0.637589
-0.663050
-0.682709
-0.694515
-0.697453
-0.696817
-0.690449
-0.682323
-0.673159
-0.660616
-0.656614
-0.658512
-0.667549
-0.678436
-0.687481
-0.697689
-0.706116
-0.714123
-0.718527
-0.721640
-0.721796
-0.717152
-0.716593
-0.716911
-0.714304
-0.713388
-0.712069
-0.711161
-0.705957
-0.691219
-0.672413
-0.648886
-0.625729
-0.603592
-0.580820
-0.565733
-0.555676
-0.561565
-0.578796
-0.608376
-0.643562
-0.676069
-0.706829
-0.733622
-0.752192
-0.764359
-0.768997
-0.769688
-0.766308
-0.760525
-0.752209
-0.740471
-0.728775
-0.718246
-0.714296
-0.712917
-0.711197
-0.713371
-0.715017
-0.715670
-0.720243
-0.724083
-0.736029
-0.751068
-0.769447
-0.785215
-0.793791
-0.796543
-0.791363
-0.781864
-0.763599
-0.734457
-0.701775
-0.667667
-0.640165
-0.618496
-0.600086
-0.590603
-0.587490
-0.593721
-0.605656
-0.620514
-0.644037
-0.671215
-0.702520
-0.730326
-0.749065
-0.764874
-0.774235
-0.777504
-0.770384
-0.751945
-0.728760
-0.703194
-0.673252
-0.649296
-0.631561
-0.623371
-0.620977
-0.620224
-0.626122
-0.634590
-0.647051
-0.657988
-0.669481
-0.678017
-0.677557
-0.676876
-0.673265
-0.662374
-0.647152
-0.630138
-0.609772
-0.585997
-0.567680
-0.559505
-0.557310
-0.563917
-0.575375
-0.596773
-0.622129
-0.644718
-0.670122
-0.694286
-0.717350
-0.736115
-0.744514
-0.746481
-0.739748
-0.723166
-0.703508
-0.681517
-0.666924
-0.656933
-0.648815
-0.641432
-0.632183
-0.634617
-0.643562
-0.651833
-0.659855
-0.665247
-0.671442
-0.674911
-0.668047
-0.652618
-0.629505
-0.599653
-0.571653
-0.545404
-0.518658
-0.493532
-0.475475
-0.465387
-0.459820
-0.464787
-0.479567
-0.506651
-0.542620
-0.581209
-0.624737
-0.667665
-0.703899
-0.736805
-0.763437
-0.780708
-0.792850
-0.803160
-0.810638
-0.810291
-0.809057
-0.806419
-0.807148
-0.808977
-0.809834
-0.813187
-0.819090
-0.826391
-0.831718
-0.830662
-0.828033
-0.822424
-0.814713
-0.801609
-0.788252
-0.772655
-0.752920
-0.733942
-0.715527
-0.702141
-0.692251
-0.682392
-0.676352
-0.672117
-0.666706
-0.666655
-0.670429
-0.680840
-0.692360
-0.700838
-0.712482
-0.723846
-0.734297
-0.740383
-0.741331
-0.744213
-0.745419
-0.748020
-0.751675
-0.768946
-0.793703
-0.819155
-0.846851
-0.870630
-0.893080
-0.909334
-0.912003
-0.903223
-0.881121
-0.854265
-0.822716
-0.785015
-0.748987
-0.715511
-0.689308
-0.669838
-0.654995
-0.644449
-0.635952
-0.631960
-0.627842
-0.621170
-0.614742
-0.610043
-0.611609
-0.618536
-0.625879
-0.637892
-0.652639
-0.672331
-0.694614
-0.714571
-0.736917
-0.759438
-0.783543
-0.805758
-0.821922
-0.837126
-0.849062
-0.855366
-0.859196
-0.859116
-0.859665
-0.856689
-0.855690
-0.854630
-0.849703
-0.845989
-0.841539
-0.834423
-0.829000
-0.823471
-0.821701
-0.820410
-0.820045
-0.818617
-0.812284
-0.814030
-0.819370
-0.818283
-0.815762
-0.809555
-0.803886
-0.795603
-0.787298
-0.775246
-0.756147
-0.736942
-0.717941
-0.704451
-0.693920
-0.684042
-0.679361
-0.678648
-0.681755
-0.686369
-0.690115
-0.695795
-0.700285
-0.707710
-0.715239
-0.718935
-0.721426
-0.722828
-0.727871
-0.732729
-0.734867
-0.738419
-0.738838
-0.734539
-0.729687
-0.721539
-0.715000
-0.704985
-0.699154
-0.694273
-0.685076
-0.671938
-0.663507
-0.656919
-0.656742
-0.659603
-0.666330
-0.674341
-0.686844
-0.702805
-0.717344
-0.731016
-0.742729
-0.756374
-0.772135
-0.783646
-0.793873
-0.801434
-0.809746
-0.817602
-0.819759
-0.819719
-0.814823
-0.811920
-0.808422
-0.801872
-0.795200
-0.788256
-0.778982
-0.774513
-0.772295
-0.774328
-0.775444
-0.770536
-0.765682
-0.757471
-0.750662
-0.740711
-0.722208
-0.703915
-0.684731
-0.669216
-0.653816
-0.638090
-0.626675
-0.617805
-0.621338
-0.631468
-0.645493
-0.662697
-0.680571
-0.696001
-0.705769
-0.707090
-0.699419
-0.693911
-0.699766
-0.711094
-0.727592
-0.743563
-0.755987
-0.770058
-0.782751
-0.783649
-0.765182
-0.726133
-0.674812
-0.617050
-0.554333
-0.498875
-0.453995
-0.424896
-0.408615
-0.398113
-0.394657
-0.395601
-0.405930
-0.421982
-0.451567
-0.489508
-0.526546
-0.565981
-0.603796
-0.635178
-0.663956
-0.686184
-0.705910
-0.720324
-0.731117
-0.739464
-0.742542
-0.747185
-0.751951
-0.754002
-0.759581
-0.767691
-0.780285
-0.792721
-0.807438
-0.821106
-0.829132
-0.836399
-0.838535
-0.832996
-0.826815
-0.818289
-0.810398
-0.802811
-0.798769
-0.795746
-0.789541
-0.784039
-0.777649
-0.768135
-0.759325
-0.748751
-0.739605
-0.729849
-0.721046
-0.710989
-0.698568
-0.690212
-0.684376
-0.676908
-0.678732
-0.687433
-0.704277
-0.724722
-0.748308
-0.772083
-0.790941
-0.806578
-0.819410
-0.825132
-0.828892
-0.830332
-0.840511
-0.855576
-0.867956
-0.882710
-0.897243
-0.912945
-0.921656
-0.917850
-0.908125
-0.891293
-0.876892
-0.864698
-0.853748
-0.842855
-0.832006
-0.825386
-0.818518
-0.806664
-0.793451
-0.774630
-0.759848
-0.743498
-0.722118
-0.702705
-0.683781
-0.669611
-0.661928
-0.657187
-0.656708
-0.657642
-0.662018
-0.667099
-0.669405
-0.677845
-0.690901
-0.708385
-0.728529
-0.752415
-0.776154
-0.793230
-0.804073
-0.806463
-0.798679
-0.788023
-0.772387
-0.756010
-0.738890
-0.726664
-0.719578
-0.715237
-0.717537
-0.723007
-0.728661
-0.730583
-0.729744
-0.737135
-0.747631
-0.755770
-0.762383
-0.766048
-0.768007
-0.766176
-0.754250
-0.734772
-0.704851
-0.670677
-0.632854
-0.592686
-0.565718
-0.549400
-0.549162
-0.560823
-0.579227
-0.604122
-0.629509
-0.656862
-0.682205
-0.701010
-0.716709
-0.728477
-0.740314
-0.750204
-0.756195
-0.762808
-0.770628
-0.780972
-0.788834
-0.790192
-0.787514
-0.780699
-0.773142
-0.766327
-0.757772
-0.752163
-0.747715
-0.749809
-0.755413
-0.760643
-0.769651
-0.778137
-0.790279
-0.799273
-0.801470
-0.798492
-0.789665
-0.780510
-0.768597
-0.751621
-0.740200
-0.732109
-0.728226
-0.725603
-0.726765
-0.729023
-0.730114
-0.733128
-0.735289
-0.738882
-0.743477
-0.746914
-0.753960
-0.761349
-0.765800
-0.771351
-0.776285
-0.784590
-0.791544
-0.799944
-0.805386
-0.805204
-0.802399
-0.797302
-0.788586
-0.776512
-0.761129
-0.744005
-0.735687
-0.743799
-0.763107
-0.785437
-0.812872
-0.839882
-0.858814
-0.862352
-0.844116
-0.796612
-0.725605
-0.640326
-0.559830
-0.491007
-0.436403
-0.406187
-0.397223
-0.407579
-0.420969
-0.423981
-0.397884
-0.347685
-0.275330
-0.189569
-0.103624
-0.028458
0.021029
0.039881
0.032003
-0.000336
-0.045460
-0.093626
-0.137363
-0.172325
-0.200125
-0.221525
-0.246304
-0.275360
-0.306280
-0.342670
-0.382648
-0.420620
-0.456255
-0.484480
-0.508076
-0.525290
-0.539005
-0.548531
-0.551655
-0.554562
-0.557034
-0.563705
-0.570707
-0.574154
-0.577858
-0.580908
-0.586264
-0.591919
-0.592909
-0.594118
-0.595863
-0.600864
-0.605118
-0.608452
-0.613991
-0.620955
-0.635544
-0.652922
-0.669680
-0.688478
-0.706709
-0.722025
-0.731924
-0.735592
-0.742775
-0.752243
-0.758951
-0.763432
-0.765635
-0.777828
-0.797615
-0.822737
-0.846708
-0.868624
-0.888731
-0.905224
-0.914957
-0.916155
-0.908306
-0.897598
-0.884087
-0.866468
-0.849258
-0.832588
-0.826506
-0.827579
-0.831247
-0.833120
-0.830336
-0.827751
-0.824409
-0.816494
-0.806660
-0.794212
-0.785328
-0.777569
-0.774210
-0.771177
-0.764936
-0.760021
-0.754189
-0.744713
-0.733326
-0.719667
-0.709656
-0.700100
-0.689711
-0.682753
-0.677248
-0.678396
-0.683262
-0.689566
-0.699890
-0.711769
-0.722595
-0.731768
-0.739777
-0.745714
-0.747923
-0.750011
-0.751682
-0.755951
-0.758554
-0.758024
-0.761696
-0.766558
-0.774273
-0.781710
-0.784975
-0.782883
-0.773415
-0.763338
-0.751545
-0.738581
-0.727026
-0.718262
-0.716755
-0.719435
-0.723520
-0.730587
-0.737951
-0.749372
-0.760803
-0.770107
-0.779381
-0.787054
-0.795528
-0.801933
-0.802233
-0.801149
-0.797630
-0.788977
-0.779510
-0.769415
-0.763840
-0.760452
-0.758263
-0.759317
-0.763084
-0.766459
-0.764816
-0.766727
-0.767151
-0.762541
-0.755325
-0.747629
-0.744459
-0.742584
-0.740725
-0.742010
-0.744717
-0.752508
-0.764320
-0.775526
-0.788061
-0.800043
-0.815351
-0.829517
-0.840185
-0.852182
-0.861652
-0.875572
-0.890505
-0.902327
-0.911276
-0.915749
-0.918674
-0.916365
-0.907576
-0.892422
-0.875969
-0.857864
-0.842430
-0.827864
-0.816639
-0.809959
-0.809557
-0.810272
-0.807922
-0.805281
-0.799843
-0.793430
-0.784262
-0.770750
-0.762119
-0.755194
-0.750708
-0.747416
-0.743196
-0.740519
-0.737078
-0.735859
-0.733471
-0.727720
-0.723600
-0.721624
-0.723309
-0.724970
-0.725657
-0.728992
-0.735079
-0.745270
-0.756840
-0.767220
-0.780336
-0.794256
-0.810650
-0.827063
-0.840128
-0.848919
-0.851524
-0.847878
-0.852348
-0.861462
-0.873411
-0.883633
-0.893234
-0.899302
-0.897966
-0.890457
-0.878666
-0.869328
-0.863142
-0.856808
-0.850618
-0.845409
-0.841171
-0.838770
-0.835695
-0.833721
-0.831112
-0.829699
-0.827425
-0.820377
-0.816401
-0.814131
-0.815536
-0.817602
-0.819227
-0.820410
-0.819794
-0.817692
-0.810919
-0.799566
-0.789125
-0.779875
-0.771999
-0.765280
-0.757277
-0.752356
-0.747950
-0.742105
-0.734325
-0.724539
-0.715702
-0.707684
-0.705980
-0.709536
-0.715349
-0.726250
-0.740974
-0.760399
-0.780727
-0.797447
-0.812727
-0.824959
-0.834667
-0.840767
-0.842041
-0.844757
-0.849022
-0.855946
-0.864109
-0.870358
-0.875360
-0.876970
-0.876362
-0.872852
-0.863068
-0.851044
-0.836742
-0.823631
-0.813583
-0.802853
-0.795620
-0.790155
-0.787422
-0.787569
-0.786102
-0.786055
-0.784317
-0.786367
-0.789265
-0.791870
-0.795824
-0.800228
-0.806911
-0.814478
-0.818993
-0.820868
-0.821037
-0.818518
-0.813316
-0.803005
-0.789930
-0.773853
-0.759769
-0.745722
-0.730625
-0.716902
-0.704363
-0.698339
-0.695913
-0.694298
-0.693344
-0.692999
-0.691416
-0.687180
-0.678696
-0.670441
-0.661203
-0.655497
-0.654091
-0.655968
-0.664083
-0.677126
-0.699646
-0.727383
-0.755726
-0.782373
-0.803429
-0.821461
-0.835238
-0.841911
-0.843983
-0.841839
-0.840677
-0.840950
-0.840397
-0.841869
-0.844282
-0.848349
-0.853260
-0.854858
-0.859528
-0.865391
-0.872240
-0.878073
-0.880724
-0.882690
-0.882051
-0.877445
-0.870354
-0.858582
-0.848047
-0.836695
-0.826853
-0.819717
-0.812780
-0.808847
-0.806480
-0.807594
-0.811880
-0.816473
-0.821764
-0.827486
-0.835993
-0.843529
-0.848576
-0.857164
-0.866344
-0.875914
-0.884403
-0.888454
-0.888750
-0.883913
-0.875944
-0.864931
-0.849735
-0.831039
-0.811914
-0.796791
-0.783792
-0.769728
-0.757545
-0.746529
-0.738031
-0.730894
-0.722218
-0.717098
-0.715260
-0.717081
-0.718767
-0.720757
-0.724756
-0.729429
-0.735184
-0.741535
-0.745966
-0.753302
-0.763432
-0.771589
-0.780499
-0.790146
-0.801197
-0.811441
-0.820597
-0.827839
-0.832993
-0.838047
-0.843813
-0.853512
-0.865993
-0.878014
-0.890890
-0.904024
-0.918100
-0.929962
-0.936806
-0.939020
-0.937790
-0.934303
-0.927990
-0.917755
-0.906811
-0.894075
-0.882540
-0.873030
-0.863579
-0.855431
-0.848454
-0.845993
-0.846209
-0.846832
-0.848909
-0.851074
-0.855654
-0.861729
-0.865101
-0.867212
-0.867731
-0.866970
-0.866165
-0.861832
-0.856394
-0.850567
-0.846260
-0.842869
-0.838314
-0.836973
-0.837219
-0.836199
-0.837317
-0.839470
-0.842701
-0.845966
-0.851095
-0.854834
-0.854408
-0.850510
-0.842770
-0.838209
-0.835327
-0.830793
-0.827621
-0.823875
-0.821142
-0.818947
-0.814600
-0.807039
-0.791626
-0.771358
-0.747932
-0.721889
-0.695063
-0.670286
-0.652168
-0.641220
-0.638159
-0.645245
-0.658377
-0.676556
-0.696827
-0.716824
-0.736412
-0.754250
-0.771280
-0.784119
-0.792711
-0.798698
-0.804546
-0.809227
-0.813396
-0.818794
-0.823711
-0.827982
-0.829565
-0.828035
-0.822884
-0.815466
-0.808048
-0.803011
-0.799984
-0.799541
-0.804459
-0.813782
-0.824448
-0.840710
-0.863298
-0.890411
-0.920326
-0.949987
-0.977648
-1.001509
-1.021057
-1.039087
-1.055025
-1.069656
-1.084305
-1.096869
-1.109495
-1.119019
-1.127337
-1.133759
-1.143000
-1.151787
-1.158720
-1.165064
-1.169264
-1.168676
-1.164766
-1.156271
-1.144121
-1.128719
-1.114424
-1.102152
-1.086781
-1.069410
-1.050537
-1.028202
-1.005596
-0.982162
-0.964838
-0.953220
-0.946241
-0.941637
-0.938847
-0.930038
-0.910875
-0.878857
-0.826521
-0.753122
-0.654318
-0.533581
-0.395403
-0.249458
-0.111080
0.009747
0.105848
0.171741
0.204895
0.204670
0.178043
0.134842
0.082611
0.030621
-0.016939
-0.056847
-0.087143
-0.109783
-0.126293
-0.140411
-0.152170
-0.163055
-0.172409
-0.179813
-0.189861
-0.202085
-0.214916
-0.226816
-0.238340
-0.249870
-0.260508
-0.268940
-0.276941
-0.284668
-0.293177
-0.302185
-0.311647
-0.321085
-0.330656
-0.341063
-0.352261
-0.362816
-0.373095
-0.383677
-0.396103
-0.408394
-0.418755
-0.428959
-0.437763
-0.446384
-0.454041
-0.461332
-0.468609
-0.477013
-0.486254
-0.494307
-0.501781
-0.510767
-0.520485
-0.531792
-0.542721
-0.553724
-0.562723
-0.570654
-0.579626
-0.586870
-0.593609
-0.602249
-0.610497
-0.618776
-0.625912
-0.632435
-0.640568
-0.648941
-0.657360
-0.665838
-0.673487
-0.680725
-0.687977
-0.695885
-0.703045
-0.709431
-0.716799
-0.722527
-0.728834
-0.736216
-0.743088
-0.750839
-0.757914
-0.764412
-0.771015
-0.777195
-0.783279
-0.788172
-0.792982
-0.798235
-0.803259
-0.808184
-0.812527
-0.817371
-0.823606
-0.830067
-0.835836
-0.841213
-0.847973
-0.853973
-0.858036
-0.860884
-0.862638
-0.864609
-0.866064
-0.866596
-0.866518
-0.865742
-0.864494
-0.862658
-0.860273
-0.856955
-0.853569
-0.849550
-0.843832
-0.837839
-0.832258
-0.826311
-0.821398
-0.816032
-0.809761
-0.803850
-0.796515
-0.787622
-0.778559
-0.769409
-0.760590
-0.753065
-0.747345
-0.741987
-0.737455
-0.734737
-0.732367
-0.730461
-0.730618
-0.730711
-0.732569
-0.734446
-0.735205
-0.735369
-0.735100
-0.734760
-0.734446
-0.733997
-0.732826
-0.729973
-0.726528
-0.723667
-0.720100
-0.717171
-0.713951
-0.711409
-0.709478
-0.707680
-0.706207
-0.706293
-0.706656
-0.708303
-0.709106
-0.710205
-0.710772
-0.711706
-0.713049
-0.715387
-0.718098
-0.720011
-0.721115
-0.722038
-0.723154
-0.724075
-0.724384
-0.725351
-0.726791
-0.729500
-0.731136
-0.731026
-0.730219
-0.730341
-0.731598
-0.733292
-0.734997
-0.735849
-0.736626
-0.737606
-0.738905
-0.739151
-0.740278
-0.742065
-0.744600
-0.745941
-0.746840
-0.748285
-0.749643
-0.750622
-0.752047
-0.752155
-0.753056
-0.753468
-0.753548
-0.753529
-0.753586
-0.753761
-0.754158
-0.753967
-0.754503
-0.754421
-0.753857
-0.753176
-0.752556
-0.752005
-0.751583
-0.751259
-0.750992
-0.750690
-0.750374
-0.750145
-0.749809
-0.749617
-0.748363
-0.747358
-0.746649
-0.744761
-0.743870
-0.743671
-0.744022
-0.742313
-0.740658
-0.739338
-0.738127
-0.736210
-0.733696
-0.730864
-0.729221
-0.727962
-0.726192
-0.723841
-0.722521
-0.721195
-0.718561
-0.716270
-0.715147
-0.714153
-0.712841
-0.709995
-0.706427
-0.704344
-0.702654
-0.701050
-0.697859
-0.695236
-0.691647
-0.688227
-0.685156
-0.681976
-0.678822
-0.675804
-0.672575
-0.669298
-0.665678
-0.661800
-0.658209
-0.654301
-0.650682
-0.647480
-0.644272
-0.640795
-0.636698
-0.633909
-0.630287
-0.625307
-0.619751
-0.614368
-0.610214
-0.605467
-0.601284
-0.599251
-0.596622
-0.593250
-0.589794
-0.585157
-0.579865
-0.575325
-0.569370
-0.563404
-0.556961
-0.551437
-0.546303
-0.540640
-0.535273
-0.530098
-0.524651
-0.520506
-0.515619
-0.510777
-0.504982
-0.498692
-0.493052
-0.488041
-0.483543
-0.478689
-0.473650
-0.467850
-0.461334
-0.455910
-0.450615
-0.445568
-0.439661
-0.433893
-0.426849
-0.420368
-0.414272
-0.407398
-0.400436
-0.393562
-0.387138
-0.382460
-0.376846
-0.370478
-0.361696
-0.352531
-0.343710
-0.334545
-0.325506
-0.315668
-0.306414
-0.298895
-0.291464
-0.285208
-0.278261
-0.271929
-0.266840
-0.260946
-0.253279
-0.244364
-0.236511
-0.229284
-0.221855
-0.214098
-0.205671
-0.197777
-0.188984
-0.180014
-0.170830
-0.160404
-0.149021
-0.139761
-0.133522
-0.127285
-0.119759
-0.112574
-0.105907
-0.099014
-0.091131
-0.082550
-0.073549
-0.064478
-0.054115
-0.045029
-0.036142
-0.028292
-0.020979
-0.012730
-0.005783
0.001411
0.007210
0.012644
0.019571
0.028133
0.038797
0.050058
0.058754
0.066584
0.075293
0.083811
0.089622
0.095007
0.099695
0.102711
0.106020
0.108467
0.110056
0.112675
0.114628
0.118113
0.122128
0.122263
0.122087
0.120743
0.118877
0.116385
0.113720
0.113731
0.114887
0.118073
0.123167
0.127228
0.130884
0.133745
0.136736
0.138681
0.139355
0.139385
0.137264
0.136024
0.134966
0.131596
0.128796
0.123173
0.115396
0.105097
0.093203
0.081551
0.070059
0.060675
0.055067
0.051430
0.052368
0.056435
0.063257
0.072773
0.082897
0.092915
0.101414
0.107698
0.112823
0.116062
0.120127
0.123409
0.127380
0.132103
0.135830
0.139923
0.144264
0.150221
0.156738
0.160997
0.166080
0.171230
0.177889
0.185595
0.193550
0.203390
0.213861
0.226341
0.238964
0.250292
0.262278
0.272779
0.283230
0.293655
0.302151
0.310209
0.317022
0.320950
0.325283
0.327425
0.328884
0.329605
0.332253
0.333454
0.333179
0.333731
0.334633
0.337706
0.341005
0.342197
0.345264
0.349226
0.355032
0.360119
0.363825
0.366398
0.368471
0.370308
0.369844
0.367870
0.364460
0.357836
0.349312
0.341198
0.330654
0.319405
0.308084
0.297079
0.285118
0.272171
0.259960
0.247458
0.235376
0.224537
0.212347
0.198469
0.182423
0.164864
0.151836
0.143831
0.138317
0.133678
0.130728
0.130711
0.132162
0.137110
0.143797
0.152664
0.161068
0.168161
0.175236
0.182384
0.186890
0.187056
0.184381
0.180859
0.175640
0.171623
0.167942
0.163845
0.159971
0.155048
0.145590
0.131952
0.114510
0.096645
0.077913
0.060143
0.045940
0.036585
0.035191
0.038017
0.041481
0.048843
0.055044
0.062551
0.069305
0.075047
0.081966
0.088644
0.098263
0.109482
0.119492
0.129549
0.139053
0.151844
0.165665
0.182201
0.200197
0.216728
0.231030
0.243265
0.257923
0.272682
0.283909
0.293678
0.301428
0.305517
0.309010
0.310087
0.311314
0.313026
0.313610
0.314362
0.313972
0.313522
0.313072
0.312973
0.311131
0.306118
0.300327
0.292042
0.285007
0.279984
0.273746
0.267666
0.259903
0.249027
0.236797
0.221966
0.210150
0.200035
0.192719
0.184361
0.173986
0.164028
0.154123
0.145603
0.137302
0.127756
0.120268
0.114271
0.108620
0.105532
0.101543
0.101854
0.104752
0.105854
0.104601
0.101524
0.095158
0.092903
0.092928
0.093115
0.089142
0.078735
0.063755
0.046215
0.032747
0.022217
0.017914
0.019930
0.026407
0.037582
0.050314
0.064762
0.079357
0.089987
0.099689
0.107094
0.110529
0.111557
0.116167
0.121679
0.126904
0.134495
0.143488
0.151039
0.159418
0.167933
0.179123
0.190828
0.205956
0.220261
0.234011
0.248058
0.260895
0.270283
0.277245
0.279310
0.280821
0.277910
0.277643
0.277954
0.275261
0.273792
0.271324
0.266792
0.258118
0.245989
0.228981
0.206894
0.183542
0.158234
0.132341
0.113581
0.102177
0.096252
0.097292
0.102497
0.110559
0.120296
0.130587
0.136436
0.136106
0.134155
0.129955
0.121973
0.118515
0.118237
0.121128
0.124767
0.129059
0.131550
0.127924
0.119404
0.106842
0.097248
0.088840
0.080654
0.076292
0.074158
0.072922
0.074900
0.077656
0.083620
0.091324
0.097034
0.102859
0.109135
0.121559
0.138149
0.154404
0.171186
0.186663
0.201929
0.214752
0.224028
0.227001
0.224665
0.220703
0.215406
0.212099
0.208158
0.202913
0.203569
0.208025
0.216734
0.227125
0.236019
0.245197
0.252573
0.258677
0.258530
0.248682
0.232794
0.211384
0.192039
0.175009
0.158995
0.148190
0.140778
0.139578
0.142662
0.144636
0.147484
0.149336
0.154263
0.160711
0.166031
0.170671
0.174992
0.181482
0.186460
0.186600
0.182114
0.171322
0.152241
0.130110
0.106319
0.087910
0.076466
0.074091
0.079037
0.087029
0.098637
0.109728
0.122395
0.132904
0.138260
0.143641
0.146774
0.148643
0.154104
0.162228
0.174246
0.187817
0.204674
0.222595
0.238647
0.260878
0.286179
0.312807
0.336987
0.357283
0.374866
0.386322
0.392311
0.391529
0.381809
0.368587
0.351627
0.334324
0.316708
0.296087
0.277750
0.262291
0.243317
0.224125
0.205757
0.193289
0.183943
0.180344
0.178576
0.176136
0.172928
0.167732
0.157852
0.150314
0.142080
0.131096
0.120800
0.109608
0.100384
0.092567
0.089739
0.086349
0.077885
0.066423
0.052311
0.042263
0.034311
0.033415
0.036388
0.041370
0.051546
0.063900
0.075253
0.090034
0.105564
0.129765
0.159260
0.192398
0.225834
0.256145
0.285223
0.309952
0.327570
0.338881
0.342720
0.346256
0.347330
0.347851
0.346300
0.342180
0.339479
0.335003
0.325829
0.314709
0.298498
0.278055
0.253342
0.230101
0.208838
0.189262
0.176085
0.168381
0.162508
0.164059
0.168163
0.178186
0.188606
0.199709
0.209120
0.214943
0.216543
0.212290
0.200102
0.184616
0.167353
0.158409
0.155334
0.158779
0.165550
0.173800
0.184603
0.195208
0.201988
0.207249
0.207314
0.207607
0.208355
0.213032
0.220385
0.229626
0.243788
0.260387
0.273720
0.286880
0.296032
0.302097
0.302898
0.304079
0.305128
0.302101
0.296328
0.288847
0.282063
0.274488
0.264042
0.252493
0.238659
0.226124
0.213766
0.200668
0.191711
0.185415
0.179543
0.176594
0.175306
0.177843
0.180698
0.179562
0.178276
0.175726
0.174456
0.171125
0.164728
0.158901
0.153982
0.151455
0.149490
0.146671
0.148098
0.151493
0.160616
0.172112
0.192741
0.218063
0.242676
0.267651
0.289135
0.311831
0.332367
0.343616
0.349491
0.347416
0.332809
0.311029
0.284002
0.256815
0.231003
0.210392
0.194242
0.179529
0.167149
0.155045
0.141508
0.136333
0.136448
0.141693
0.147736
0.155088
0.162491
0.167835
0.172709
0.174583
0.167482
0.162708
0.156811
0.152294
0.147249
0.143127
0.141281
0.139715
0.139469
0.138020
0.134260
0.132254
0.131529
0.140396
0.155289
0.172159
0.191616
0.212151
0.234608
0.254593
0.268190
0.275452
0.277298
0.276529
0.272026
0.272926
0.276995
0.280188
0.287167
0.294838
0.299463
0.301847
0.300074
0.293583
0.280960
0.260656
0.243542
0.229485
0.221045
0.216406
0.215691
0.222664
0.233009
0.245619
0.255322
0.257637
0.256491
0.251400
0.245434
0.237080
0.225714
0.210629
0.195353
0.187485
0.183868
0.180428
0.179472
0.180691
0.186539
0.195692
0.204254
0.211246
0.215244
0.224361
0.235670
0.244131
0.251875
0.257473
0.265553
0.272945
0.276203
0.276104
0.268345
0.256237
0.238876
0.222225
0.207026
0.190327
0.177933
0.169821
0.169712
0.173439
0.176903
0.184862
0.194618
0.203278
0.213737
0.223812
0.235512
0.245333
0.255310
0.261539
0.260498
0.255644
0.247372
0.239025
0.227365
0.212202
0.198908
0.185909
0.172195
0.162830
0.158026
0.162048
0.171309
0.192944
0.222815
0.252964
0.284327
0.312878
0.334106
0.346281
0.347595
0.343941
0.333395
0.320709
0.306273
0.291203
0.280823
0.274542
0.270809
0.271770
0.274113
0.277746
0.279770
0.283222
0.283703
0.278019
0.274033
0.272232
0.269638
0.270390
0.272717
0.280022
0.288609
0.291336
0.289982
0.284851
0.279087
0.268515
0.260784
0.254883
0.247677
0.243336
0.239460
0.236034
0.236818
0.238022
0.241167
0.243134
0.241156
0.238085
0.232269
0.235750
0.246647
0.260546
0.280077
0.302280
0.328016
0.353321
0.370243
0.380230
0.379744
0.377569
0.372581
0.368092
0.361300
0.349472
0.341545
0.334846
0.328558
0.319994
0.304508
0.287390
0.268353
0.252003
0.238838
0.225910
0.218922
0.214865
0.220869
0.232031
0.240704
0.247402
0.251896
0.257090
0.261040
0.260033
0.257591
0.252783
0.244736
0.240879
0.238499
0.247013
0.264565
0.285381
0.312597
0.342957
0.377033
0.410860
0.438393
0.460430
0.473852
0.481827
0.481056
0.469685
0.459026
0.449389
0.443689
0.438328
0.429153
0.419500
0.403423
0.384180
0.360926
0.337730
0.312864
0.282597
0.260000
0.242954
0.228130
0.218012
0.210537
0.208038
0.207586
0.204752
0.199965
0.191643
0.183517
0.174339
0.175999
0.186802
0.203522
0.221748
0.238401
0.265278
0.297480
0.325775
0.348354
0.365780
0.376221
0.382420
0.382065
0.383068
0.381258
0.379267
0.375719
0.367371
0.357485
0.346767
0.330872
0.315741
0.300438
0.286705
0.272137
0.264778
0.262783
0.261127
0.263531
0.268536
0.278685
0.287125
0.288458
0.283207
0.271332
0.255817
0.235994
0.214516
0.193665
0.185013
0.193577
0.212460
0.234436
0.260889
0.287523
0.314056
0.338833
0.356926
0.370636
0.377043
0.384539
0.392704
0.395166
0.395958
0.392700
0.387861
0.381855
0.371809
0.361025
0.344727
0.327799
0.309509
0.287535
0.272610
0.265728
0.268208
0.277908
0.288935
0.303547
0.316673
0.322344
0.320463
0.311338
0.303497
0.294785
0.287636
0.280420
0.274254
0.274868
0.280607
0.287880
0.298136
0.307274
0.322884
0.341480
0.358776
0.373175
0.390038
0.413168
0.437912
0.457336
0.470058
0.472084
0.465460
0.444777
0.404659
0.341261
0.261772
0.172901
0.083378
0.014612
-0.022259
-0.033335
-0.019096
0.011135
0.049091
0.096645
0.147964
0.200827
0.251659
0.302450
0.343426
0.365673
0.369932
0.355835
0.333645
0.306913
0.277603
0.255892
0.243189
0.242935
0.251446
0.262430
0.277769
0.293499
0.311462
0.329248
0.342941
0.355360
0.362967
0.369843
0.373571
0.371206
0.365559
0.356583
0.350283
0.342815
0.333294
0.326012
0.319681
0.321697
0.328196
0.334169
0.344679
0.356255
0.364418
0.374346
0.381433
0.387215
0.388830
0.387707
0.382267
0.367943
0.350121
0.330502
0.308079
0.289610
0.275681
0.274616
0.284517
0.306261
0.333656
0.361071
0.387554
0.409834
0.423294
0.429375
0.425112
0.415575
0.400488
0.378571
0.357649
0.337952
0.332396
0.335217
0.339310
0.345951
0.350735
0.354368
0.351637
0.339630
0.322159
0.296267
0.269957
0.241207
0.210781
0.185467
0.164930
0.159609
0.166279
0.183218
0.203474
0.221422
0.237019
0.247829
0.248722
0.244694
0.235807
0.232649
0.235016
0.239204
0.250366
0.267315
0.293100
0.322613
0.347088
0.368574
0.381735
0.391159
0.395485
0.391102
0.383245
0.373095
0.372383
0.375597
0.376186
0.376337
0.373041
0.370493
0.364988
0.358330
0.347504
0.330956
0.311886
0.290478
0.266964
0.247583
0.230043
0.218430
0.210674
0.214663
0.226635
0.238764
0.252377
0.265488
0.275665
0.287788
0.296860
0.305529
0.310709
0.314117
0.315495
0.312216
0.310032
0.309357
0.314098
0.322468
0.326775
0.329365
0.327585
0.318943
0.313339
0.310270
0.311766
0.313473
0.312147
0.313278
0.312317
0.309818
0.305368
0.302565
0.300751
0.297302
0.295849
0.293758
0.290264
0.288551
0.288544
0.291330
0.291100
0.296875
0.306786
0.315098
0.326527
0.337444
0.351669
0.364574
0.372284
0.376310
0.374500
0.371521
0.366125
0.358526
0.355892
0.359390
0.365238
0.369297
0.377270
0.397814
0.422684
0.442486
0.459801
0.470438
0.477999
0.481016
0.473553
0.461618
0.441763
0.419872
0.396616
0.379604
0.370245
0.364351
0.364624
0.367582
0.375755
0.384047
0.384218
0.378778
0.364359
0.344355
0.321278
0.295647
0.278368
0.268593
0.275391
0.296089
0.322651
0.356054
0.391018
0.426702
0.459938
0.483994
0.502417
0.512865
0.510704
0.495749
0.470463
0.435581
0.406384
0.382950
0.361937
0.346460
0.345079
0.353415
0.366096
0.386084
0.410885
0.440939
0.475025
0.508923
0.544407
0.574915
0.598698
0.607849
0.596813
0.574675
0.539330
0.495476
0.447863
0.405005
0.368845
0.339638
0.320730
0.310974
0.309656
0.312941
0.317667
0.332207
0.352404
0.373182
0.397915
0.422400
0.447308
0.468786
0.487579
0.498299
0.495522
0.484894
0.464653
0.434525
0.401546
0.365856
0.333376
0.305332
0.278744
0.259216
0.245523
0.246521
0.258011
0.273434
0.292862
0.312460
0.330948
0.342617
0.341108
0.329638
0.307613
0.287785
0.269501
0.252411
0.242893
0.243208
0.256308
0.276779
0.305710
0.335110
0.359375
0.380424
0.395052
0.401714
0.407223
0.410431
0.415951
0.419645
0.417927
0.413790
0.405329
0.400852
0.395823
0.387762
0.379839
0.370632
0.363163
0.356359
0.345856
0.333752
0.318695
0.307524
0.299932
0.292171
0.288044
0.286274
0.290047
0.295097
0.293177
0.279730
0.258064
0.228592
0.192183
0.151367
0.120544
0.101273
0.107252
0.132217
0.169098
0.216747
0.269022
0.325853
0.381670
0.430109
0.468805
0.496309
0.512856
0.513084
0.495243
0.459383
0.415974
0.380690
0.353424
0.330105
0.315868
0.309662
0.306971
0.305035
0.301569
0.291241
0.273493
0.248690
0.215862
0.175251
0.129297
0.082504
0.036287
-0.008268
-0.049320
-0.086594
-0.119034
-0.148287
-0.168659
-0.180088
-0.185371
-0.179741
-0.161110
-0.127649
-0.080885
-0.022268
0.067694
0.178185
0.298054
0.414642
0.525381
0.627279
0.730047
0.829790
0.923693
1.012411
1.091537
1.157387
1.213886
1.260456
1.300373
1.332592
1.362064
1.389429
1.413292
1.444120
1.479380
1.512278
1.543352
1.566484
1.584608
1.593914
1.598419
1.598608
1.593607
1.595085
1.602058
1.609133
1.618904
1.627829
1.636417
1.642645
1.648968
1.651934
1.647245
1.639967
1.630276
1.614523
1.598253
1.580904
1.561378
1.539766
1.516247
1.495092
1.473387
1.457098
1.441151
1.422405
1.397778
1.364639
1.322508
1.281902
1.247932
1.222523
1.204185
1.196747
1.198311
1.203451
1.217375
1.239029
1.273357
1.318233
1.374229
1.435566
1.496494
1.555864
1.609825
1.657944
1.694651
1.716681
1.724947
1.718302
1.697855
1.670286
1.634510
1.594917
1.550785
1.502934
1.458082
1.417742
1.391685
1.377113
1.373276
1.368074
1.312733
1.161819
0.913393
0.591459
0.232288
-0.125746
-0.435835
-0.670807
-0.812204
-0.871790
-0.873066
-0.848883
-0.822546
-0.796564
-0.771038
-0.735765
-0.685951
-0.619543
-0.536180
-0.447117
-0.357319
-0.275942
-0.210968
-0.157673
-0.116467
-0.081650
-0.053776
-0.032442
-0.012741
0.005394
0.021627
0.044794
0.071602
0.103819
0.135693
0.167847
0.199577
0.224953
0.244284
0.257725
0.268257
0.275133
0.277636
0.279148
0.279934
0.278885
0.278461
0.275633
0.267471
0.262739
0.257732
0.249916
0.239603
0.231979
0.225998
0.217007
0.214863
0.216900
0.226028
0.240097
0.254364
0.270546
0.283939
0.294142
0.299215
0.302641
0.300003
0.289629
0.277693
0.263714
0.247477
0.235397
0.226957
0.223686
0.221291
0.222464
0.224907
0.227863
0.238041
0.253456
0.276701
0.304871
0.332905
0.361565
0.388525
0.409531
0.421095
0.425032
0.426929
0.424057
0.415524
0.411537
0.411608
0.418062
0.425253
0.434286
0.440903
0.439884
0.428656
0.409573
0.382683
0.354359
0.325092
0.300436
0.280188
0.263695
0.254677
0.253227
0.265076
0.283875
0.306145
0.327259
0.343172
0.356224
0.363316
0.361784
0.351501
0.331287
0.309166
0.284866
0.263578
0.244732
0.229660
0.217800
0.207720
0.200480
0.199911
0.204294
0.213776
0.226030
0.240152
0.261292
0.286617
0.317871
0.349464
0.379860
0.405552
0.423710
0.436195
0.442852
0.447975
0.451967
0.453051
0.453224
0.452042
0.448090
0.447206
0.446640
0.447216
0.446983
0.448532
0.450209
0.448204
0.442839
0.432482
0.416258
0.398903
0.379215
0.364269
0.354441
0.352774
0.357275
0.364779
0.374430
0.383017
0.385975
0.386032
0.382662
0.376177
0.365898
0.350477
0.333611
0.316515
0.304090
0.294041
0.283318
0.275314
0.268667
0.269146
0.275324
0.284269
0.296728
0.312500
0.332499
0.352955
0.368664
0.381639
0.391920
0.398672
0.403145
0.412384
0.424616
0.437897
0.452784
0.468044
0.484810
0.499620
0.506386
0.506428
0.498886
0.493202
0.488373
0.479347
0.468637
0.457088
0.442686
0.428991
0.414978
0.400782
0.384867
0.365662
0.350981
0.341318
0.337959
0.337761
0.338495
0.343245
0.346462
0.348616
0.347881
0.343370
0.334604
0.321438
0.310074
0.301220
0.291273
0.286512
0.285431
0.291477
0.299196
0.307281
0.311924
0.311625
0.309052
0.305183
0.299488
0.296261
0.296940
0.302227
0.311728
0.329453
0.353283
0.376928
0.402107
0.424807
0.442820
0.456146
0.463730
0.465809
0.462112
0.456030
0.446407
0.432127
0.418831
0.407383
0.400551
0.395889
0.390930
0.386135
0.380882
0.375397
0.368629
0.359455
0.347610
0.337547
0.332239
0.328995
0.325720
0.321350
0.315948
0.307396
0.302313
0.299179
0.300905
0.306519
0.318073
0.333483
0.349970
0.369640
0.388784
0.403013
0.414108
0.419178
0.421400
0.418892
0.409771
0.400013
0.390663
0.383598
0.376127
0.367460
0.359972
0.351667
0.347664
0.346546
0.348961
0.350567
0.349804
0.345537
0.336187
0.327515
0.322819
0.318260
0.317947
0.320978
0.325708
0.333538
0.343002
0.355604
0.368877
0.379498
0.389044
0.398041
0.408344
0.415520
0.421562
0.425966
0.425585
0.422585
0.415421
0.405212
0.396164
0.387516
0.382177
0.378523
0.378265
0.379047
0.376308
0.374222
0.372265
0.367924
0.361235
0.350191
0.342409
0.335945
0.327564
0.318748
0.310413
0.303524
0.297424
0.291441
0.277884
0.254431
0.225685
0.194855
0.163811
0.140236
0.125162
0.121517
0.126312
0.136833
0.152561
0.169216
0.185421
0.197292
0.207766
0.213678
0.214424
0.213774
0.213377
0.213377
0.217102
0.223286
0.232439
0.243359
0.254004
0.270098
0.289562
0.313681
0.339874
0.366304
0.391481
0.412273
0.429703
0.443193
0.454182
0.460978
0.463745
0.464861
0.463697
0.459980
0.458145
0.458542
0.463209
0.469727
0.482025
0.496811
0.512691
0.528591
0.541508
0.553682
0.563047
0.564520
0.561115
0.552708
0.539219
0.524601
0.509552
0.492790
0.474176
0.459578
0.446642
0.432798
0.420254
0.405748
0.389294
0.372389
0.354527
0.338554
0.325848
0.320137
0.319126
0.321970
0.329475
0.337992
0.347961
0.356140
0.360441
0.360943
0.356964
0.352537
0.347776
0.341204
0.335842
0.330297
0.326504
0.322254
0.317476
0.309956
0.297831
0.285767
0.272970
0.258202
0.246172
0.238829
0.238226
0.240456
0.243856
0.245113
0.246695
0.245880
0.244493
0.242479
0.241180
0.240965
0.242281
0.248774
0.260414
0.279581
0.302380
0.324955
0.346645
0.366896
0.386904
0.404360
0.418812
0.428761
0.433899
0.435780
0.433969
0.433350
0.433884
0.434263
0.435753
0.438969
0.444050
0.451588
0.458267
0.465727
0.473680
0.481081
0.485212
0.486092
0.486843
0.486736
0.485107
0.482754
0.478315
0.473452
0.466480
0.456303
0.446106
0.435068
0.424862
0.412949
0.398714
0.386580
0.375109
0.366938
0.360205
0.352879
0.345257
0.336668
0.328558
0.319828
0.309305
0.297968
0.285336
0.273027
0.263367
0.256613
0.253159
0.254162
0.260078
0.268660
0.281048
0.295546
0.308544
0.321188
0.331741
0.343096
0.353329
0.360245
0.364779
0.366653
0.364174
0.357990
0.349314
0.339512
0.329676
0.320408
0.312632
0.306129
0.301771
0.299845
0.297300
0.292824
0.285496
0.279781
0.274870
0.269945
0.263100
0.254116
0.246445
0.240124
0.234161
0.230289
0.227240
0.226782
0.226191
0.228344
0.230761
0.232201
0.234545
0.239037
0.244255
0.250019
0.255310
0.260641
0.265064
0.272278
0.280746
0.288147
0.296436
0.304646
0.313522
0.322506
0.328741
0.334757
0.338915
0.342220
0.344961
0.347948
0.352251
0.357924
0.364651
0.372509
0.380373
0.388210
0.395409
0.401352
0.406559
0.410648
0.414183
0.416435
0.418203
0.418983
0.419930
0.422302
0.424154
0.427179
0.429790
0.431503
0.433437
0.437187
0.439665
0.441034
0.442127
0.444172
0.448284
0.452915
0.457767
0.463417
0.468605
0.472309
0.473850
0.474493
0.473783
0.470921
0.466057
0.457935
0.449455
0.440060
0.430395
0.420803
0.413046
0.406666
0.401728
0.398239
0.394978
0.391207
0.386887
0.381220
0.374947
0.366404
0.355522
0.343351
0.329346
0.315269
0.301035
0.289917
0.281708
0.275137
0.270357
0.267580
0.265156
0.262430
0.259516
0.255718
0.251427
0.245155
0.237692
0.229698
0.224543
0.220486
0.219749
0.220379
0.220804
0.221615
0.224007
0.225935
0.228127
0.229725
0.230598
0.230696
0.230938
0.231802
0.234043
0.238007
0.244476
0.251284
0.259670
0.268040
0.276882
0.284630
0.290613
0.294783
0.297863
0.298384
0.297920
0.297506
0.298618
0.299614
0.300667
0.302811
0.305519
0.308033
0.308857
0.309431
0.309011
0.308952
0.306856
0.302940
0.297804
0.291498
0.285358
0.280323
0.274124
0.267565
0.262526
0.257662
0.255203
0.253641
0.253332
0.254147
0.253696
0.253227
0.254316
0.256550
0.258476
0.259712
0.261417
0.262892
0.264368
0.264652
0.264641
0.263521
0.262774
0.261318
0.258823
0.256027
0.252592
0.247528
0.240509
0.233633
0.224506
0.215343
0.204641
0.193224
0.182983
0.174229
0.166483
0.157511
0.150721
0.144835
0.140753
0.139208
0.139034
0.140224
0.143169
0.146372
0.149979
0.153824
0.156776
0.157606
0.157646
0.159733
0.163824
0.167515
0.169294
0.169508
0.169884
0.172766
0.175562
0.177048
0.178398
0.178261
0.178474
0.179096
0.180399
0.180471
0.180902
0.181751
0.181534
0.181387
0.182098
0.183699
0.184204
0.185926
0.186882
0.188219
0.190842
0.197094
0.207054
0.221708
0.241411
0.267717
0.301018
0.340294
0.383556
0.430771
0.483032
0.541220
0.603119
0.667213
0.732458
0.796307
0.858498
0.919363
0.978256
1.034948
1.091377
1.147482
1.201876
1.255306
1.308880
1.362068
1.416475
1.470535
1.526411
1.584776
1.644863
1.707294
1.770847
1.834915
1.897955
1.958889
2.018396
2.074650
2.127491
2.177256
2.224710
2.270317
2.313616
2.356659
2.398609
2.439838
2.479799
2.518854
2.559914
2.603121
2.649477
2.697979
2.749063
2.801762
2.854786
2.907656
2.958675
3.006170
3.050026
3.089552
3.124043
3.157080
3.189655
3.221012
3.251389
3.280832
3.310167
3.338120
3.365788
3.392220
3.417910
3.444523
3.472446
3.501118
3.528528
3.555386
3.580389
3.603029
3.621391
3.636639
3.648130
3.657749
3.664179
3.669220
3.674274
3.679045
3.685135
3.692190
3.698524
3.704056
3.709206
3.715170
3.719303
3.721661
3.721500
3.719849
3.718037
3.714767
3.709751
3.704487
3.698198
3.691353
3.682634
3.673500
3.666138
3.660034
3.652981
3.644794
3.637659
3.630819
3.624092
3.616966
3.609650
3.601999
3.594702
3.586626
3.578541
3.568785
3.557978
3.547163
3.536514
3.527290
3.519768
3.512514
3.504560
3.495918
3.487598
3.480453
3.472630
3.462906
3.452229
3.443214
3.432739
3.422491
3.413139
3.404142
3.395071
3.385761
3.376621
3.366793
3.355886
3.345871
3.335014
3.323814
3.313244
3.303806
3.294603
3.285385
3.275612
3.265488
3.254368
3.243710
3.233124
3.222811
3.213213
3.202377
3.191137
3.179426
3.168030
3.154402
3.140867
3.129341
3.117916
3.106663
3.095875
3.086098
3.077223
3.068047
3.057758
3.047182
3.035934
3.024803
3.014534
3.004795
2.993166
2.980305
2.968428
2.955662
2.942699
2.929544
2.916740
2.905479
2.894852
2.886431
2.878008
2.869623
2.861828
2.852381
2.842083
2.829885
2.818516
2.807411
2.796616
2.786875
2.775646
2.763676
2.751564
2.739534
2.727295
2.715933
2.705996
2.697695
2.691080
2.685289
2.676838
2.668257
2.659149
2.651081
2.643078
2.633858
2.625912
2.620895
2.617304
2.616859
2.621387
2.627916
2.636530
2.645061
2.654037
2.663443
2.671925
2.679440
2.685926
2.690809
2.691996
2.691603
2.691830
2.691545
2.692749
2.694565
2.697121
2.703064
2.711170
2.723295
2.737705
2.753937
2.771454
2.788143
2.804022
2.818935
2.832462
2.847643
2.863373
2.881409
2.900909
2.922289
2.946327
2.970184
2.995941
3.020765
3.045174
3.070719
3.096947
3.122980
3.149824
3.174362
3.197609
3.219482
3.239841
3.259809
3.277760
3.295118
3.313011
3.328869
3.343046
3.354778
3.366777
3.377790
3.390017
3.405483
3.423223
3.444283
3.467703
3.492687
3.515728
3.536808
3.557005
3.574457
3.588699
3.598642
3.606190
3.615959
3.624933
3.633177
3.639168
3.644794
3.651680
3.658253
3.665192
3.672808
3.678486
3.682907
3.682209
3.677761
3.670427
3.661091
3.652058
3.643261
3.636333
3.632631
3.632542
3.636229
3.641184
3.645355
3.647758
3.647032
3.644386
3.635803
3.622883
3.607244
3.591433
3.577444
3.562735
3.550404
3.539574
3.530357
3.523052
3.515757
3.508205
3.499928
3.492496
3.486910
3.477486
3.465057
3.450325
3.435213
3.422306
3.411224
3.402441
3.395365
3.389442
3.385689
3.381973
3.378414
3.372011
3.362488
3.351099
3.337673
3.324594
3.312202
3.300802
3.295172
3.291351
3.290817
3.290192
3.288219
3.285973
3.281544
3.274937
3.265472
3.254940
3.246464
3.238916
3.232830
3.223141
3.212326
3.202068
3.191200
3.180340
3.169153
3.158991
3.151817
3.146784
3.144569
3.141216
3.136299
3.131668
3.124149
3.116014
3.104534
3.091740
3.079918
3.068413
3.059492
3.053560
3.046974
3.040329
3.032646
3.025555
3.017174
3.007420
2.997669
2.987759
2.978256
2.967747
2.956762
2.945324
2.932804
2.919960
2.904083
2.886158
2.867371
2.847557
2.828501
2.809336
2.792572
2.781839
2.772654
2.766556
2.760723
2.757252
2.755602
2.752993
2.748678
2.741842
2.734030
2.727926
2.720709
2.713768
2.704222
2.694942
2.687616
2.678200
2.669325
2.661589
2.656284
2.654436
2.650764
2.645178
2.638981
2.632696
2.629219
2.626421
2.633224
2.652065
2.673615
2.695930
2.713423
2.724020
2.725998
2.720284
2.710855
2.696817
2.682648
2.669706
2.663235
2.666489
2.678471
2.698006
2.719296
2.740479
2.761919
2.779806
2.792995
2.799126
2.800606
2.799408
2.796722
2.795097
2.796120
2.800701
2.808968
2.814156
2.818117
2.817289
2.815483
2.813387
2.809044
2.806374
2.805984
2.809635
2.819027
2.830692
2.844940
2.858774
2.873070
2.888924
2.900330
2.905811
2.904976
2.901476
2.897270
2.892174
2.887016
2.882332
2.881187
2.884844
2.885548
2.881947
2.877626
2.873690
2.870939
2.862911
2.851908
2.840061
2.830008
2.823624
2.815744
2.808722
2.802296
2.796799
2.795197
2.794579
2.798090
2.803469
2.813070
2.826374
2.836418
2.843132
2.846067
2.847591
2.850834
2.853886
2.857859
2.861300
2.867805
2.879868
2.891033
2.902758
2.914196
2.924120
2.934771
2.943136
2.950869
2.958471
2.967209
2.978905
2.991190
3.004797
3.014370
3.020983
3.028593
3.036299
3.045977
3.054996
3.066328
3.084957
3.109419
3.138693
3.163946
3.184340
3.200369
3.208067
3.209591
3.206673
3.201487
3.195988
3.191994
3.191895
3.190765
3.189045
3.188847
3.188808
3.188551
3.187372
3.187843
3.194447
3.207769
3.226891
3.245714
3.264317
3.284286
3.297024
3.302610
3.300877
3.296249
3.292450
3.288982
3.290224
3.292887
3.297386
3.305559
3.313686
3.320755
3.318941
3.310169
3.298605
3.285553
3.273611
3.261415
3.254204
3.255880
3.263056
3.275951
3.295290
3.313541
3.329937
3.338423
3.337666
3.328136
3.312475
3.295372
3.275658
3.257164
3.239323
3.225204
3.215580
3.207363
3.199999
3.191879
3.182606
3.174437
3.164690
3.155014
3.143238
3.130911
3.120495
3.107679
3.092049
3.067661
3.038307
3.008997
2.985016
2.967308
2.952843
2.940372
2.933861
2.931898
2.936802
2.944134
2.953892
2.967976
2.977043
2.980844
2.977470
2.968857
2.956295
2.938425
2.920765
2.901030
2.881023
2.863518
2.846981
2.833843
2.817633
2.799923
2.784153
2.769199
2.756317
2.744377
2.736427
2.736038
2.739788
2.748497
2.758768
2.771187
2.788246
2.805460
2.822769
2.832741
2.837978
2.840992
2.841681
2.842312
2.840967
2.841305
2.846926
2.851761
2.856714
2.859068
2.858809
2.858349
2.849979
2.835379
2.814674
2.792389
2.773649
2.756630
2.742935
2.733154
2.729221
2.733192
2.740887
2.751570
2.761307
2.770559
2.780933
2.787071
2.791441
2.796535
2.797569
2.795761
2.790031
2.781694
2.768661
2.755507
2.744614
2.734634
2.726660
2.717407
2.709114
2.704903
2.702213
2.700691
2.692722
2.681578
2.671335
2.660309
2.651222
2.642134
2.636459
2.638655
2.648737
2.664692
2.681606
2.698669
2.716118
2.727718
2.733063
2.727678
2.715553
2.699537
2.679121
2.658388
2.636526
2.618296
2.606079
2.595980
2.590761
2.581062
2.569056
2.558990
2.548954
2.539282
2.529964
2.525108
2.528803
2.540058
2.558926
2.577854
2.595034
2.613255
2.626507
2.635239
2.637253
2.634508
2.633904
2.636692
2.645025
2.651396
2.658115
2.668518
2.679186
2.690008
2.703581
2.717113
2.733913
2.752998
2.777607
2.808161
2.845039
2.885258
2.919685
2.946089
2.958696
2.960653
2.956333
2.943838
2.928650
2.910851
2.896025
2.889936
2.888784
2.894596
2.908958
2.933397
2.964233
2.992725
3.018608
3.039007
3.054108
3.065498
3.066961
3.061951
3.050415
3.036259
3.026100
3.017345
3.012953
3.008749
3.009260
3.014221
3.021099
3.028929
3.038311
3.047333
3.056528
3.061954
3.066177
3.065262
3.061947
3.060266
3.051449
3.037918
3.019520
3.001154
2.986198
2.972103
2.961502
2.951363
2.946171
2.947618
2.951492
2.957672
2.962788
2.968735
2.977497
2.982761
2.982170
2.970268
2.951130
2.930052
2.907774
2.886560
2.867504
2.856176
2.857782
2.867601
2.884956
2.903883
2.924770
2.947609
2.966784
2.983292
2.994585
3.001757
3.009756
3.015106
3.023300
3.032152
3.045122
3.063581
3.082710
3.104874
3.124352
3.143490
3.164557
3.182575
3.198233
3.208551
3.216766
3.225212
3.226219
3.222820
3.212938
3.200844
3.191416
3.180792
3.171242
3.161907
3.156681
3.159580
3.164091
3.172338
3.179432
3.187508
3.196938
3.203239
3.208105
3.204306
3.194313
3.184246
3.170570
3.154238
3.133831
3.114326
3.100674
3.091610
3.087929
3.086252
3.086557
3.092539
3.100508
3.110748
3.118994
3.126440
3.134991
3.135424
3.130386
3.118647
3.103638
3.089609
3.075848
3.063995
3.054100
3.048420
3.051208
3.054352
3.056473
3.049744
3.035988
3.019848
2.997866
2.972324
2.943909
2.918318
2.902853
2.896130
2.898474
2.906338
2.919353
2.937180
2.949242
2.954865
2.956863
2.951601
2.943630
2.932106
2.922543
2.913803
2.913000
2.920340
2.926201
2.931402
2.934359
2.937141
2.940464
2.941414
2.943401
2.946838
2.955341
2.970837
2.983158
2.994911
3.002148
3.004917
3.005468
2.999308
2.991348
2.978218
2.965538
2.958757
2.959763
2.968561
2.984293
2.992315
2.990898
2.979528
2.964291
2.943651
2.922194
2.909378
2.909283
2.923199
2.951651
2.986319
3.022968
3.053772
3.076218
3.084276
3.077606
3.062122
3.034584
3.002932
2.969135
2.942226
2.928062
2.923382
2.930403
2.947521
2.972944
3.008558
3.045647
3.082541
3.110527
3.129835
3.143509
3.142355
3.129765
3.114670
3.101543
3.094395
3.083530
3.075592
3.069500
3.069416
3.080338
3.095655
3.113546
3.129944
3.148182
3.168453
3.187222
3.203564
3.212145
3.214718
3.215324
3.211063
3.202431
3.188190
3.172886
3.163578
3.161480
3.167385
3.177824
3.193604
3.217419
3.237751
3.252668
3.257923
3.258240
3.256111
3.249752
3.244457
3.238857
3.236637
3.240271
3.239698
3.235516
3.223829
3.205976
3.186361
3.160530
3.132486
3.104111
3.082909
3.073874
3.074574
3.083532
3.096237
3.112865
3.131273
3.138985
3.138287
3.128487
3.114431
3.100166
3.084698
3.072222
3.059937
3.054523
3.058588
3.065800
3.076513
3.086929
3.098942
3.114346
3.128216
3.142834
3.155443
3.167143
3.180222
3.185707
3.186159
3.180103
3.169115
3.158367
3.145874
3.135609
3.129349
3.129566
3.137894
3.148891
3.160992
3.166506
3.167837
3.168179
3.163925
3.160192
3.157005
3.158598
3.171581
3.189899
3.213039
3.239042
3.261246
3.278772
3.287039
3.288132
3.273388
3.248758
3.223707
3.200623
3.183319
3.176477
3.176613
3.183735
3.197575
3.216677
3.230688
3.239140
3.242775
3.238943
3.228910
3.210159
3.185917
3.163242
3.142693
3.127544
3.114632
3.107126
3.106310
3.099785
3.088787
3.071089
3.051579
3.033915
3.017902
3.008446
3.003836
3.006544
3.019236
3.030615
3.040554
3.049713
3.054037
3.054119
3.047855
3.039127
3.029491
3.024542
3.026705
3.027424
3.028900
3.027374
3.026283
3.027954
3.027328
3.026443
3.026302
3.031746
3.045490
3.060949
3.076689
3.082846
3.081917
3.078091
3.066647
3.051567
3.032503
3.016527
3.009571
3.009365
3.015545
3.018820
3.021872
3.026260
3.028130
3.029755
3.026867
3.022789
3.021526
3.030624
3.049593
3.076517
3.095219
3.105030
3.110359
3.114403
3.106781
3.090027
3.069424
3.044979
3.027994
3.018705
3.017704
3.028336
3.048561
3.078949
3.111462
3.145157
3.176975
3.198376
3.211184
3.211164
3.204205
3.195827
3.182144
3.167248
3.151134
3.138010
3.129007
3.120565
3.114483
3.109255
3.107433
3.112259
3.118465
3.126507
3.132549
3.136408
3.141985
3.145561
3.149061
3.150230
3.151762
3.156206
3.162598
3.170225
3.175829
3.182598
3.192444
3.201960
3.213293
3.227978
3.241758
3.257467
3.270279
3.281254
3.287807
3.293777
3.302114
3.304892
3.305185
3.299763
3.289995
3.281601
3.264614
3.242146
3.213963
3.186686
3.164003
3.143576
3.129759
3.121166
3.120195
3.127825
3.138889
3.154451
3.166615
3.176071
3.183052
3.183525
3.180248
3.169598
3.157026
3.147963
3.142378
3.142538
3.143784
3.149895
3.163805
3.181705
3.202900
3.222988
3.242992
3.266132
3.287029
3.305914
3.316965
3.322807
3.327408
3.321674
3.308445
3.285351
3.258373
3.233986
3.212250
3.196945
3.191137
3.194923
3.208992
3.226879
3.247017
3.262634
3.273794
3.282213
3.283873
3.278788
3.265112
3.248699
3.235195
3.222733
3.214272
3.205994
3.200256
3.199493
3.201849
3.209364
3.214458
3.219015
3.227402
3.234474
3.240089
3.241398
3.240673
3.241730
3.240107
3.237377
3.233372
3.229361
3.229551
3.227369
3.223789
3.218222
3.211338
3.207075
3.201139
3.194521
3.183048
3.171179
3.160572
3.145653
3.129787
3.111496
3.094435
3.083771
3.076658
3.073797
3.072552
3.074245
3.080856
3.087685
3.096352
3.108406
3.123770
3.135365
3.139391
3.138218
3.130375
3.119144
3.110342
3.099598
3.089706
3.079645
3.073692
3.075018
3.081268
3.093252
3.105595
3.117306
3.133223
3.145851
3.156704
3.156212
3.146915
3.135620
3.119581
3.102264
3.079994
3.059729
3.048189
3.044563
3.047569
3.051510
3.057323
3.066418
3.073967
3.078865
3.076603
3.070736
3.065756
3.058865
3.052876
3.045696
3.040277
3.040972
3.040840
3.043442
3.043489
3.043922
3.048264
3.051334
3.055695
3.059044
3.063734
3.073404
3.084745
3.099007
3.111553
3.125389
3.143047
3.156204
3.165974
3.168713
3.168243
3.169258
3.165655
3.162954
3.156626
3.149817
3.147942
3.145082
3.143864
3.146374
3.144489
3.141005
3.133547
3.125612
3.115936
3.108215
3.108150
3.110411
3.116226
3.121271
3.124107
3.127077
3.126423
3.123236
3.114349
3.104544
3.099232
3.091429
3.083639
3.075432
3.070889
3.074062
3.078152
3.084490
3.088772
3.094187
3.104727
3.114004
3.121996
3.124313
3.122826
3.120880
3.113554
3.103928
3.089642
3.072662
3.057667
3.042625
3.029037
3.016056
3.005604
3.000893
2.999914
3.003597
3.002682
2.998596
2.994692
2.990170
2.985935
2.979212
2.972610
2.971645
2.976204
2.987223
2.995203
2.999439
3.003105
3.004007
3.003199
2.999277
2.996269
3.000450
3.010914
3.029579
3.046019
3.060726
3.075838
3.086193
3.092604
3.093214
3.091248
3.091496
3.093260
3.098364
3.102434
3.106480
3.111744
3.107689
3.095730
3.075176
3.053711
3.035805
3.020782
3.013067
3.012135
3.019190
3.038170
3.059969
3.083151
3.095345
3.097874
3.095306
3.091801
3.082836
3.066959
3.050762
3.042381
3.042133
3.050129
3.062620
3.079861
3.102520
3.125107
3.144827
3.160988
3.163494
3.155430
3.142155
3.130451
3.112041
3.089550
3.072273
3.057100
3.044632
3.032129
3.021236
3.014481
3.007765
3.003950
2.997593
2.990837
2.987778
2.984056
2.981148
2.976721
2.973261
2.974272
2.977604
2.984819
2.987337
2.986326
2.986061
2.983620
2.979206
2.972219
2.967625
2.969521
2.972204
2.979345
2.986223
2.995716
3.008305
3.020214
3.033340
3.038555
3.039253
3.041195
3.044220
3.051537
3.057501
3.063030
3.072958
3.082544
3.092957
3.098984
3.103064
3.106642
3.107468
3.106344
3.093975
3.076303
3.058723
3.040607
3.024492
3.009378
3.001425
3.003860
3.013239
3.029045
3.046047
3.063753
3.082371
3.093702
3.098125
3.099039
3.094280
3.085728
3.075420
3.067268
3.065958
3.062061
3.056133
3.047890
3.040617
3.037500
3.037386
3.042154
3.048231
3.055670
3.062862
3.068991
3.075287
3.074268
3.067043
3.053293
3.037952
3.025719
3.014460
3.007299
3.000641
2.996124
2.996277
2.995710
2.993805
2.983389
2.965359
2.945015
2.923336
2.902901
2.887768
2.876450
2.873108
2.875721
2.883780
2.891724
2.898697
2.906973
2.912329
2.915680
2.915346
2.914284
2.915367
2.919035
2.926847
2.933075
2.939201
2.946796
2.949150
2.945623
2.935707
2.923519
2.915430
2.910576
2.912977
2.920727
2.935963
2.959133
2.984407
3.010437
3.029297
3.041084
3.047068
3.045525
3.038933
3.028841
3.016876
3.010727
3.007332
3.009623
3.013704
3.019005
3.026888
3.032724
3.037472
3.039740
3.042519
3.048189
3.054161
3.061716
3.063700
3.063438
3.063700
3.061329
3.059063
3.054573
3.051155
3.054075
3.061916
3.073059
3.079868
3.085495
3.093264
3.099413
3.105040
3.108213
3.110691
3.118351
3.130209
3.146427
3.163157
3.180759
3.200167
3.215418
3.225786
3.224333
3.215233
3.203224
3.188026
3.173016
3.156647
3.143414
3.138103
3.140263
3.148869
3.158943
3.170738
3.183279
3.190105
3.193336
3.194054
3.187500
3.177862
3.163984
3.149359
3.134745
3.121677
3.114677
3.116419
3.127069
3.135242
3.140369
3.144285
3.145695
3.142487
3.132767
3.120560
3.113375
3.108961
3.108435
3.109001
3.112432
3.118660
3.124886
3.129536
3.130249
3.129042
3.129845
3.130186
3.132629
3.132057
3.129669
3.128456
3.130999
3.137215
3.137943
3.135624
3.134144
3.127802
3.118124
3.103096
3.088619
3.081800
3.081282
3.086950
3.096355
3.107601
3.119694
3.127327
3.130001
3.123800
3.110027
3.094784
3.076649
3.061680
3.047565
3.038216
3.035183
3.034626
3.036146
3.038818
3.044342
3.052958
3.060375
3.066723
3.071091
3.077072
3.086430
3.092644
3.098343
3.101122
3.101887
3.103683
3.104868
3.105995
3.107101
3.111059
3.119812
3.130413
3.143108
3.158756
3.172783
3.184774
3.186871
3.182175
3.170664
3.157694
3.146011
3.133873
3.124142
3.115938
3.111168
3.110455
3.109732
3.108654
3.106701
3.104546
3.103579
3.099184
3.092306
3.082325
3.071411
3.062195
3.046501
3.028057
3.006723
2.988813
2.976992
2.970936
2.972179
2.980125
2.996410
3.016819
3.031252
3.041092
3.048588
3.051456
3.048632
3.041058
3.032740
3.022285
3.013849
3.010635
3.010944
3.015358
3.018513
3.021564
3.025896
3.032465
3.041990
3.044107
3.041359
3.039015
3.038366
3.040092
3.046549
3.054554
3.070162
3.097015
3.133282
3.171427
3.201805
3.224813
3.237438
3.240936
3.236313
3.222960
3.204041
3.185759
3.169041
3.157379
3.149311
3.146690
3.148735
3.156631
3.166786
3.177721
3.189243
3.195913
3.196045
3.187294
3.174397
3.160305
3.142265
3.122601
3.107433
3.096241
3.093500
3.097454
3.107996
3.123890
3.144115
3.168087
3.188650
3.206625
3.219105
3.226164
3.230156
3.230965
3.230993
3.226700
3.220047
3.214235
3.208353
3.202505
3.194443
3.186928
3.182045
3.177759
3.176159
3.171846
3.166304
3.162956
3.159481
3.157803
3.155901
3.153973
3.157072
3.165775
3.178881
3.196697
3.213442
3.228252
3.239222
3.246927
3.250494
3.251976
3.254498
3.258036
3.263218
3.265371
3.265474
3.264820
3.261908
3.258938
3.254799
3.250124
3.246765
3.244326
3.243904
3.241627
3.238434
3.235985
3.234499
3.234999
3.237087
3.238518
3.241684
3.244610
3.248562
3.251650
3.252777
3.254385
3.254829
3.253937
3.250313
3.245010
3.239916
3.233829
3.227522
3.222315
3.217440
3.213711
3.208267
3.202942
3.199184
3.199398
3.199835
3.193750
3.182877
3.171646
3.159983
3.147854
3.133764
3.119726
3.106762
3.092548
3.078320
3.065836
3.056023
3.046053
3.036177
3.027086
3.017778
3.010075
3.006092
3.002811
2.997702
2.989046
2.977484
2.965555
2.952280
2.939569
2.922174
2.902224
2.880869
2.861671
2.846987
2.837191
2.834332
2.837877
2.850941
2.878578
2.916462
2.960588
3.004765
3.042671
3.070631
3.084568
3.084339
3.074026
3.055134
3.031454
3.002527
2.974043
2.949348
2.928253
2.914141
2.906399
2.907040
2.914112
2.924675
2.939301
2.954544
2.970135
2.984898
2.995575
3.003906
3.007172
3.009567
3.014774
3.023232
3.038204
3.057976
3.079283
3.099415
3.119202
3.139105
3.158094
3.174561
3.190899
3.204260
3.216057
3.224888
3.232452
3.238194
3.245222
3.254015
3.263903
3.274738
3.285801
3.293364
3.299675
3.303288
3.306101
3.308617
3.310232
3.313118
3.316620
3.321514
3.325045
3.327438
3.329563
3.328802
3.325855
3.318672
3.309902
3.302582
3.294661
3.287409
3.277874
3.269585
3.262892
3.256609
3.252163
3.248129
3.243734
3.241928
3.239750
3.237453
3.233679
3.229218
3.225574
3.217333
3.205175
3.189529
3.172977
3.158356
3.144209
3.132805
3.122868
3.115658
3.112123
3.110775
3.111382
3.111822
3.110846
3.109800
3.106916
3.102203
3.095779
3.087944
3.081451
3.073547
3.064323
3.055212
3.047476
3.041723
3.037033
3.033617
3.028669
3.024483
3.023640
3.023907
3.026487
3.027269
3.028507
3.030794
3.031918
3.032873
3.029966
3.024174
3.017868
3.011059
3.005154
3.000328
2.998255
3.000187
3.005751
3.015549
3.026522
3.038738
3.052330
3.064306
3.073656
3.078650
3.079754
3.079590
3.077450
3.073467
3.071281
3.070795
3.073524
3.076557
3.080969
3.086449
3.092724
3.098993
3.104599
3.109352
3.112568
3.115980
3.119909
3.122211
3.125015
3.126993
3.129719
3.133598
3.137571
3.142288
3.147490
3.152554
3.157358
3.161812
3.165857
3.166828
3.167191
3.167524
3.166552
3.165148
3.164690
3.163795
3.164497
3.164843
3.165112
3.163626
3.162312
3.161240
3.160824
3.161106
3.161182
3.161396
3.163576
3.165142
3.166279
3.166578
3.165653
3.165497
3.164692
3.163857
3.164066
3.163376
3.161314
3.160748
3.159836
3.157715
3.156158
3.156189
3.156340
3.157606
3.158684
3.160828
3.165024
3.171690
3.182034
3.193005
3.203514
3.214413
3.222000
3.226946
3.226730
3.223925
3.220020
3.214264
3.209187
3.205242
3.204271
3.206974
3.210878
3.215788
3.224440
3.234385
3.244232
3.252392
3.260025
3.266451
3.271246
3.275875
3.279732
3.283146
3.286991
3.290510
3.292982
3.293530
3.293905
3.296225
3.297918
3.299152
3.299599
3.299513
3.300831
3.302000
3.303183
3.302622
3.302057
3.303043
3.304630
3.306229
3.307384
3.309309
3.311615
3.313526
3.314301
3.314545
3.314352
3.312401
3.310505
3.307993
3.305559
3.302233
3.297138
3.292599
3.287842
3.283630
3.280540
3.275669
3.270435
3.265270
3.262115
3.258167
3.254234
3.249271
3.243483
3.237736
3.231840
3.225897
3.219513
3.214216
3.209991
3.205532
3.200960
3.196478
3.192013
3.187010
3.182051
3.175453
3.169155
3.163769
3.158064
3.152130
3.145935
3.140356
3.134651
3.129120
3.125208
3.121475
3.117418
3.113426
3.108807
3.103436
3.098145
3.092941
3.087421
3.082808
3.077736
3.073441
3.069487
3.066990
3.065407
3.065010
3.064653
3.063019
3.060760
3.058945
3.056688
3.056171
3.055695
3.055500
3.055868
3.055983
3.055517
3.056593
3.058765
3.061493
3.063469
3.064795
3.066053
3.067266
3.067936
3.069456
3.071596
3.073925
3.077391
3.081051
3.084869
3.089027
3.093567
3.097811
3.101578
3.105816
3.110596
3.114748
3.118401
3.122231
3.125713
3.128796
3.132818
3.136427
3.139952
3.143606
3.146538
3.148209
3.149780
3.152149
3.154022
3.155918
3.158417
3.160618
3.161718
3.164440
3.167440
3.169575
3.171541
3.174231
3.176802
3.178772
3.181007
3.183918
3.185650
3.187895
3.190845
3.193338
3.196239
3.200241
3.203045
3.205259
3.207388
3.210300
3.213423
3.216965
3.220644
3.223873
3.227722
3.230249
3.233250
3.236065
3.238640
3.240799
3.242805
3.244644
3.246519
3.248173
3.251026
3.253559
3.255356
3.257011
3.259737
3.261806
3.264704
3.268127
3.272499
3.276594
3.280132
3.283993
3.287487
3.291100
3.293249
3.295069
3.298000
3.301561
3.305197
3.308678
3.311596
3.313122
3.314304
3.317282
3.321625
3.326294
3.331280
3.335239
3.340096
3.344887
3.349047
3.353186
3.358433
3.364508
3.369595
3.373665
3.377193
3.380463
3.384251
3.388346
3.392361
3.396709
3.401239
3.406279
3.411596
3.416752
3.421337
3.425194
3.429945
3.435469
3.440365
3.445074
3.450409
3.455471
3.460476
3.465305
3.471367
3.476812
3.481754
3.487976
3.493845
3.500450
3.506891
3.513243
3.519756
3.526352
3.532108
3.536814
3.542622
3.549019
3.555046
3.560560
3.565893
3.571718
3.577955
3.584177
3.591476
3.599434
3.608171
3.617046
3.625111
3.632641
3.639256
3.647099
3.654209
3.660955
3.667812
3.674948
3.683235
3.692585
3.701977
3.711874
3.721197
3.730576
3.738966
3.747053
3.754532
3.762587
3.771214
3.780525
3.789865
3.798494
3.807419
3.816544
3.825436
3.834015
3.843138
3.852859
3.862701
3.872068
3.881031
3.890057
3.900345
3.912174
3.923622
3.934017
3.944321
3.954752
3.964556
3.973038
3.981777
3.990120
3.998566
4.008221
4.018829
4.029675
4.041195
4.052866
4.062643
4.071415
4.079435
4.088776
4.098875
4.111174
4.125687
4.138138
4.150307
4.163498
4.177074
4.188618
4.199261
4.210041
4.220026
4.230400
4.240129
4.250271
4.260811
4.270874
4.283379
4.297907
4.312056
4.325426
4.338116
4.351032
4.363552
4.374754
4.385822
4.395685
4.405546
4.416290
4.426634
4.437698
4.450853
4.465725
4.481491
4.497021
4.511723
4.524584
4.536549
4.547253
4.557659
4.569033
4.581486
4.594574
4.606873
4.618864
4.631779
4.644373
4.659344
4.675684
4.690876
4.706602
4.721531
4.736629
4.750502
4.761929
4.772987
4.782858
4.794006
4.805504
4.816607
4.829964
4.846334
4.864874
4.883345
4.900940
4.919310
4.936228
4.950100
4.962994
4.975252
4.987946
5.001032
5.015572
5.030418
5.043629
5.057949
5.072456
5.087406
5.102943
5.118618
5.135052
5.149685
5.164398
5.178791
5.192360
5.207994
5.224899
5.243343
5.261322
5.277920
5.294369
5.309669
5.325727
5.341110
5.355165
5.371204
5.388525
5.406542
5.425457
5.444136
5.463844
5.483345
5.502003
5.519489
5.535402
5.552099
5.567146
5.582695
5.598797
5.614227
5.631525
5.650293
5.671795
5.693420
5.712742
5.732456
5.751545
5.770828
5.789616
5.805262
5.821152
5.836918
5.853474
5.870314
5.887079
5.905283
5.923706
5.942478
5.960121
5.977125
5.994272
6.010740
6.029587
6.049292
6.068794
6.088573
6.107359
6.125111
6.140659
6.152918
6.165470
6.178549
6.194790
6.213379
6.231529
6.250423
6.270874
6.291245
6.310472
6.327150
6.342001
6.355059
6.369741
6.386154
6.402538
6.420662
6.439980
6.460194
6.479528
6.496790
6.512928
6.527706
6.542236
6.556969
6.571098
6.586025
6.602062
6.618256
6.633369
6.647415
6.660980
6.674774
6.690531
6.705599
6.719887
6.737011
6.756037
6.777695
6.798956
6.818392
6.836933
6.853546
6.868507
6.879955
6.887972
6.894497
6.899979
6.909094
6.921289
6.934900
6.949675
6.964325
6.980198
6.995861
7.007469
7.016108
7.023010
7.030052
7.037365
7.044727
7.053871
7.064217
7.075691
7.086618
7.096004
7.106098
7.114197
7.121216
7.126347
7.126762
7.124529
7.120161
7.113586
7.104197
7.091946
7.079287
7.065742
7.054045
7.042971
7.030937
7.021915
7.014429
7.008905
7.004652
6.997766
6.988831
6.979584
6.971222
6.960609
6.947443
6.930492
6.909883
6.890547
6.872747
6.854794
6.837395
6.821196
6.810184
6.800434
6.789549
6.778601
6.766012
6.752602
6.736820
6.717337
6.698883
6.680882
6.664850
6.650604
6.638067
6.629732
6.623365
6.621616
6.621891
6.621861
6.622362
6.621937
6.621128
6.618769
6.612400
6.604765
6.595592
6.588392
6.580534
6.569969
6.559668
6.549997
6.543312
6.537886
6.532297
6.528175
6.526012
6.526358
6.526222
6.523365
6.521198
6.516632
6.512993
6.509705
6.505161
6.501112
6.495714
6.492521
6.490902
6.487463
6.486538
6.487591
6.491791
6.497978
6.503763
6.510574
6.516827
6.523687
6.529638
6.532642
6.534836
6.535275
6.536949
6.537777
6.536655
6.535566
6.533112
6.532324
6.532932
6.531956
6.533260
6.536486
6.544027
6.555199
6.566870
6.583033
6.602619
6.624847
6.647150
6.666206
6.683914
6.698587
6.711765
6.721933
6.729109
6.736403
6.742786
6.751156
6.761120
6.770418
6.780594
6.789005
6.796810
6.803989
6.809710
6.816521
6.824057
6.834108
6.845055
6.853132
6.860676
6.866167
6.871567
6.873558
6.869518
6.863583
6.855129
6.847086
6.838486
6.828384
6.820507
6.813135
6.809055
6.806694
6.804056
6.802786
6.800835
6.801048
6.801208
6.798454
6.795116
6.791458
6.790386
6.789276
6.784973
6.780451
6.775648
6.771755
6.768045
6.761580
6.753843
6.742474
6.730785
6.718084
6.701994
6.686098
6.671125
6.659191
6.649446
6.638517
6.630411
6.624880
6.623627
6.625090
6.625359
6.626406
6.627724
6.627701
6.628702
6.627419
6.627010
6.626705
6.627131
6.626820
6.623156
6.619106
6.612873
6.607294
6.601295
6.594164
6.589603
6.585131
6.580280
6.577856
6.575790
6.575005
6.574163
6.575603
6.575886
6.573174
6.569904
6.565781
6.563971
6.563442
6.562090
6.563766
6.566902
6.573471
6.580818
6.586037
6.591820
6.595144
6.601839
6.609316
6.614552
6.618389
6.619820
6.620638
6.618435
6.609972
6.600521
6.590471
6.583014
6.577261
6.573217
6.573298
6.574572
6.580584
6.587627
6.591795
6.593758
6.593439
6.592329
6.589153
6.583101
6.575626
6.567120
6.559967
6.550835
6.536570
6.520472
6.501360
6.483267
6.463221
6.438931
6.415058
6.393251
6.378222
6.369282
6.359577
6.350853
6.341869
6.334742
6.325233
6.310530
6.292212
6.269924
6.248407
6.227285
6.205551
6.186035
6.169678
6.158792
6.150810
6.142265
6.136114
6.130341
6.128168
6.127319
6.125530
6.126005
6.127441
6.125994
6.127625
6.129719
6.128387
6.127041
6.130157
6.133625
6.133177
6.131346
6.127586
6.125708
6.124588
6.119635
6.113876
6.106537
6.096447
6.090719
6.089218
6.091614
6.095993
6.105755
6.115864
6.123878
6.131226
6.134995
6.144802
6.158382
6.170387
6.183146
6.194820
6.205994
6.212643
6.211964
6.207676
6.198673
6.188986
6.180456
6.172371
6.169718
6.173313
6.189636
6.215065
6.244205
6.274664
6.302238
6.328701
6.348885
6.361370
6.367550
6.368649
6.370491
6.372786
6.374184
6.381107
6.392323
6.408854
6.426598
6.441029
6.455029
6.468159
6.484627
6.500719
6.512339
6.523573
6.532875
6.540798
6.544876
6.541470
6.531815
6.517689
6.502628
6.486851
6.471178
6.461208
6.457157
6.464748
6.481627
6.501427
6.523123
6.543518
6.562550
6.575081
6.579494
6.577869
6.569431
6.558929
6.547842
6.535152
6.525501
6.518087
6.519588
6.527052
6.535282
6.544821
6.553133
6.561554
6.566952
6.566408
6.564884
6.562300
6.561720
6.563587
6.565502
6.570858
6.578861
6.589472
6.597948
6.601025
6.602983
6.601620
6.603880
6.609200
6.611683
6.613308
6.611904
6.608730
6.601107
6.584679
6.564827
6.542229
6.521965
6.503668
6.487541
6.481159
6.484270
6.497574
6.515215
6.531578
6.545788
6.554245
6.556683
6.550360
6.535404
6.521046
6.508606
6.500980
6.497795
6.496758
6.499548
6.502855
6.507248
6.511106
6.509466
6.506254
6.501263
6.502621
6.509518
6.516441
6.526436
6.537512
6.548841
6.556835
6.555929
6.548616
6.534903
6.521858
6.509995
6.497602
6.489380
6.484671
6.486052
6.490017
6.491486
6.491451
6.487875
6.488323
6.491251
6.492210
6.495802
6.500731
6.511139
6.522842
6.530464
6.534691
6.532114
6.527107
6.520826
6.511269
6.501499
6.493179
6.489014
6.488010
6.487303
6.493721
6.504536
6.519983
6.536762
6.549595
6.561726
6.569912
6.574547
6.572588
6.563156
6.550390
6.534870
6.525354
6.521132
6.519678
6.522224
6.526060
6.533367
6.540199
6.540737
6.537941
6.530968
6.523319
6.514730
6.503389
6.498938
6.501524
6.512527
6.528038
6.542397
6.555599
6.561989
6.562923
6.556417
6.541553
6.530151
6.523136
6.518839
6.521912
6.530216
6.543842
6.557386
6.572277
6.585251
6.592655
6.603535
6.615837
6.632378
6.650417
6.667912
6.687428
6.704836
6.722748
6.738449
6.747723
6.755188
6.760799
6.766109
6.770639
6.771835
6.772999
6.773193
6.774685
6.775438
6.773939
6.774065
6.777039
6.784952
6.795090
6.803856
6.819956
6.841166
6.866558
6.891863
6.913513
6.932821
6.946636
6.955015
6.957148
6.952370
6.945545
6.937273
6.932751
6.929094
6.925739
6.931112
6.944233
6.962814
6.980026
6.993145
7.004322
7.012024
7.016525
7.017698
7.012535
7.013235
7.018925
7.031181
7.047108
7.063208
7.080566
7.093466
7.102766
7.105181
7.098648
7.087101
7.070316
7.054401
7.040035
7.025791
7.015503
7.006794
7.004562
7.007082
7.009930
7.013914
7.016581
7.020683
7.020874
7.014599
6.999474
6.985331
6.976393
6.970440
6.964497
6.961521
6.961525
6.966381
6.971895
6.972143
6.969398
6.960878
6.956715
6.956861
6.959219
6.966427
6.978268
6.995237
7.013491
7.026804
7.033249
7.029804
7.025879
7.020388
7.010328
6.998758
6.986101
6.978170
6.971415
6.962461
6.952524
6.940914
6.930653
6.919880
6.905952
6.898306
6.895945
6.899853
6.905293
6.909216
6.912605
6.913372
6.912909
6.909981
6.902695
6.895924
6.892113
6.900196
6.918217
6.941406
6.970415
7.001295
7.031860
7.055931
7.068184
7.073420
7.070385
7.063066
7.051603
7.036839
7.026203
7.019308
7.024565
7.038328
7.051640
7.066742
7.079878
7.092815
7.102715
7.104698
7.102257
7.097221
7.095098
7.096706
7.099064
7.106153
7.115164
7.128239
7.141556
7.149370
7.158701
7.166500
7.173618
7.178646
7.180309
7.183987
7.188797
7.196125
7.203510
7.208845
7.209488
7.206209
7.198017
7.193739
7.192951
7.197731
7.205063
7.220671
7.241156
7.262907
7.287981
7.311432
7.333797
7.350109
7.355026
7.350769
7.336029
7.319593
7.302254
7.284279
7.271786
7.265148
7.266899
7.272709
7.276381
7.279919
7.281281
7.280087
7.277870
7.272207
7.266903
7.262352
7.260910
7.258316
7.251831
7.245937
7.239588
7.235119
7.229673
7.221653
7.218849
7.220928
7.228861
7.238272
7.245810
7.253624
7.257805
7.260572
7.260750
7.253416
7.243591
7.230776
7.224350
7.222721
7.222198
7.221441
7.219011
7.216660
7.211689
7.199677
7.183485
7.164036
7.146706
7.130180
7.112658
7.102983
7.099709
7.101496
7.102804
7.098148
7.086960
7.065926
7.040274
7.010326
6.974930
6.946123
6.924343
6.909000
6.899109
6.890892
6.886898
6.882130
6.875971
6.865902
6.849167
6.831036
6.809715
6.790085
6.771866
6.753294
6.738235
6.725552
6.718639
6.713959
6.707409
6.701538
6.694452
6.687553
6.677238
6.661310
6.646063
6.630686
6.616232
6.601297
6.586739
6.576431
6.568928
6.569180
6.573183
6.576757
6.583483
6.590641
6.597435
6.602589
6.602879
6.601601
6.596668
6.591776
6.584667
6.572523
6.554920
6.532379
6.509771
6.487812
6.463367
6.443090
6.427425
6.421644
6.423681
6.429844
6.449203
6.476767
6.509071
6.537518
6.556232
6.569368
6.572163
6.568830
6.558645
6.541264
6.524136
6.508900
6.502316
6.503305
6.508978
6.521393
6.536610
6.552242
6.564529
6.571178
6.576099
6.580723
6.589401
6.601532
6.615768
6.635521
6.657476
6.681843
6.705975
6.725266
6.739262
6.746328
6.747761
6.742250
6.726131
6.709497
6.694309
6.677694
6.659395
6.639370
6.629560
6.625759
6.629616
6.636726
6.643082
6.653488
6.664761
6.674294
6.679127
6.674061
6.664389
6.651161
6.636143
6.618298
6.597477
6.579857
6.565256
6.557255
6.553452
6.550253
6.551897
6.555332
6.562275
6.569452
6.572193
6.573967
6.573725
6.573635
6.569305
6.557091
6.539185
6.514912
6.489962
6.463623
6.434317
6.408432
6.387846
6.374805
6.366627
6.359465
6.356012
6.353760
6.354393
6.353724
6.346531
6.335642
6.322012
6.310751
6.300451
6.289055
6.281113
6.275826
6.280533
6.290993
6.302204
6.315420
6.327377
6.341780
6.354450
6.361053
6.364496
6.362820
6.361164
6.359407
6.355614
6.350342
6.343872
6.340132
6.337673
6.332355
6.332224
6.335508
6.342834
6.352192
6.358910
6.364916
6.367666
6.370213
6.368198
6.358688
6.347366
6.333792
6.323015
6.313931
6.302118
6.292126
6.283356
6.276953
6.270941
6.263409
6.258797
6.257084
6.260437
6.265415
6.268551
6.274500
6.281481
6.289160
6.294518
6.292784
6.293335
6.293751
6.295488
6.294279
6.288681
6.283895
6.277096
6.271393
6.264372
6.253475
6.242640
6.231415
6.224800
6.220148
6.215504
6.213230
6.210606
6.209221
6.203478
6.189240
6.171051
6.148424
6.127605
6.108133
6.087223
6.069262
6.054190
6.045961
6.040705
6.035019
6.029703
6.022089
6.016792
6.012272
6.005898
6.005653
6.009232
6.015966
6.022205
6.022991
6.019857
6.009386
5.995474
5.976738
5.953463
5.930965
5.909122
5.891207
5.877899
5.866251
5.860924
5.858086
5.859188
5.860155
5.857376
5.854998
5.849745
5.840622
5.830462
5.817739
5.807512
5.797577
5.792870
5.792112
5.792850
5.799170
5.810766
5.828417
5.848293
5.865864
5.882900
5.896616
5.911161
5.924400
5.932701
5.936611
5.935049
5.931976
5.926685
5.917953
5.915096
5.917870
5.926912
5.937899
5.946754
5.954891
5.959909
5.962872
5.962372
5.956978
5.951548
5.945961
5.941566
5.937872
5.932735
5.931318
5.931335
5.935173
5.940975
5.943600
5.949442
5.955837
5.964512
5.972313
5.975044
5.977570
5.977356
5.978321
5.978506
5.975021
5.974361
5.976234
5.983910
5.995941
6.007729
6.022461
6.036915
6.054417
6.073101
6.088383
6.104059
6.118582
6.135523
6.153492
6.169373
6.186972
6.203125
6.218269
6.230694
6.237286
6.241730
6.241991
6.241743
6.238991
6.232567
6.227285
6.223118
6.224184
6.228153
6.230404
6.238895
6.252316
6.270691
6.287697
6.299767
6.310917
6.318176
6.323914
6.325420
6.321846
6.319061
6.317709
6.321442
6.327467
6.332357
6.337393
6.342453
6.348743
6.354065
6.354387
6.358850
6.365547
6.376572
6.390276
6.403996
6.421091
6.438202
6.453960
6.464428
6.466885
6.463264
6.453295
6.442562
6.428791
6.409941
6.391659
6.373791
6.358576
6.344280
6.327353
6.310827
6.294586
6.286905
6.284065
6.282558
6.284813
6.287691
6.292957
6.295874
6.291239
6.283188
6.269714
6.253677
6.235590
6.217430
6.203096
6.192415
6.188732
6.190197
6.192924
6.199915
6.208029
6.218597
6.228363
6.234808
6.244268
6.255884
6.268791
6.280222
6.287672
6.293781
6.296558
6.296371
6.291992
6.280880
6.266153
6.247807
6.228621
6.207748
6.185688
6.167007
6.153776
6.148069
6.147018
6.146679
6.150286
6.155018
6.164612
6.175766
6.183186
6.187601
6.188335
6.189459
6.189259
6.183262
6.174129
6.161175
6.148443
6.135715
6.122948
6.114525
6.110523
6.117065
6.131264
6.146772
6.164639
6.184963
6.207006
6.227381
6.242018
6.253189
6.258617
6.265842
6.275148
6.282349
6.290924
6.300285
6.313555
6.325260
6.331711
6.333216
6.328497
6.316416
6.296225
6.273539
6.256456
6.244934
6.239140
6.236004
6.232653
6.231304
6.228218
6.224451
6.217907
6.206406
6.198986
6.195358
6.196718
6.200512
6.202316
6.203888
6.203148
6.200176
6.192301
6.178577
6.163671
6.148188
6.136654
6.126865
6.116915
6.112770
6.113449
6.118422
6.124615
6.128080
6.131706
6.135405
6.139868
6.142252
6.139383
6.140690
6.144648
6.149696
6.153065
6.151241
6.146835
6.139618
6.130299
6.117695
6.101543
6.085939
6.070038
6.059937
6.052750
6.047544
6.049986
6.057138
6.067743
6.078419
6.085590
6.089466
6.088261
6.083645
6.075190
6.061895
6.048662
6.035030
6.029133
6.030281
6.035004
6.043163
6.051163
6.060677
6.068209
6.071457
6.072811
6.071758
6.075869
6.084604
6.094305
6.107071
6.122473
6.140976
6.158100
6.170036
6.176491
6.177017
6.178150
6.178871
6.177238
6.176422
6.177092
6.181705
6.187969
6.191349
6.193247
6.193712
6.192949
6.189651
6.183193
6.177513
6.172703
6.172802
6.176149
6.178713
6.182787
6.186312
6.191187
6.196690
6.201468
6.207094
6.212353
6.223295
6.238096
6.251097
6.264238
6.275236
6.285625
6.291990
6.289822
6.283529
6.274418
6.265638
6.258377
6.250494
6.246872
6.248024
6.255726
6.266165
6.275475
6.286638
6.297489
6.308010
6.315960
6.319424
6.323833
6.326839
6.334917
6.346865
6.358398
6.371344
6.381781
6.390743
6.396385
6.395037
6.387947
6.374584
6.358135
6.338465
6.315479
6.294222
6.275616
6.263054
6.255836
6.251089
6.251205
6.253963
6.258928
6.263170
6.263678
6.261835
6.255909
6.246130
6.232658
6.216331
6.201588
6.189344
6.181877
6.177864
6.173351
6.169680
6.165400
6.164034
6.163967
6.162336
6.160257
6.157568
6.157108
6.156040
6.152630
6.150520
6.148756
6.149729
6.152151
6.154072
6.160336
6.170731
6.185560
6.200693
6.214293
6.226389
6.233913
6.238529
6.238884
6.232920
6.223595
6.211437
6.203373
6.200552
6.199797
6.201689
6.206324
6.213192
6.217787
6.217045
6.213190
6.204933
6.195555
6.186743
6.176710
6.169884
6.166477
6.168957
6.175648
6.183018
6.193157
6.203068
6.214424
6.224773
6.229498
6.234091
6.239071
6.244555
6.248402
6.248274
6.247976
6.245346
6.241596
6.236227
6.228083
6.220732
6.216087
6.216637
6.220573
6.224358
6.230274
6.237865
6.246347
6.253855
6.258911
6.263000
6.267405
6.273228
6.277897
6.279758
6.283993
6.288750
6.295176
6.303375
6.310053
6.315861
6.320023
6.323669
6.323624
6.317816
6.309448
6.296827
6.284042
6.271084
6.255739
6.241617
6.227882
6.215876
6.205824
6.195511
6.186676
6.179386
6.174908
6.171267
6.165667
6.162889
6.161585
6.162609
6.163809
6.164324
6.166183
6.167507
6.168896
6.167145
6.162262
6.157475
6.151686
6.147060
6.143301
6.138964
6.137598
6.137430
6.139154
6.140293
6.140076
6.139765
6.138512
6.138365
6.137966
6.136250
6.134436
6.132454
6.132389
6.133909
6.135605
6.140547
6.147736
6.161552
6.179922
6.197926
6.216986
6.234732
6.248219
6.258625
6.264595
6.266668
6.264503
6.260679
6.256500
6.251179
6.250130
6.254200
6.263132
6.272966
6.281118
6.287201
6.289474
6.286066
6.276688
6.262455
6.250633
6.241383
6.234646
6.231064
6.228596
6.231403
6.236958
6.244345
6.249865
6.252062
6.252794
6.251099
6.248726
6.243526
6.234825
6.227730
6.221146
6.217718
6.217089
6.217957
6.221134
6.224037
6.227882
6.230335
6.228392
6.223194
6.215603
6.209702
6.205620
6.199535
6.193426
6.187111
6.180153
6.170200
6.157026
6.142315
6.125393
6.109909
6.097080
6.086029
6.078445
6.074915
6.075546
6.078100
6.079979
6.082277
6.083080
6.086803
6.091881
6.097073
6.102713
6.109562
6.119007
6.128365
6.134666
6.138403
6.139896
6.140375
6.139269
6.136045
6.133892
6.132948
6.135345
6.140110
6.145397
6.155188
6.166843
6.179829
6.191452
6.199789
6.206585
6.209869
6.211300
6.209522
6.204590
6.199226
6.194017
6.191446
6.191010
6.191231
6.193748
6.196920
6.199776
6.201918
6.201878
6.199953
6.195923
6.192192
6.189030
6.186369
6.185818
6.186800
6.192636
6.200792
6.209356
6.219423
6.229496
6.239521
6.247307
6.251629
6.253441
6.252258
6.251230
6.249361
6.246326
6.247828
6.253059
6.261847
6.271370
6.279852
6.287193
6.291950
6.295185
6.295366
6.290783
6.285110
6.278397
6.271715
6.265871
6.259672
6.254766
6.250145
6.247128
6.245661
6.243759
6.243895
6.244827
6.245541
6.245852
6.243723
6.239506
6.232697
6.225361
6.215555
6.202793
6.190666
6.179342
6.170519
6.163174
6.156521
6.151991
6.148243
6.147404
6.147509
6.147217
6.148811
6.152874
6.159203
6.166327
6.173023
6.181335
6.189167
6.196291
6.201481
6.203592
6.204006
6.203213
6.203369
6.203119
6.201664
6.199427
6.196362
6.194408
6.193018
6.190634
6.188715
6.186787
6.185059
6.182859
6.178207
6.171974
6.164999
6.156185
6.146441
6.135437
6.125509
6.117687
6.110992
6.105747
6.100624
6.095043
6.093025
6.095467
6.098917
6.101606
6.103268
6.103912
6.101397
6.094131
6.084293
6.073400
6.061363
6.049007
6.037098
6.025572
6.015930
6.008585
6.000662
5.993256
5.985638
5.977859
5.968830
5.959663
5.950199
5.941069
5.933937
5.928139
5.924896
5.924126
5.923595
5.923370
5.923059
5.923281
5.923223
5.921017
5.915899
5.908892
5.901398
5.894754
5.887939
5.881485
5.874695
5.868031
5.861523
5.853165
5.845135
5.837147
5.828606
5.822083
5.816570
5.814041
5.813599
5.815134
5.817995
5.820105
5.822460
5.824335
5.826300
5.828562
5.829617
5.832026
5.835733
5.842932
5.851517
5.860044
5.869539
5.878601
5.887054
5.894398
5.900278
5.903873
5.906723
5.911224
5.918045
5.925724
5.934296
5.942478
5.951414
5.959328
5.965561
5.971701
5.976746
5.982079
5.987577
5.992325
5.997322
6.002314
6.007549
6.012329
6.016787
6.021196
6.024498
6.026592
6.028889
6.030201
6.032427
6.035786
6.040203
6.044550
6.048424
6.052341
6.056166
6.059917
6.062096
6.064043
6.067226
6.070728
6.075575
6.081772
6.087885
6.094681
6.100277
6.106056
6.111668
6.117229
6.122465
6.126783
6.132305
6.138367
6.145115
6.151628
6.157364
6.161953
6.165735
6.167917
6.170380
6.173161
6.175718
6.178787
6.181795
6.184837
6.187634
6.190304
6.192455
6.193737
6.195011
6.196592
6.198252
6.199606
6.200399
6.201954
6.203440
6.205349
6.206636
6.207140
6.208046
6.208250
6.209352
6.210388
6.210115
6.208784
6.207716
6.205856
6.202621
6.199669
6.196747
6.193964
6.191244
6.188681
6.187239
6.187313
6.187790
6.188192
6.188581
6.188528
6.188362
6.187958
6.188072
6.189121
6.190298
6.190964
6.191933
6.193035
6.194424
6.195419
6.197056
6.198822
6.200848
6.202562
6.204151
6.205135
6.205883
6.207474
6.208988
6.209784
6.211067
6.211851
6.212053
6.212072
6.212276
6.212835
6.212906
6.214008
6.214802
6.216141
6.217043
6.217873
6.219086
6.219416
6.219473
6.218775
6.219120
6.219549
6.220304
6.220301
6.219980
6.219999
6.219429
6.219097
6.219084
6.218184
6.218208
6.217857
6.217384
6.217751
6.217590
6.217289
6.216934
6.215553
6.215023
6.214724
6.214685
6.214104
6.212105
6.210663
6.209070
6.207355
6.205742
6.204380
6.202251
6.201042
6.199837
6.199627
6.199242
6.198475
6.196770
6.194717
6.193413
6.192051
6.190586
6.190279
6.189539
6.188181
6.185610
6.184061
6.183384
6.181814
6.180393
6.178299
6.175861
6.173161
6.170656
6.168171
6.165817
6.163691
6.162556
6.160830
6.158636
6.157368
6.155834
6.153622
6.151024
6.149132
6.147354
6.144611
6.140966
6.137217
6.133318
6.130457
6.127998
6.124577
6.120584
6.116533
6.113045
6.109476
6.105640
6.101284
6.096653
6.093571
6.090033
6.087114
6.084726
6.081839
6.078604
6.075371
6.070541
6.065739
6.060005
6.054516
6.050760
6.046541
6.041697
6.036022
6.030397
6.025248
6.020067
6.015793
6.010765
6.005280
5.999619
5.993740
5.987665
5.981033
5.975380
5.970276
5.965483
5.960461
5.955114
5.949959
5.945061
5.940022
5.935648
5.930943
5.925657
5.920057
5.913879
5.907463
5.900896
5.894619
5.888674
5.881664
5.873936
5.866379
5.858059
5.849724
5.841265
5.833719
5.825848
5.819309
5.812134
5.803921
5.795517
5.786512
5.777443
5.768843
5.760929
5.752981
5.744230
5.735197
5.727900
5.720097
5.713112
5.704300
5.695591
5.688295
5.680368
5.671871
5.662506
5.652676
5.644154
5.634888
5.625744
5.616179
5.607321
5.599426
5.591869
5.583113
5.574884
5.566442
5.555946
5.545677
5.535791
5.526203
5.517620
5.509563
5.500103
5.490459
5.480192
5.470190
5.460220
5.450748
5.441132
5.430109
5.420216
5.410549
5.400236
5.389881
5.378399
5.366728
5.355921
5.345755
5.334888
5.322235
5.308861
5.296488
5.285107
5.274792
5.263117
5.250788
5.239719
5.228512
5.216747
5.204395
5.193319
5.183218
5.172516
5.162197
5.151218
5.139959
5.129200
5.118740
5.108273
5.097900
5.087791
5.077799
5.067255
5.056704
5.045004
5.033625
5.022345
5.009935
4.997585
4.984159
4.971405
4.959509
4.946976
4.934732
4.920618
4.905951
4.891436
4.877321
4.862759
4.848841
4.835129
4.822538
4.810997
4.798954
4.785709
4.771496
4.758350
4.745274
4.732300
4.717026
4.700310
4.683668
4.666416
4.650166
4.634914
4.620613
4.607868
4.596378
4.586044
4.572300
4.557085
4.541904
4.525736
4.509750
4.492903
4.475792
4.461712
4.447908
4.436779
4.423843
4.411446
4.399988
4.386086
4.371050
4.352577
4.333736
4.317039
4.300985
4.284678
4.269169
4.254524
4.241903
4.228245
4.213875
4.197376
4.179285
4.161949
4.144062
4.126881
4.110844
4.096384
4.084270
4.072590
4.062147
4.049599
4.037134
4.024466
4.010681
3.995819
3.977970
3.958496
3.938215
3.918488
3.899590
3.880480
3.862875
3.848459
3.835857
3.823977
3.811024
3.797287
3.782900
3.767845
3.753145
3.734264
3.712631
3.691105
3.670044
3.650072
3.632481
3.614887
3.599628
3.583031
3.567356
3.550304
3.533154
3.517397
3.499813
3.483360
3.465546
3.447798
3.431053
3.412830
3.394920
3.376329
3.358315
3.341331
3.324970
3.310251
3.295372
3.282215
3.272741
3.265766
3.261127
3.255484
3.248308
3.240396
3.230850
3.220682
3.209192
3.198805
3.191883
3.186111
3.181126
3.175220
3.168985
3.162851
3.152464
3.139198
3.124012
3.107489
3.093836
3.080759
3.070715
3.064936
3.063347
3.066517
3.070715
3.076523
3.079964
3.081013
3.082047
3.081085
3.080044
3.078201
3.077240
3.080351
3.086670
3.094116
3.098372
3.100672
3.102152
3.101044
3.097034
3.088100
3.078192
3.070469
3.065197
3.061869
3.060097
3.060261
3.064270
3.066645
3.065746
3.061512
3.054838
3.048615
3.042187
3.037622
3.035185
3.037138
3.043921
3.054800
3.069506
3.082363
3.093468
3.101730
3.106003
3.107037
3.103695
3.099756
3.098925
3.099823
3.104443
3.110371
3.118332
3.128241
3.137062
3.144140
3.148193
3.150862
3.154051
3.155052
3.155291
3.153553
3.151140
3.148994
3.142376
3.132252
3.118927
3.103176
3.088968
3.075649
3.066502
3.062086
3.064198
3.075062
3.085670
3.095306
3.101471
3.104427
3.104708
3.098764
3.090416
3.081039
3.074038
3.072138
3.074034
3.083441
3.095890
3.110783
3.128819
3.144878
3.158495
3.170937
3.180836
3.188522
3.189999
3.188679
3.183813
3.177383
3.172304
3.167364
3.164856
3.165436
3.169205
3.176414
3.183519
3.191111
3.195385
3.198118
3.199600
3.198959
3.198349
3.196041
3.196066
3.200129
3.202789
3.205326
3.206123
3.206440
3.209545
3.212097
3.216797
3.222609
3.230511
3.240837
3.249605
3.256428
3.259451
3.260708
3.261589
3.259430
3.256350
3.246630
3.232231
3.216003
3.197157
3.177544
3.157293
3.140182
3.130121
3.125919
3.126930
3.129242
3.132771
3.137655
3.137922
3.133278
3.121025
3.104622
3.087492
3.066652
3.045425
3.026272
3.010618
3.002636
2.998825
2.999144
3.001383
3.005997
3.013994
3.021374
3.029388
3.035942
3.043041
3.050440
3.055571
3.059580
3.059074
3.054939
3.048536
3.036133
3.020420
3.001139
2.983494
2.971806
2.961061
2.952642
2.948017
2.946062
2.946775
2.950172
2.957214
2.963036
2.968826
2.977051
2.984779
2.991505
2.993574
2.992489
2.991426
2.987591
2.984056
2.981339
2.979162
2.981642
2.986231
2.992762
3.000147
3.003117
3.002739
2.999151
2.996309
2.992336
2.987778
2.985142
2.983572
2.982836
2.979847
2.975571
2.971323
2.964993
2.957932
2.948021
2.938099
2.931021
2.919138
2.906143
2.895109
2.883509
2.874947
2.867046
2.862513
2.863321
2.872278
2.890793
2.913931
2.939781
2.962435
2.981754
2.996969
3.004705
3.006645
2.998581
2.984541
2.970470
2.956818
2.946548
2.943048
2.949135
2.966177
2.985649
3.005884
3.022804
3.034113
3.041958
3.042278
3.038395
3.028961
3.018639
3.012131
3.010378
3.015083
3.023384
3.033979
3.049244
3.068144
3.088581
3.109396
3.124710
3.134388
3.135136
3.130217
3.120491
3.108631
3.097200
3.084503
3.074154
3.065140
3.058292
3.056879
3.054924
3.051548
3.047031
3.037041
3.023411
3.002907
2.980568
2.955822
2.933907
2.918226
2.906454
2.900084
2.898689
2.902071
2.912128
2.919823
2.925289
2.925350
2.922277
2.919418
2.912874
2.905556
2.895439
2.887604
2.884575
2.884447
2.886803
2.887354
2.887823
2.890833
2.891735
2.892887
2.895491
2.897747
2.900566
2.901604
2.904043
2.907427
2.911816
2.919582
2.928226
2.939987
2.951525
2.966206
2.982969
2.992092
2.993927
2.987402
2.976332
2.963100
2.945509
2.928581
2.915838
2.912275
2.916433
2.923670
2.932356
2.940086
2.947264
2.954779
2.956343
2.955191
2.950703
2.945606
2.944168
2.942064
2.942400
2.938383
2.933334
2.929893
2.924561
2.917278
2.906553
2.896381
2.890121
2.887627
2.889368
2.886639
2.881128
2.874714
2.864227
2.850840
2.831270
2.808964
2.792234
2.782507
2.782246
2.785698
2.793598
2.805676
2.815496
2.822790
2.824123
2.823584
2.823032
2.819464
2.812691
2.801563
2.789030
2.779083
2.774265
2.773479
2.771608
2.763958
2.753107
2.738180
2.721951
2.708414
2.692842
2.677437
2.662910
2.652847
2.645418
2.642715
2.648848
2.658537
2.670195
2.680595
2.692499
2.705399
2.713043
2.717916
2.716499
2.713524
2.711679
2.709238
2.709005
2.715847
2.726271
2.740753
2.755157
2.771626
2.787415
2.803335
2.820339
2.834957
2.848614
2.855661
2.858051
2.860373
2.861668
2.862438
2.861032
2.860561
2.864447
2.870266
2.879847
2.893236
2.909664
2.918018
2.915371
2.903826
2.883806
2.861193
2.840776
2.824163
2.815174
2.809669
2.810127
2.820532
2.834278
2.848862
2.860117
2.866381
2.867107
2.859203
2.845781
2.829016
2.815281
2.808981
2.801579
2.796164
2.789440
2.784851
2.784172
2.782455
2.781796
2.781750
2.783951
2.793530
2.805014
2.818298
2.825607
2.828066
2.828430
2.823580
2.815035
2.802864
2.789410
2.781952
2.778461
2.779411
2.776218
2.770166
2.764435
2.756351
2.747395
2.735523
2.723677
2.717381
2.716984
2.726156
2.737085
2.748564
2.764076
2.779692
2.795448
2.806427
2.816875
2.832455
2.849705
2.873438
2.898163
2.924520
2.954258
2.980650
3.003607
3.014790
3.018427
3.021606
3.023451
3.027498
3.031111
3.038729
3.055161
3.075817
3.099152
3.120552
3.139908
3.157604
3.163012
3.157513
3.142086
3.122427
3.104208
3.086712
3.075693
3.070757
3.075684
3.090467
3.108713
3.129112
3.142168
3.146877
3.147699
3.141041
3.131290
3.118099
3.106770
3.104004
3.106478
3.115585
3.126251
3.136890
3.148172
3.155880
3.160404
3.158091
3.154331
3.154812
3.152494
3.150995
3.152588
3.154716
3.159195
3.160324
3.160955
3.164513
3.166828
3.169014
3.167345
3.164194
3.155697
3.143732
3.130972
3.108543
3.079941
3.045940
3.013258
2.987949
2.967709
2.956703
2.953979
2.960171
2.975405
2.993301
3.011856
3.024111
3.030283
3.034296
3.028059
3.014130
2.991833
2.968086
2.948561
2.933693
2.925261
2.923548
2.929512
2.944174
2.968924
3.003414
3.043251
3.087244
3.111380
3.117546
3.113707
3.107620
3.094847
3.078096
3.057503
3.035715
3.010778
2.984196
2.961714
2.940132
2.923447
2.909906
2.900972
2.899879
2.902784
2.910089
2.917412
2.925089
2.935642
2.938580
2.935608
2.923929
2.907623
2.892002
2.876244
2.862850
2.852716
2.849958
2.858393
2.871826
2.888206
2.896967
2.900953
2.903669
2.902719
2.901527
2.898634
2.901943
2.917997
2.940094
2.966759
2.998749
3.027611
3.051531
3.065197
3.068544
3.060993
3.048990
3.037474
3.020487
3.000687
2.977934
2.957462
2.944469
2.937803
2.941971
2.954014
2.975452
3.007166
3.040659
3.074038
3.093855
3.102230
3.103638
3.096922
3.084816
3.068972
3.055359
3.052311
3.063560
3.088486
3.112061
3.134327
3.156662
3.168758
3.170937
3.161587
3.146379
3.130821
3.111252
3.093700
3.079666
3.072517
3.075138
3.076422
3.076187
3.069609
3.060261
3.050446
3.034008
3.015041
2.994389
2.978127
2.970959
2.968042
2.971970
2.972927
2.972771
2.975121
2.975828
2.975330
2.971476
2.967920
2.971226
2.979517
2.993046
3.005907
3.019810
3.037872
3.048706
3.053408
3.050400
3.043926
3.040697
3.041229
3.049194
3.062912
3.082397
3.109489
3.136536
3.161171
3.171799
3.169424
3.159431
3.142004
3.122568
3.101099
3.082378
3.072098
3.068392
3.072262
3.075169
3.079891
3.088371
3.095634
3.104380
3.109531
3.115046
3.125296
3.135927
3.147734
3.158323
3.168480
3.178391
3.177616
3.169579
3.153969
3.136189
3.120489
3.106804
3.101061
3.101395
3.109890
3.129854
3.151810
3.172634
3.187864
3.198833
3.208870
3.205507
3.192595
3.177467
3.157892
3.139381
3.118473
3.101837
3.088408
3.081955
3.083250
3.088993
3.097889
3.105028
3.111797
3.119473
3.118984
3.112438
3.101139
3.088581
3.079285
3.072788
3.069237
3.069214
3.074093
3.085693
3.098053
3.111839
3.117027
3.113096
3.107136
3.098003
3.088835
3.080606
3.081036
3.093647
3.113737
3.141598
3.163691
3.178942
3.190290
3.191692
3.184423
3.172054
3.154140
3.137865
3.124687
3.118309
3.116434
3.118593
3.126331
3.127325
3.123075
3.116356
3.110020
3.103807
3.096706
3.094830
3.097765
3.109539
3.131218
3.154118
3.177055
3.197193
3.215042
3.230377
3.238718
3.244631
3.239902
3.228090
3.215874
3.203432
3.194813
3.188505
3.189156
3.200089
3.216742
3.239019
3.259441
3.278641
3.296881
3.308434
3.311872
3.305172
3.292791
3.279789
3.265415
3.253517
3.240944
3.231453
3.226807
3.224831
3.228197
3.231897
3.235786
3.242599
3.240662
3.231262
3.212778
3.191147
3.170490
3.148077
3.130394
3.122089
3.125603
3.141506
3.153360
3.161137
3.161470
3.156487
3.145983
3.125248
3.102402
3.076899
3.056396
3.045193
3.042198
3.050007
3.067465
3.090246
3.117275
3.135494
3.144552
3.143690
3.136932
3.127800
3.116367
3.106094
3.097668
3.095097
3.100281
3.103596
3.103905
3.097879
3.089201
3.083370
3.076708
3.072571
3.071497
3.077091
3.090168
3.104048
3.119757
3.133041
3.146208
3.160572
3.169910
3.176018
3.178167
3.179924
3.188137
3.198282
3.213505
3.230122
3.250202
3.276731
3.303881
3.330420
3.351706
3.366842
3.380316
3.385630
3.384727
3.382572
3.377249
3.370855
3.361780
3.353893
3.344126
3.336050
3.334341
3.333191
3.333340
3.334080
3.338028
3.345907
3.352993
3.360355
3.365448
3.369461
3.374283
3.381624
3.391514
3.395826
3.396473
3.397093
3.395033
3.390934
3.382130
3.372314
3.366035
3.359596
3.354845
3.350903
3.352230
3.359652
3.368198
3.377287
3.383465
3.387098
3.389648
3.385221
3.376616
3.359066
3.336979
3.314331
3.281281
3.244150
3.211678
3.189674
3.180595
3.178028
3.179382
3.176239
3.168184
3.155727
3.133305
3.102924
3.063103
3.021030
2.986450
2.960646
2.944603
2.937164
2.939510
2.951294
2.964817
2.979607
2.987442
2.989033
2.989330
2.982433
2.973213
2.959942
2.946266
2.939165
2.936268
2.940121
2.941711
2.944912
2.952663
2.961779
2.975021
2.988075
3.005913
3.030092
3.057920
3.086601
3.111813
3.132614
3.151875
3.163406
3.168770
3.163937
3.153847
3.145023
3.136822
3.131807
3.136360
3.145153
3.160141
3.170137
3.176632
3.179077
3.180349
3.183712
3.185577
3.187626
3.189690
3.193546
3.202667
3.212460
3.223080
3.230423
3.236347
3.244492
3.251640
3.259237
3.263973
3.267185
3.273390
3.277531
3.280724
3.281857
3.281958
3.284306
3.283148
3.281250
3.276043
3.269520
3.265078
3.251154
3.230658
3.205143
3.178493
3.158255
3.138483
3.124050
3.114798
3.112146
3.118366
3.126522
3.136280
3.142450
3.145836
3.146946
3.142023
3.136377
3.121658
3.101135
3.081856
3.063879
3.048244
3.031780
3.019402
3.015854
3.020021
3.033102
3.048645
3.067589
3.090055
3.109135
3.123680
3.125366
3.116756
3.103342
3.085915
3.067720
3.049225
3.033844
3.025969
3.023392
3.025427
3.026743
3.028820
3.032402
3.028950
3.019794
3.007282
2.993975
2.983841
2.976002
2.973738
2.974453
2.979237
2.988987
2.999990
3.012363
3.022282
3.029572
3.038176
3.039942
3.036501
3.028538
3.021601
3.020609
3.022863
3.030800
3.044310
3.064075
3.092415
3.120363
3.145990
3.170404
3.188454
3.201506
3.198502
3.185617
3.163517
3.140755
3.121405
3.105270
3.096188
3.091812
3.094097
3.105873
3.120804
3.136078
3.146324
3.153320
3.159582
3.160448
3.157455
3.147619
3.139225
3.143141
3.166468
3.206768
3.257431
3.299385
3.329885
3.339998
3.331951
3.303682
3.263477
3.220232
3.178385
3.150284
3.138443
3.145292
3.171059
3.201733
3.231850
3.254406
3.266935
3.268639
3.256538
3.235638
3.209589
3.187012
3.173935
3.161028
3.147964
3.134441
3.122559
3.115187
3.109375
3.106764
3.111887
3.122728
3.139818
3.156908
3.173826
3.185402
3.192036
3.195593
3.187305
3.172607
3.154070
3.136257
3.123039
3.111988
3.107613
3.105534
3.107494
3.114843
3.123581
3.132936
3.135509
3.132072
3.127098
3.120079
3.113113
3.103905
3.096020
3.095066
3.097189
3.102558
3.104219
3.102734
3.100061
3.091530
3.077950
3.059624
3.040342
3.026196
3.015095
3.008383
2.997959
2.985340
2.974487
2.961048
2.947887
2.933327
2.923172
2.921413
2.925398
2.935877
2.944729
2.952118
2.959089
2.961958
2.958439
2.947615
2.933811
2.925163
2.919426
2.917854
2.918671
2.922298
2.931099
2.935152
2.935493
2.930735
2.924534
2.920153
2.916878
2.917324
2.925659
2.933681
2.940907
2.948750
2.958248
2.964991
2.969440
2.974329
2.977039
2.981792
2.984280
2.986280
2.990089
2.991096
2.990440
2.986828
2.982742
2.981739
2.977047
2.972391
2.967094
2.964916
2.968426
2.975372
2.988846
3.003428
3.018961
3.036335
3.047459
3.051960
3.050039
3.044214
3.037262
3.027212
3.020977
3.017143
3.018242
3.026291
3.037443
3.052349
3.072456
3.096046
3.113827
3.122696
3.125963
3.124273
3.120934
3.118912
3.122292
3.133629
3.143063
3.148991
3.155001
3.156925
3.154900
3.144529
3.128574
3.112114
3.090614
3.068153
3.045685
3.024485
3.010242
3.000961
2.999231
3.001259
3.007746
3.020042
3.034170
3.048512
3.055222
3.055603
3.052860
3.046801
3.039944
3.030432
3.020601
3.016214
3.013294
3.014412
3.015694
3.016300
3.019592
3.022961
3.027573
3.025934
3.020939
3.019907
3.019119
3.020906
3.023100
3.029568
3.042936
3.060768
3.081367
3.100372
3.116795
3.133375
3.143589
3.146660
3.140985
3.132225
3.124847
3.116865
3.110996
3.104366
3.099823
3.098967
3.098124
3.099533
3.095509
3.091705
3.089561
3.087025
3.087275
3.091200
3.102720
3.122116
3.139668
3.154308
3.163307
3.167622
3.168383
3.161085
3.150284
3.134254
3.119045
3.109867
3.107109
3.112247
3.116093
3.119499
3.123985
3.126637
3.130482
3.131563
3.134859
3.144737
3.154881
3.169109
3.179512
3.186663
3.193529
3.196451
3.195587
3.185015
3.167513
3.147631
3.125765
3.104057
3.083248
3.067541
3.059368
3.055809
3.056757
3.055351
3.049149
3.041710
3.030506
3.017185
3.001459
2.988667
2.983784
2.985373
2.994263
3.005724
3.019495
3.034187
3.042152
3.045513
3.042147
3.033295
3.023329
3.013609
3.007122
3.001738
3.002174
3.007671
3.014149
3.021744
3.028318
3.035618
3.043056
3.044443
3.043234
3.039339
3.035702
3.035507
3.036299
3.039375
3.044607
3.053324
3.067921
3.079117
3.086708
3.089569
3.088741
3.085815
3.079620
3.072659
3.065310
3.059635
3.058100
3.058361
3.059168
3.054043
3.043427
3.030748
3.015747
2.999907
2.987991
2.982620
2.986050
2.992714
3.002396
3.013161
3.023321
3.033752
3.040888
3.044365
3.043457
3.040979
3.040993
3.042948
3.049314
3.053261
3.056881
3.062775
3.066710
3.069187
3.070642
3.071808
3.076286
3.081617
3.089577
3.096973
3.103680
3.109535
3.113287
3.115372
3.113918
3.110802
3.110331
3.107336
3.102802
3.096859
3.092070
3.093052
3.097729
3.106304
3.117428
3.132048
3.149416
3.165665
3.179893
3.186825
3.187897
3.186249
3.182037
3.176933
3.170347
3.164518
3.165771
3.171413
3.180458
3.187595
3.194590
3.201752
3.201780
3.196001
3.185005
3.173351
3.165274
3.160341
3.161638
3.168156
3.181526
3.201046
3.222523
3.244421
3.258854
3.266644
3.270836
3.270752
3.267254
3.261568
3.258097
3.260700
3.266249
3.275845
3.286982
3.299351
3.312347
3.318720
3.320675
3.319511
3.317480
3.318041
3.320187
3.325150
3.331318
3.341309
3.354494
3.363466
3.370058
3.372286
3.372486
3.370445
3.365824
3.361660
3.359491
3.360500
3.365393
3.371529
3.377382
3.376976
3.371735
3.364243
3.353012
3.338146
3.319118
3.302242
3.291159
3.287079
3.289850
3.292698
3.294777
3.296646
3.296225
3.291910
3.278389
3.257336
3.232424
3.204611
3.176863
3.151337
3.132181
3.121971
3.120499
3.128126
3.140118
3.154625
3.170965
3.180660
3.183287
3.178600
3.168804
3.156464
3.142761
3.132702
3.124451
3.120705
3.120659
3.119446
3.116323
3.108751
3.098969
3.089306
3.079967
3.071339
3.063953
3.059387
3.060867
3.064804
3.070375
3.075323
3.078812
3.082983
3.079998
3.070816
3.057100
3.042408
3.031437
3.022528
3.017475
3.015018
3.029860
3.073994
3.143757
3.228344
3.313400
3.389074
3.448145
3.480436
3.485924
3.467272
3.433800
3.396767
3.362015
3.335354
3.315170
3.302906
3.298836
3.298267
3.301781
3.305977
3.311611
3.320379
3.329617
3.338528
3.345947
3.354820
3.365742
3.374496
3.382475
3.388409
3.393133
3.399128
3.405746
3.412865
3.420717
3.428804
3.438038
3.442877
3.444654
3.440371
3.432762
3.423794
3.413174
3.403458
3.392992
3.384800
3.378876
3.372028
3.364281
3.350220
3.332561
3.313225
3.291862
3.269123
3.245317
3.223000
3.204557
3.189175
3.176723
3.163874
3.151707
3.141134
3.129490
3.117258
3.103407
3.089825
3.078068
3.064249
3.050812
3.037340
3.024427
3.015667
3.009090
3.003555
2.999048
2.996557
2.995186
2.993128
2.990967
2.987335
2.983967
2.982262
2.978020
2.974566
2.971779
2.971252
2.973991
2.977825
2.983185
2.988754
2.996685
3.007484
3.014843
3.019691
3.022324
3.024151
3.027805
3.031466
3.037279
3.045753
3.055532
3.067856
3.079603
3.089653
3.100094
3.108931
3.116398
3.121639
3.126167
3.127800
3.128761
3.131039
3.132029
3.131752
3.128479
3.124470
3.120930
3.115503
3.110437
3.104906
3.100323
3.098934
3.098110
3.099400
3.102913
3.109249
3.117146
3.122780
3.126699
3.126440
3.122652
3.117640
3.111404
3.106159
3.100441
3.097122
3.097599
3.101231
3.108465
3.119270
3.131887
3.143017
3.151339
3.158756
3.164188
3.166590
3.165796
3.160627
3.153156
3.145140
3.137999
3.133492
3.131811
3.132723
3.136360
3.142307
3.148453
3.153416
3.156967
3.157806
3.155882
3.152035
3.145990
3.138742
3.130915
3.125153
3.122738
3.121227
3.121815
3.120914
3.118931
3.117495
3.116491
3.117216
3.118187
3.117203
3.116646
3.116625
3.118179
3.121277
3.125462
3.131729
3.139717
3.147491
3.154661
3.159576
3.161400
3.156128
3.147955
3.136593
3.124538
3.114672
3.106701
3.101803
3.100681
3.104362
3.111313
3.119888
3.129503
3.139668
3.149426
3.158491
3.165340
3.171291
3.176624
3.180424
3.183842
3.186798
3.190170
3.193279
3.196032
3.201056
3.209011
3.219391
3.231535
3.243996
3.256611
3.268702
3.278175
3.285252
3.289276
3.291599
3.291166
3.288948
3.283707
3.276756
3.270454
3.263941
3.260464
3.258316
3.257580
3.260818
3.265884
3.272743
3.280451
3.287947
3.295021
3.301746
3.306328
3.308144
3.308636
3.308031
3.306847
3.304512
3.302700
3.300343
3.300398
3.302067
3.303421
3.304117
3.304829
3.306351
3.307308
3.305954
3.303310
3.300854
3.298531
3.295818
3.294096
3.293331
3.293846
3.295481
3.297632
3.299286
3.301674
3.302622
3.302984
3.302288
3.298927
3.295742
3.291882
3.287848
3.284159
3.281857
3.279690
3.277817
3.276917
3.275566
3.271818
3.266079
3.260246
3.255339
3.250074
3.245483
3.241615
3.239254
3.236179
3.232243
3.227901
3.223284
3.218590
3.215252
3.210772
3.205336
3.200371
3.195393
3.190458
3.184677
3.178656
3.172724
3.166265
3.159649
3.153980
3.148407
3.143459
3.140408
3.137682
3.135088
3.132412
3.129593
3.126263
3.122309
3.118820
3.115276
3.111458
3.106728
3.101995
3.097710
3.094131
3.092754
3.092850
3.092579
3.091568
3.089748
3.087868
3.085394
3.082045
3.077473
3.074944
3.072598
3.070414
3.069168
3.067617
3.067835
3.068018
3.069435
3.070778
3.070728
3.070377
3.069664
3.069595
3.070604
3.073156
3.077162
3.080351
3.082495
3.085405
3.088463
3.092745
3.097004
3.101196
3.104212
3.107422
3.111038
3.115784
3.119850
3.123661
3.125818
3.129206
3.132677
3.135742
3.138927
3.141119
3.144844
3.149799
3.153770
3.155960
3.159010
3.161621
3.163754
3.166203
3.169056
3.171803
3.173792
3.176395
3.179600
3.183165
3.187500
3.191528
3.195450
3.199238
3.202074
3.204494
3.207325
3.210979
3.214481
3.218077
3.221094
3.224260
3.227205
3.230530
3.233875
3.237438
3.240829
3.243940
3.247129
3.250191
3.254372
3.258303
3.260571
3.262739
3.265047
3.267267
3.270187
3.273663
3.276350
3.277855
3.280033
3.283199
3.286285
3.289194
3.291855
3.293167
3.295025
3.297398
3.300325
3.303524
3.306828
3.311016
3.314587
3.318790
3.322338
3.325451
3.328478
3.331213
3.334970
3.338753
3.342436
3.345692
3.349182
3.353081
3.356932
3.360987
3.365614
3.370831
3.375692
3.380243
3.384129
3.389175
3.395435
3.401201
3.406057
3.410818
3.415188
3.418943
3.423538
3.428265
3.433773
3.439785
3.445347
3.449747
3.454735
3.460224
3.466156
3.472059
3.477619
3.483234
3.489414
3.495937
3.501991
3.508331
3.514679
3.522017
3.528648
3.535040
3.541306
3.547190
3.553383
3.559669
3.566700
3.573292
3.579588
3.585024
3.589518
3.595711
3.602236
3.609083
3.616400
3.623514
3.630730
3.638691
3.644926
3.650579
3.655922
3.662729
3.669086
3.675032
3.678951
3.683989
3.690884
3.697674
3.704918
3.713940
3.722820
3.733759
3.744835
3.755043
3.763905
3.772728
3.782282
3.792362
3.801476
3.809799
3.819138
3.828720
3.837927
3.846590
3.855820
3.864941
3.873280
3.881311
3.888826
3.895731
3.902008
3.909573
3.917618
3.925728
3.934393
3.942062
3.950655
3.960020
3.967821
3.976181
3.984682
3.994463
4.003639
4.012623
4.022310
4.031191
4.040834
4.050856
4.060667
4.071617
4.081100
4.090382
4.099747
4.108749
4.118584
4.129076
4.140678
4.152657
4.164242
4.175343
4.186005
4.195700
4.205818
4.215290
4.225428
4.235512
4.246979
4.259514
4.272530
4.286631
4.301250
4.314564
4.325636
4.334459
4.344492
4.355247
4.366219
4.377048
4.388628
4.400263
4.411991
4.424271
4.436819
4.448162
4.460365
4.473476
4.488108
4.503742
4.517958
4.533573
4.548820
4.563496
4.577055
4.588760
4.599545
4.610117
4.622280
4.634821
4.647060
4.660170
4.674007
4.689341
4.705475
4.719440
4.732761
4.745529
4.760227
4.775827
4.790264
4.804937
4.819542
4.835392
4.850899
4.864338
4.877081
4.888271
4.899334
4.912010
4.924040
4.936100
4.948738
4.964399
4.982679
5.000532
5.018986
5.036446
5.053518
5.069017
5.082190
5.093555
5.103619
5.114138
5.124844
5.134657
5.148872
5.165966
5.183807
5.201654
5.218945
5.236538
5.252682
5.267000
5.280149
5.291834
5.303894
5.316172
5.328487
5.340847
5.353136
5.366627
5.380344
5.394516
5.408819
5.422220
5.437241
5.454250
5.471874
5.488297
5.502653
5.517651
5.532751
5.549297
5.566612
5.583858
5.602173
5.620604
5.637424
5.653059
5.668604
5.684010
5.698856
5.714605
5.730522
5.746082
5.764091
5.783199
5.801399
5.819397
5.836521
5.852852
5.869267
5.886547
5.903444
5.920458
5.937653
5.954447
5.973091
5.992231
6.009293
6.026058
6.041792
6.058270
6.075500
6.091896
6.108133
6.124481
6.142263
6.160307
6.177639
6.195562
6.213694
6.233578
6.253487
6.272614
6.292423
6.311779
6.331421
6.349726
6.364845
6.379156
6.393723
6.409187
6.425207
6.441233
6.457424
6.473137
6.489916
6.507710
6.523739
6.541477
6.560764
6.582272
6.602592
6.620119
6.636583
6.651825
6.667252
6.681889
6.695152
6.709101
6.723364
6.738255
6.752893
6.767673
6.782757
6.797247
6.809868
6.821386
6.830996
6.840078
6.848228
6.856710
6.865452
6.873993
6.886852
6.902647
6.920681
6.937485
6.952112
6.965427
6.975824
6.982914
6.986942
6.987345
6.986946
6.988281
6.991741
6.998434
7.006844
7.018581
7.031788
7.047722
7.064045
7.077518
7.089384
7.099064
7.111494
7.124273
7.135714
7.146687
7.155561
7.163609
7.167873
7.166433
7.162254
7.154346
7.145727
7.137600
7.129257
7.125513
7.125273
7.127277
7.129423
7.128782
7.125788
7.117689
7.107635
7.095201
7.079735
7.066170
7.055187
7.047764
7.041609
7.034523
7.027897
7.019981
7.007601
6.992729
6.976278
6.960173
6.944191
6.932774
6.924648
6.918325
6.913378
6.907368
6.897947
6.886013
6.869053
6.850037
6.828363
6.809326
6.792871
6.776583
6.763630
6.753994
6.749363
6.747686
6.746752
6.745525
6.742737
6.739632
6.734781
6.726580
6.719904
6.713966
6.709457
6.704556
6.698631
6.692266
6.683226
6.673397
6.661427
6.646996
6.633356
6.620445
6.606441
6.593512
6.581182
6.575035
6.574383
6.576941
6.580837
6.582680
6.582211
6.577847
6.569654
6.554886
6.534254
6.515341
6.501984
6.496115
6.496571
6.501616
6.511030
6.521286
6.530037
6.535435
6.533714
6.531050
6.527328
6.521549
6.512766
6.504101
6.499249
6.496021
6.491268
6.487324
6.484543
6.485178
6.487946
6.493290
6.499962
6.507378
6.515551
6.523046
6.528469
6.532145
6.533840
6.539112
6.547049
6.559799
6.575569
6.591209
6.608688
6.623734
6.637287
6.646292
6.648918
6.648968
6.648094
6.648708
6.652012
6.656591
6.669035
6.686077
6.707193
6.728493
6.747219
6.765184
6.777939
6.785963
6.788816
6.786556
6.783974
6.781694
6.781073
6.782591
6.785000
6.791023
6.798857
6.807789
6.815872
6.821739
6.827763
6.833233
6.843666
6.857386
6.870361
6.884182
6.896975
6.909176
6.917238
6.917889
6.914728
6.908127
6.901386
6.894838
6.887318
6.883312
6.882431
6.883947
6.887058
6.888165
6.890362
6.891331
6.892309
6.890467
6.883286
6.873596
6.861389
6.848484
6.833183
6.815453
6.799545
6.786423
6.780130
6.778793
6.779795
6.780987
6.783070
6.784981
6.786840
6.784683
6.775398
6.761656
6.741962
6.721838
6.701080
6.683735
6.670326
6.658028
6.648455
6.639076
6.633711
6.629374
6.620708
6.610546
6.597549
6.588428
6.580734
6.572359
6.564589
6.557150
6.549648
6.542036
6.531494
6.521128
6.508690
6.496490
6.482986
6.470394
6.458263
6.444857
6.431990
6.421467
6.416069
6.414167
6.412830
6.412659
6.410141
6.408766
6.406061
6.400530
6.391954
6.380753
6.366217
6.353046
6.342144
6.335735
6.332827
6.335102
6.341320
6.348957
6.358597
6.366997
6.378937
6.391277
6.398695
6.400745
6.396158
6.389500
6.379156
6.363600
6.347712
6.331772
6.314865
6.302059
6.291977
6.288170
6.288898
6.294973
6.304007
6.311712
6.320440
6.326399
6.332203
6.333982
6.329700
6.322929
6.314402
6.306517
6.298004
6.286928
6.275288
6.262350
6.246605
6.232622
6.220406
6.208303
6.199436
6.198835
6.205490
6.214037
6.224194
6.233959
6.245165
6.253662
6.255033
6.250708
6.241112
6.229568
6.214931
6.197712
6.182907
6.171324
6.165026
6.162127
6.160343
6.162266
6.165236
6.170639
6.174612
6.175154
6.179138
6.184277
6.191835
6.198978
6.203773
6.209515
6.213871
6.214102
6.211472
6.206110
6.198124
6.186380
6.171911
6.158440
6.147652
6.142607
6.142290
6.148941
6.160084
6.171875
6.181089
6.188648
6.191582
6.193298
6.194481
6.201199
6.211666
6.227179
6.245468
6.262758
6.281565
6.298979
6.309843
6.318127
6.322086
6.325720
6.328516
6.334465
6.343090
6.351929
6.366833
6.384878
6.406338
6.426434
6.442131
6.459457
6.476627
6.492462
6.504082
6.509171
6.512012
6.509417
6.499733
6.487625
6.473104
6.460148
6.449177
6.442390
6.438644
6.436327
6.444035
6.458172
6.478638
6.500444
6.518600
6.535130
6.546818
6.553905
6.555407
6.548733
6.538082
6.525585
6.514406
6.504099
6.494816
6.488766
6.484489
6.485409
6.489122
6.491804
6.496756
6.501984
6.512173
6.523884
6.533785
6.542978
6.550240
6.556997
6.559559
6.556999
6.551647
6.542196
6.526455
6.508545
6.488285
6.469868
6.453905
6.447687
6.448786
6.451609
6.455524
6.458736
6.463104
6.462795
6.453657
6.439919
6.424603
6.413185
6.405769
6.399290
6.398146
6.402151
6.410938
6.421165
6.427975
6.430902
6.427336
6.421795
6.413822
6.403410
6.394463
6.387398
6.389151
6.396809
6.407125
6.419420
6.431505
6.440620
6.442696
6.434349
6.424067
6.412350
6.398026
6.386747
6.378775
6.381311
6.392687
6.410397
6.426708
6.435596
6.436731
6.428318
6.409986
6.388361
6.365597
6.348686
6.338524
6.343185
6.359480
6.382380
6.408905
6.435043
6.454674
6.466602
6.467033
6.459450
6.444494
6.431646
6.422007
6.412922
6.409737
6.412102
6.416552
6.422665
6.425970
6.426708
6.423126
6.424019
6.428663
6.434414
6.443710
6.454897
6.470015
6.484060
6.492880
6.496410
6.491785
6.483385
6.472635
6.459272
6.449213
6.442646
6.442327
6.445248
6.447315
6.447746
6.445736
6.444229
6.440174
6.432491
6.430550
6.433985
6.439220
6.448402
6.458731
6.471397
6.480873
6.487562
6.487635
6.480619
6.470175
6.457823
6.448360
6.444284
6.443832
6.450558
6.461716
6.477421
6.494034
6.507637
6.525526
6.544464
6.560059
6.574907
6.587547
6.599634
6.607744
6.610474
6.611719
6.610607
6.615940
6.626701
6.643970
6.665272
6.685141
6.700838
6.712955
6.725105
6.733858
6.734962
6.732950
6.730377
6.731165
6.734837
6.738377
6.738176
6.733948
6.734293
6.740026
6.747845
6.762026
6.780777
6.809601
6.842243
6.869904
6.891693
6.905901
6.913368
6.912575
6.899424
6.881716
6.862162
6.841581
6.827011
6.817408
6.816685
6.821468
6.834032
6.850864
6.865349
6.878817
6.888435
6.902285
6.917252
6.927994
6.935585
6.939873
6.937582
6.927231
6.912020
6.894737
6.874489
6.854296
6.834297
6.812603
6.796539
6.783607
6.775320
6.767830
6.758545
6.752365
6.748695
6.755733
6.769169
6.784687
6.804298
6.824192
6.842348
6.853485
6.854002
6.845261
6.828682
6.810787
6.793827
6.778652
6.771069
6.769424
6.782490
6.807344
6.835262
6.864655
6.890657
6.908821
6.921614
6.925762
6.925083
6.918015
6.908077
6.895067
6.877117
6.861614
6.850288
6.846088
6.847553
6.850376
6.859165
6.870220
6.883125
6.894718
6.900751
6.904552
6.902824
6.899088
6.891895
6.879684
6.869400
6.860485
6.849367
6.841066
6.835527
6.839722
6.851643
6.865486
6.882328
6.899176
6.916603
6.931736
6.941338
6.947948
6.950951
6.954247
6.957935
6.961462
6.972420
6.990021
7.014011
7.038708
7.058414
7.073257
7.080553
7.081493
7.074646
7.068237
7.063183
7.056530
7.053391
7.052700
7.053600
7.058039
7.062712
7.067501
7.070621
7.069397
7.063946
7.054289
7.051289
7.054462
7.059711
7.068867
7.080044
7.093472
7.104738
7.112169
7.113791
7.106390
7.100529
7.096712
7.097490
7.102268
7.108749
7.114649
7.119968
7.131737
7.145973
7.157564
7.166401
7.169788
7.168835
7.169117
7.169619
7.171158
7.171841
7.168938
7.169207
7.169714
7.170446
7.168348
7.166330
7.163370
7.157494
7.151842
7.145012
7.133923
7.123709
7.114946
7.113304
7.117445
7.126671
7.137920
7.147131
7.157253
7.165794
7.167946
7.165703
7.159992
7.152967
7.144295
7.131020
7.119736
7.109596
7.103764
7.099991
7.096252
7.096836
7.098722
7.108616
7.123123
7.142475
7.161682
7.176800
7.186985
7.190369
7.189989
7.184254
7.171612
7.155867
7.137411
7.119730
7.103737
7.087831
7.076870
7.070248
7.074450
7.083757
7.093037
7.103115
7.111490
7.120144
7.124996
7.122150
7.113760
7.098129
7.072792
7.044151
7.013540
6.986897
6.963726
6.942230
6.925625
6.913471
6.908485
6.906738
6.911829
6.922132
6.932358
6.943607
6.953377
6.956291
6.949688
6.930214
6.904503
6.874432
6.838726
6.806107
6.778154
6.760231
6.750263
6.752064
6.759396
6.765726
6.765011
6.755188
6.740334
6.727106
6.713095
6.707687
6.706408
6.711754
6.718645
6.723824
6.729530
6.731514
6.724777
6.713888
6.698816
6.684505
6.670256
6.659130
6.651649
6.647120
6.653496
6.667160
6.679821
6.691158
6.699152
6.703896
6.701073
6.692564
6.676247
6.650063
6.620625
6.589832
6.559706
6.536007
6.519329
6.517412
6.526203
6.542320
6.559319
6.570007
6.576588
6.575272
6.567402
6.550447
6.522770
6.491652
6.460268
6.433483
6.412802
6.397629
6.393814
6.397476
6.407907
6.421597
6.433241
6.445322
6.455589
6.461273
6.466988
6.469852
6.472986
6.472782
6.465736
6.454918
6.440706
6.425688
6.410393
6.392586
6.379507
6.369793
6.367554
6.370928
6.374350
6.382477
6.392851
6.407326
6.422234
6.432632
6.442232
6.450203
6.451721
6.451159
6.448431
6.447466
6.446159
6.447609
6.450809
6.452564
6.457199
6.463501
6.469900
6.481190
6.494984
6.513885
6.535473
6.555346
6.575506
6.594692
6.614515
6.632744
6.644371
6.651958
6.654335
6.654694
6.652771
6.644688
6.637306
6.630272
6.627157
6.625948
6.632576
6.643648
6.653824
6.666271
6.678864
6.688530
6.692974
6.691313
6.694984
6.704342
6.716003
6.731636
6.749828
6.766882
6.787348
6.808174
6.831627
6.854780
6.873701
6.892508
6.908623
6.925638
6.942989
6.969658
7.001554
7.034519
7.071945
7.110374
7.149681
7.186365
7.217247
7.246796
7.273195
7.300436
7.328465
7.355135
7.385418
7.418051
7.450577
7.487059
7.525217
7.567886
7.610481
7.650017
7.686962
7.717016
7.742203
7.762287
7.775715
7.788097
7.801401
7.825256
7.856365
7.888573
7.922363
7.958530
7.990997
8.014879
8.032001
8.041294
8.041935
8.043863
8.046579
8.053495
8.062437
8.073626
8.084709
8.091789
8.097200
8.099285
8.098431
8.091305
8.077236
8.056047
8.027533
7.995176
7.955280
7.907597
7.862539
7.820290
7.782837
7.747208
7.706881
7.661570
7.610962
7.559650
7.506933
7.451633
7.392307
7.331392
7.273542
7.220966
7.168484
7.115566
7.055605
6.990299
6.916664
6.841885
6.764509
6.683199
6.604069
6.529678
6.463867
6.403664
6.341652
6.281662
6.222710
6.162737
6.104862
6.046249
5.991856
5.938011
5.881529
5.819311
5.750816
5.686121
5.624935
5.561857
5.501291
5.441437
5.385662
5.333275
5.286194
5.243069
5.203346
5.172211
5.147633
5.125723
5.108959
5.096550
5.094929
5.098396
5.104296
5.108028
5.105976
5.099249
5.087988
5.074944
5.060745
5.045443
5.033871
5.027523
5.032394
5.046251
5.066605
5.097073
5.133919
5.181690
5.234394
5.284956
5.332001
5.372364
5.410637
5.444393
5.469454
5.491352
5.510422
5.530642
5.551994
5.573715
5.604691
5.642632
5.688301
5.739126
5.787991
5.836975
5.882071
5.925339
5.964779
5.997280
6.027910
6.056904
6.086752
6.117685
6.147884
6.184338
6.224972
6.268654
6.311502
6.349203
6.384495
6.414564
6.441292
6.462673
6.477085
6.489002
6.498072
6.513567
6.534063
6.556213
6.580963
6.606640
6.634588
6.660572
6.679413
6.691647
6.697178
6.698721
6.694078
6.682558
6.669142
6.652111
6.631447
6.610313
6.588531
6.574343
6.565132
6.555843
6.548954
6.543175
6.538465
6.532478
6.522692
6.506012
6.480017
6.444672
6.400717
6.350571
6.304565
6.269434
6.250467
6.243271
6.242413
6.242399
6.248253
6.267643
6.295303
6.323023
6.337900
6.330906
6.305691
6.261810
6.201988
6.137558
6.075686
6.027580
5.997345
5.988384
5.995869
6.014294
6.041672
6.068953
6.094797
6.113091
6.118542
6.115141
6.103609
6.089190
6.072760
6.053383
6.033611
6.012344
5.994093
5.976852
5.957581
5.940027
5.925194
5.917595
5.916395
5.917776
5.925125
5.937193
5.950020
5.967894
5.988323
6.010700
6.030455
6.050205
6.068161
6.080666
6.090790
6.097729
6.099873
6.102077
6.102430
6.099150
6.090143
6.084106
6.081409
6.078672
6.083561
6.095255
6.111174
6.127470
6.136314
6.141024
6.138256
6.131950
6.122198
6.110874
6.104244
6.103958
6.119518
6.146290
6.176914
6.211849
6.247025
6.280521
6.307636
6.321392
6.325033
6.317688
6.300751
6.279255
6.256048
6.235516
6.219130
6.210070
6.207386
6.207703
6.218594
6.235296
6.257288
6.279146
6.295113
6.306799
6.311687
6.313190
6.309219
6.296556
6.281342
6.264843
6.249992
6.237309
6.224922
6.216354
6.209621
6.205280
6.200020
6.191881
6.183296
6.172541
6.159086
6.150093
6.144585
6.144276
6.146536
6.152740
6.160143
6.163635
6.163776
6.159275
6.148016
6.133173
6.114958
6.099648
6.087883
6.085186
6.089239
6.096050
6.107653
6.120640
6.134171
6.145088
6.149588
6.150764
6.148283
6.146397
6.144447
6.140345
6.138609
6.138334
6.144444
6.155304
6.164005
6.169685
6.172054
6.173206
6.170464
6.161472
6.149757
6.134321
6.115746
6.101250
6.090773
6.084846
6.082373
6.079964
6.075588
6.070948
6.067616
6.062258
6.060078
6.059280
6.057381
6.055847
6.052345
6.043381
6.030174
6.012993
5.995132
5.975611
5.956142
5.942247
5.936861
5.947170
5.969706
6.002308
6.037880
6.069717
6.097752
6.118515
6.131123
6.135330
6.130470
6.120798
6.107845
6.097651
6.090103
6.083105
6.083862
6.091232
6.099724
6.110161
6.120186
6.130810
6.137562
6.142073
6.142818
6.136248
6.124422
6.109070
6.098795
6.096800
6.100557
6.110859
6.124920
6.144215
6.164913
6.183023
6.196915
6.204376
6.212711
6.220478
6.225786
6.231710
6.237183
6.244240
6.253136
6.259882
6.264103
6.265394
6.269333
6.274652
6.278069
6.281780
6.286661
6.294380
6.304268
6.312618
6.321037
6.327900
6.332323
6.335644
6.335930
6.340647
6.348438
6.355925
6.365606
6.376133
6.387535
6.396463
6.398224
6.394567
6.385096
6.371983
6.356445
6.343786
6.335718
6.327766
6.322363
6.317587
6.315546
6.312305
6.304152
6.293175
6.279522
6.268631
6.259903
6.252737
6.248840
6.247482
6.250303
6.252987
6.250229
6.240093
6.221991
6.196497
6.173304
6.154367
6.140305
6.131258
6.130562
6.136694
6.145279
6.154921
6.162703
6.170258
6.174191
6.170561
6.162304
6.150269
6.136459
6.124813
6.116604
6.113167
6.115440
6.124302
6.136339
6.146965
6.158173
6.166943
6.173208
6.182400
6.191406
6.202402
6.212332
6.221748
6.228743
6.230225
6.225201
6.214478
6.203522
6.194344
6.186401
6.181257
6.178844
6.181484
6.185768
6.189209
6.192581
6.194752
6.199587
6.205460
6.209536
6.215000
6.220663
6.227434
6.233923
6.238522
6.243229
6.247910
6.251991
6.257231
6.263470
6.272316
6.282530
6.297878
6.316311
6.333157
6.349106
6.362488
6.373138
6.379452
6.380384
6.376015
6.365492
6.349075
6.327179
6.305016
6.291487
6.285265
6.288090
6.297264
6.310749
6.328796
6.348114
6.362364
6.372240
6.375296
6.374533
6.369265
6.358971
6.348188
6.338505
6.333309
6.331017
6.331020
6.332363
6.333748
6.336420
6.337849
6.337219
6.339197
6.342333
6.344883
6.345135
6.345175
6.344280
6.338427
6.328789
6.316216
6.302364
6.288158
6.272274
6.257315
6.243670
6.233576
6.226351
6.219227
6.213457
6.206730
6.200729
6.194067
6.185173
6.177162
6.169691
6.162224
6.157257
6.153028
6.153698
6.156693
6.158636
6.161163
6.163048
6.164343
6.162062
6.156881
6.147337
6.133554
6.118593
6.104830
6.092220
6.087067
6.088087
6.094761
6.105190
6.118830
6.131519
6.141582
6.150293
6.156212
6.159800
6.163233
6.166813
6.173363
6.180456
6.192142
6.206934
6.221176
6.235317
6.247339
6.257225
6.263523
6.264791
6.263353
6.259050
6.252098
6.245106
6.237148
6.230721
6.225319
6.224508
6.227629
6.230839
6.233978
6.236212
6.238777
6.240692
6.239147
6.235580
6.229296
6.218861
6.210381
6.204710
6.202469
6.202181
6.204748
6.207621
6.209167
6.209862
6.208294
6.207352
6.205662
6.202278
6.201183
6.200912
6.203392
6.207724
6.209801
6.210762
6.208729
6.203957
6.195114
6.183849
6.176207
6.170387
6.165495
6.160004
6.151314
6.139118
6.123686
6.109062
6.094604
6.081570
6.072144
6.065855
6.065155
6.066578
6.068373
6.070490
6.070230
6.065781
6.060596
6.056599
6.055069
6.055992
6.060488
6.067863
6.075106
6.083206
6.088736
6.091614
6.095993
6.101479
6.107073
6.110762
6.115187
6.120588
6.126209
6.131920
6.136578
6.144485
6.155087
6.164787
6.175343
6.185684
6.196335
6.205111
6.209814
6.211016
6.208950
6.203087
6.196972
6.191078
6.190102
6.193623
6.202778
6.215008
6.226318
6.238464
6.250607
6.258013
6.262217
6.262005
6.258884
6.252148
6.244370
6.237499
6.232031
6.233242
6.240162
6.251219
6.263298
6.274429
6.285900
6.295750
6.302807
6.306866
6.307230
6.305391
6.301558
6.298733
6.296549
6.294348
6.294472
6.295765
6.299305
6.303631
6.306538
6.309666
6.312263
6.314554
6.314631
6.310789
6.306885
6.301868
6.297031
6.291807
6.285601
6.280031
6.273792
6.265713
6.256363
6.245623
6.233862
6.221220
6.206789
6.195824
6.187601
6.182304
6.179159
6.176903
6.175356
6.172964
6.169043
6.163691
6.157459
6.149805
6.140129
6.132614
6.127857
6.127031
6.128853
6.131746
6.137197
6.143415
6.149490
6.153881
6.157269
6.158504
6.157841
6.156359
6.153681
6.149559
6.148373
6.149199
6.151295
6.153505
6.154554
6.154968
6.154194
6.152399
6.148825
6.142879
6.135338
6.126659
6.118263
6.109999
6.100594
6.091272
6.083040
6.076492
6.071272
6.067324
6.066301
6.066624
6.068527
6.069963
6.070738
6.070473
6.069408
6.068556
6.067953
6.063967
6.059401
6.053789
6.048779
6.043709
6.036406
6.028133
6.018736
6.008640
5.998558
5.987270
5.976822
5.966839
5.960587
5.955839
5.952099
5.948166
5.942474
5.935444
5.930534
5.926533
5.924278
5.923790
5.922314
5.921337
5.920734
5.920567
5.920679
5.919878
5.920105
5.920113
5.920240
5.920774
5.921120
5.920008
5.917217
5.914057
5.909939
5.905649
5.900635
5.896145
5.892563
5.889933
5.889292
5.891073
5.894739
5.899361
5.903194
5.905840
5.907040
5.903831
5.896980
5.887360
5.877480
5.868477
5.861195
5.857107
5.856144
5.859356
5.865944
5.874462
5.883837
5.892183
5.901169
5.910595
5.918819
5.927103
5.934635
5.941433
5.946655
5.950520
5.954025
5.956093
5.957527
5.959589
5.963285
5.966396
5.968899
5.971207
5.973942
5.977299
5.982384
5.987177
5.992517
5.998611
6.003115
6.007212
6.011362
6.017149
6.023479
6.029474
6.033537
6.036406
6.038651
6.039942
6.039858
6.039858
6.039978
6.041849
6.045277
6.049135
6.054705
6.060692
6.067623
6.075487
6.081879
6.087593
6.094790
6.101715
6.108402
6.115150
6.121513
6.127748
6.134272
6.140072
6.144543
6.149252
6.153778
6.157312
6.160252
6.163540
6.167942
6.172623
6.178711
6.185173
6.190907
6.196152
6.200317
6.203991
6.206528
6.208115
6.209522
6.210667
6.212238
6.213902
6.215219
6.216671
6.217152
6.217718
6.219006
6.219765
6.220242
6.220915
6.220909
6.220650
6.220312
6.219969
6.218241
6.215900
6.213739
6.212059
6.209846
6.207582
6.205669
6.204063
6.201641
6.199451
6.198626
6.198349
6.197617
6.197609
6.197495
6.197536
6.197197
6.196457
6.195154
6.194479
6.194143
6.194740
6.196098
6.197979
6.199745
6.199802
6.199574
6.199615
6.200069
6.200552
6.201237
6.201229
6.202080
6.202427
6.203558
6.204948
6.205647
6.206978
6.208042
6.209209
6.210621
6.212086
6.213524
6.215117
6.216402
6.217350
6.217499
6.217270
6.217258
6.217678
6.217457
6.217518
6.217873
6.218342
6.219004
6.219349
6.220715
6.221601
6.221203
6.220598
6.220184
6.219893
6.218054
6.216484
6.215431
6.214508
6.213814
6.212894
6.212620
6.211746
6.209555
6.207664
6.205442
6.203419
6.202547
6.201838
6.201042
6.200304
6.198843
6.197865
6.197214
6.195950
6.194021
6.192236
6.190514
6.188618
6.186087
6.183270
6.181198
6.178669
6.177099
6.175854
6.174591
6.172295
6.170485
6.168293
6.165504
6.163370
6.161955
6.160383
6.157589
6.154202
6.151596
6.149694
6.147762
6.146076
6.142838
6.139936
6.137524
6.135061
6.131313
6.127415
6.123667
6.120003
6.116894
6.114285
6.110926
6.106796
6.103119
6.099606
6.096149
6.092674
6.088907
6.085329
6.081963
6.077793
6.072924
6.067932
6.064081
6.058998
6.053291
6.047802
6.042843
6.038509
6.034288
6.030558
6.026379
6.021889
6.017452
6.012747
6.007874
6.001976
5.995405
5.989056
5.983376
5.977039
5.971087
5.966690
5.961899
5.956451
5.951273
5.945683
5.939619
5.934294
5.928432
5.921890
5.916138
5.910572
5.905268
5.899164
5.891994
5.883703
5.875149
5.866982
5.858074
5.848997
5.840246
5.833023
5.826551
5.819649
5.814064
5.808437
5.802216
5.795673
5.787790
5.779415
5.770578
5.762283
5.755047
5.746922
5.737999
5.728294
5.719242
5.711361
5.702372
5.693783
5.684002
5.675446
5.667786
5.659800
5.651146
5.642517
5.634617
5.627012
5.617958
5.607807
5.596647
5.585669
5.574818
5.564655
5.555073
5.545500
5.535892
5.526989
5.518597
5.510015
5.500351
5.489855
5.480133
5.469643
5.458511
5.446804
5.435951
5.425926
5.414713
5.403473
5.392523
5.382687
5.373602
5.364166
5.355398
5.345341
5.334362
5.323471
5.313194
5.302406
5.289928
5.276318
5.263079
5.250130
5.237900
5.225395
5.213854
5.203949
5.194368
5.184502
5.172749
5.158560
5.145329
5.132084
5.119114
5.105257
5.092285
5.081955
5.071659
5.061279
5.049763
5.037661
5.025745
5.011711
4.997141
4.983006
4.968235
4.953699
4.939037
4.925438
4.913544
4.903122
4.894466
4.885843
4.876701
4.865170
4.852512
4.838390
4.823315
4.807724
4.791777
4.777126
4.762711
4.747219
4.731098
4.713137
4.694235
4.677010
4.660532
4.645254
4.630684
4.616404
4.604149
4.592529
4.581186
4.568001
4.554516
4.541191
4.526588
4.511642
4.495998
4.480696
4.467363
4.453123
4.439165
4.424747
4.410076
4.396479
4.382154
4.368525
4.354649
4.341309
4.328537
4.312819
4.297201
4.280989
4.265902
4.252949
4.239147
4.225332
4.211691
4.197483
4.183266
4.167248
4.149986
4.131147
4.111652
4.093967
4.076084
4.057785
4.039709
4.022827
4.007799
3.992310
3.976822
3.962271
3.947535
3.932384
3.916094
3.901325
3.884962
3.867798
3.852922
3.837589
3.822220
3.805614
3.788816
3.773212
3.757671
3.741219
3.723419
3.706459
3.691158
3.675365
3.660049
3.643419
3.627445
3.612911
3.595230
3.574738
3.551922
3.528477
3.506912
3.487156
3.469273
3.451414
3.435616
3.422487
3.410130
3.398323
3.383907
3.367369
3.350370
3.333113
3.315720
3.298265
3.282791
3.272705
3.266327
3.262674
3.259935
3.258734
3.258163
3.253704
3.246033
3.233145
3.217983
3.202839
3.187696
3.174820
3.163254
3.153988
3.148518
3.143656
3.139639
3.133636
3.128162
3.125277
3.123085
3.122663
3.122540
3.123730
3.128187
3.134268
3.139656
3.145430
3.149137
3.151684
3.151531
3.153231
3.153658
3.155140
3.159216
3.162853
3.166037
3.164154
3.160240
3.154078
3.148594
3.139114
3.126408
3.115091
3.106615
3.097740
3.089035
3.081394
3.075840
3.071602
3.066576
3.062687
3.057217
3.051626
3.048601
3.048153
3.049734
3.049629
3.049603
3.050299
3.051693
3.054977
3.057653
3.060223
3.064438
3.069069
3.073874
3.080130
3.090660
3.097248
3.100241
3.102619
3.105595
3.104801
3.101147
3.098595
3.098833
3.101078
3.102951
3.105236
3.108547
3.113260
3.120255
3.124508
3.127308
3.129408
3.129187
3.126362
3.121183
3.116663
3.111658
3.107698
3.105682
3.102510
3.100544
3.098585
3.097710
3.100393
3.101257
3.100805
3.098209
3.095638
3.096523
3.102053
3.112522
3.123512
3.135681
3.149353
3.164148
3.177986
3.191505
3.203110
3.214638
3.227268
3.244179
3.262739
3.283442
3.301136
3.315186
3.324436
3.326147
3.320780
3.306271
3.286827
3.267181
3.247755
3.229677
3.216927
3.212206
3.216469
3.226339
3.240583
3.259804
3.279135
3.297691
3.310926
3.320450
3.322422
3.320015
3.318012
3.317890
3.319801
3.322088
3.326406
3.333340
3.339748
3.344036
3.346790
3.343060
3.334644
3.321846
3.307415
3.290268
3.273518
3.260031
3.247204
3.236668
3.229143
3.224091
3.222317
3.216927
3.208332
3.192944
3.172066
3.149284
3.124933
3.100327
3.074413
3.053877
3.040882
3.033810
3.031809
3.033260
3.035995
3.039856
3.036993
3.027477
3.011644
2.993795
2.976686
2.959656
2.946386
2.937643
2.934801
2.937820
2.944157
2.952656
2.964104
2.975500
2.984840
2.987560
2.985098
2.975414
2.963036
2.950588
2.937340
2.926228
2.912046
2.896877
2.886528
2.877670
2.870865
2.865097
2.862553
2.867153
2.877195
2.892254
2.909409
2.928221
2.948561
2.965315
2.978981
2.982924
2.980558
2.975664
2.968163
2.960514
2.954189
2.952497
2.957975
2.967346
2.980043
2.995424
3.009462
3.019691
3.023684
3.023323
3.013304
2.996607
2.979115
2.962511
2.949421
2.937412
2.931120
2.933411
2.941566
2.955219
2.971470
2.988964
3.008978
3.024059
3.032066
3.033211
3.030289
3.027729
3.029268
3.033993
3.037300
3.042862
3.051182
3.064198
3.071939
3.074282
3.073376
3.068226
3.059612
3.051224
3.041439
3.034031
3.031731
3.032429
3.036762
3.036617
3.032753
3.029026
3.025293
3.023436
3.026917
3.034212
3.045475
3.057615
3.069538
3.078421
3.084738
3.090500
3.090969
3.087688
3.077236
3.062504
3.047125
3.031366
3.015947
2.999676
2.986469
2.978718
2.973185
2.970350
2.965509
2.959223
2.955229
2.950590
2.945904
2.940132
2.934860
2.933407
2.934780
2.938118
2.940956
2.945251
2.952038
2.958092
2.962944
2.964405
2.963799
2.963631
2.959860
2.955090
2.951775
2.945503
2.939463
2.931496
2.922924
2.917730
2.913034
2.911121
2.908278
2.906553
2.903395
2.900356
2.901909
2.904089
2.906511
2.912848
2.913406
2.910948
2.905476
2.900076
2.893475
2.888315
2.888775
2.891109
2.895622
2.898714
2.902569
2.907433
2.909943
2.908215
2.899406
2.886272
2.873539
2.862894
2.855913
2.851665
2.846088
2.843477
2.841511
2.840538
2.838800
2.839901
2.845526
2.854864
2.870068
2.889454
2.908833
2.927586
2.941597
2.950209
2.954933
2.946947
2.929621
2.905087
2.879887
2.853689
2.831375
2.819223
2.816833
2.825504
2.835047
2.844507
2.856709
2.866684
2.876766
2.883205
2.891178
2.902096
2.914076
2.928102
2.939259
2.947733
2.954906
2.955189
2.949352
2.931459
2.904465
2.874931
2.842480
2.810863
2.780380
2.757177
2.744640
2.738461
2.738750
2.742527
2.747131
2.753706
2.756517
2.756001
2.749249
2.739578
2.731323
2.722725
2.717970
2.709028
2.697451
2.690142
2.684309
2.681320
2.682484
2.686989
2.696098
2.706709
2.719984
2.732046
2.744339
2.758923
2.766579
2.766998
2.759855
2.750189
2.743698
2.739697
2.739439
2.744713
2.758036
2.778400
2.797358
2.814444
2.830267
2.840298
2.844646
2.841589
2.834566
2.822649
2.810749
2.802687
2.796469
2.794779
2.798714
2.804207
2.810614
2.820400
2.834583
2.843758
2.844181
2.841686
2.835825
2.827623
2.820686
2.810646
2.799643
2.785835
2.773739
2.761974
2.757036
2.761478
2.768515
2.778709
2.788410
2.798344
2.808493
2.813610
2.813850
2.810278
2.807663
2.810421
2.814278
2.820883
2.831049
2.841171
2.850683
2.854929
2.854145
2.848217
2.840117
2.832977
2.818354
2.799913
2.777657
2.757605
2.743643
2.733257
2.728279
2.731504
2.743431
2.765717
2.791573
2.819052
2.850822
2.876568
2.896061
2.905931
2.910173
2.908285
2.905499
2.909286
2.917183
2.930996
2.946999
2.966635
2.992857
3.018948
3.046005
3.067694
3.086195
3.104942
3.115353
3.120546
3.121138
3.121780
3.126339
3.129990
3.136063
3.142252
3.149385
3.160606
3.165737
3.164059
3.153116
3.137234
3.119907
3.100431
3.083380
3.071030
3.068045
3.075380
3.089907
3.109095
3.125053
3.138008
3.147409
3.143810
3.131748
3.111609
3.091038
3.075043
3.062210
3.057598
3.059639
3.068565
3.085735
3.099525
3.108585
3.108980
3.105709
3.103046
3.097612
3.094933
3.093882
3.098099
3.111055
3.129551
3.150837
3.168001
3.178713
3.183765
3.174416
3.154497
3.125481
3.094269
3.067272
3.043480
3.026913
3.017250
3.015814
3.024231
3.030338
3.035610
3.037338
3.035904
3.035141
3.032625
3.030762
3.027447
3.026039
3.030758
3.036718
3.044361
3.047485
3.046398
3.043995
3.036541
3.028696
3.017654
3.008743
3.006174
3.007793
3.016222
3.027767
3.043453
3.065012
3.084696
3.102978
3.116529
3.125685
3.131535
3.132633
3.130205
3.115683
3.093971
3.070612
3.044163
3.018570
2.991127
2.967110
2.952374
2.944099
2.943321
2.951485
2.963297
2.977753
2.988871
2.996714
2.991793
2.976730
2.957670
2.937260
2.920204
2.902760
2.889559
2.887432
2.890839
2.899849
2.909058
2.918947
2.932465
2.950371
2.972065
2.984608
2.990822
2.996647
3.003658
3.014835
3.031521
3.051756
3.081911
3.124411
3.181398
3.237999
3.287655
3.326433
3.345144
3.343315
3.318695
3.277859
3.231789
3.188194
3.156441
3.136829
3.131908
3.143646
3.164570
3.190372
3.214254
3.237000
3.259354
3.270405
3.272835
3.267494
3.257292
3.248671
3.240513
3.238071
3.243334
3.257191
3.279251
3.303776
3.328753
3.347723
3.362085
3.372841
3.373472
3.366043
3.356049
3.340397
3.322948
3.296215
3.263044
3.224318
3.185244
3.151390
3.120546
3.094738
3.072922
3.057186
3.048727
3.041201
3.035049
3.033123
3.029434
3.024403
3.007664
2.984236
2.955643
2.927999
2.906656
2.888943
2.879946
2.875460
2.877102
2.887630
2.901785
2.916529
2.932724
2.944946
2.952663
2.952946
2.951155
2.942793
2.932901
2.929844
2.930779
2.936901
2.946129
2.959223
2.978212
2.999193
3.023083
3.049402
3.071323
3.089993
3.100061
3.103714
3.098843
3.089132
3.082659
3.076365
3.074493
3.076239
3.085655
3.103373
3.126926
3.153141
3.172110
3.182640
3.191063
3.193634
3.191914
3.184326
3.177797
3.180714
3.191031
3.207901
3.224743
3.242554
3.262253
3.277998
3.289997
3.292927
3.291864
3.293116
3.291603
3.290251
3.287313
3.283846
3.280766
3.274876
3.266394
3.254238
3.240990
3.229389
3.211834
3.192200
3.170393
3.151443
3.139372
3.131178
3.128939
3.128937
3.135950
3.150345
3.164484
3.177914
3.186426
3.190203
3.194378
3.194534
3.191257
3.184832
3.178062
3.174477
3.176802
3.175999
3.167679
3.157160
3.149927
3.141167
3.134277
3.128832
3.130726
3.144600
3.168089
3.200489
3.231571
3.258057
3.278913
3.283119
3.271200
3.241770
3.200911
3.160137
3.121277
3.090065
3.069689
3.059895
3.062672
3.073860
3.091785
3.108341
3.124660
3.142836
3.151016
3.151560
3.141590
3.126947
3.112431
3.103004
3.102379
3.113649
3.126007
3.141687
3.157003
3.173717
3.193827
3.211712
3.226862
3.229637
3.224346
3.216927
3.216358
3.229420
3.250570
3.278637
3.307562
3.334036
3.355246
3.363848
3.360264
3.339924
3.309242
3.277641
3.239063
3.199377
3.160484
3.129944
3.112431
3.103745
3.106108
3.115292
3.133097
3.158262
3.184309
3.208635
3.225349
3.236010
3.242294
3.241217
3.236267
3.230423
3.222237
3.215908
3.209532
3.206415
3.206236
3.211990
3.226433
3.243048
3.259014
3.270166
3.278503
3.287346
3.292267
3.291958
3.284370
3.273308
3.263077
3.250977
3.239609
3.222342
3.202141
3.185980
3.177450
3.177647
3.181431
3.186222
3.195808
3.208797
3.226957
3.242723
3.261810
3.292324
3.330278
3.372602
3.410412
3.441547
3.466812
3.480780
3.482651
3.478352
3.466122
3.452507
3.437014
3.425537
3.423817
3.426456
3.434982
3.445492
3.458439
3.476334
3.493948
3.511368
3.518261
3.515774
3.507158
3.497267
3.492615
3.490334
3.494356
3.503263
3.519278
3.540743
3.555428
3.561621
3.557755
3.547451
3.534725
3.517496
3.500757
3.491659
3.487034
3.488033
3.485086
3.479424
3.468370
3.455765
3.444061
3.432482
3.423893
3.417755
3.416101
3.421482
3.426781
3.430138
3.420017
3.399071
3.373306
3.339777
3.302641
3.262867
3.226728
3.201057
3.181856
3.170240
3.162857
3.160666
3.161674
3.159931
3.154076
3.135607
3.108734
3.078884
3.047722
3.022196
2.999760
2.984692
2.980738
2.985880
3.000565
3.018255
3.038483
3.060299
3.076780
3.088591
3.093214
3.092674
3.093033
3.083694
3.071381
3.056221
3.044106
3.040068
3.040991
3.049049
3.060968
3.082830
3.112860
3.147758
3.186829
3.227383
3.250759
3.257866
3.249739
3.233963
3.210508
3.185081
3.163443
3.146252
3.135660
3.128315
3.125626
3.132677
3.146200
3.164101
3.176563
3.183573
3.189415
3.191061
3.190756
3.186262
3.181805
3.184717
3.192768
3.203249
3.206987
3.206615
3.206100
3.200815
3.194626
3.184681
3.176329
3.176554
3.182865
3.197233
3.213459
3.231640
3.250141
3.263378
3.271780
3.271664
3.265512
3.259809
3.247200
3.230701
3.211554
3.193724
3.179407
3.165009
3.154356
3.144218
3.137730
3.139912
3.145889
3.156298
3.166676
3.177303
3.188950
3.196325
3.201050
3.199467
3.194824
3.191189
3.182796
3.174015
3.162857
3.152704
3.146786
3.143196
3.143764
3.147095
3.154879
3.168852
3.183889
3.198868
3.209190
3.217600
3.224791
3.225805
3.223610
3.216030
3.205830
3.199303
3.185928
3.168524
3.148083
3.127499
3.109570
3.091705
3.075840
3.057854
3.042097
3.032684
3.022516
3.012413
3.000668
2.989246
2.981243
2.973022
2.967113
2.960463
2.955070
2.956066
2.957493
2.961090
2.964924
2.970856
2.981474
2.992046
3.001680
3.006458
3.008656
3.010376
3.008995
3.008572
3.001101
2.991373
2.986639
2.991272
3.008205
3.031046
3.053282
3.079102
3.104057
3.130035
3.152628
3.172241
3.191383
3.205048
3.212494
3.210922
3.201511
3.189312
3.170612
3.150423
3.127930
3.109032
3.099087
3.095020
3.099041
3.105644
3.116825
3.134026
3.150928
3.165569
3.173006
3.175568
3.177914
3.176594
3.176006
3.171902
3.169748
3.172552
3.176331
3.184742
3.192873
3.201759
3.214701
3.226902
3.236851
3.242977
3.247299
3.251984
3.259232
3.269045
3.264477
3.248024
3.226994
3.200541
3.172630
3.142742
3.113194
3.089554
3.070221
3.056778
3.043667
3.034830
3.031931
3.025513
3.016359
3.004368
2.992470
2.984774
2.979803
2.978252
2.977242
2.978384
2.983112
2.985992
2.988565
2.985558
2.980623
2.976158
2.967762
2.958258
2.948683
2.941990
2.942169
2.946667
2.955568
2.959831
2.961874
2.966595
2.969885
2.972515
2.972366
2.973595
2.980318
2.990364
3.004013
3.017525
3.029362
3.041481
3.048233
3.052078
3.044113
3.028231
3.011547
2.992136
2.975483
2.960024
2.951157
2.952774
2.963120
2.982864
2.999489
3.014505
3.030437
3.042105
3.049614
3.048573
3.043242
3.041912
3.041315
3.045614
3.051622
3.059750
3.073555
3.082048
3.083858
3.079138
3.073709
3.069538
3.066414
3.069908
3.078300
3.094193
3.117229
3.140015
3.159645
3.164894
3.157408
3.143141
3.121548
3.096340
3.070395
3.049963
3.040163
3.038651
3.045073
3.060637
3.076132
3.090511
3.094980
3.091354
3.078789
3.061920
3.047075
3.033922
3.026501
3.022116
3.023111
3.031225
3.038879
3.045448
3.046656
3.045033
3.044209
3.041122
3.037380
3.033018
3.031422
3.035259
3.041811
3.050783
3.056702
3.061104
3.066854
3.071747
3.078354
3.084126
3.090277
3.101891
3.114212
3.128111
3.139210
3.147038
3.153143
3.151190
3.143539
3.129423
3.114624
3.101341
3.089588
3.082294
3.078482
3.080410
3.088171
3.093746
3.096209
3.094561
3.091572
3.090546
3.089258
3.090378
3.093157
3.099815
3.110500
3.119404
3.125837
3.127993
3.126614
3.125202
3.125669
3.130762
3.141197
3.144686
3.144035
3.139894
3.138330
3.139898
3.147467
3.163794
3.177361
3.188286
3.192549
3.193314
3.192524
3.187721
3.184031
3.180773
3.180353
3.183107
3.184551
3.184868
3.181496
3.175638
3.170418
3.161297
3.148603
3.133255
3.118822
3.108509
3.099007
3.093380
3.091204
3.093437
3.102306
3.111996
3.121990
3.129053
3.133358
3.136986
3.136684
3.131901
3.122257
3.111336
3.103239
3.096018
3.090710
3.086304
3.083786
3.087078
3.092560
3.101027
3.108646
3.116896
3.127808
3.134628
3.137589
3.137075
3.136160
3.137402
3.138037
3.140619
3.144688
3.151037
3.161228
3.168716
3.175695
3.175945
3.168800
3.157242
3.143293
3.127443
3.111219
3.097057
3.090553
3.087519
3.086609
3.086323
3.085604
3.085421
3.081715
3.073654
3.059620
3.043901
3.031675
3.017220
3.004541
2.991413
2.981882
2.978735
2.979479
2.985535
2.994518
3.006449
3.021450
3.034153
3.042643
3.045078
3.044819
3.045128
3.043011
3.040791
3.040852
3.042686
3.048172
3.050024
3.049454
3.046539
3.043604
3.043116
3.042904
3.046350
3.052778
3.064915
3.082115
3.100487
3.119917
3.136244
3.150805
3.164520
3.172951
3.176306
3.174028
3.169048
3.162655
3.154110
3.146400
3.138699
3.131762
3.128902
3.128366
3.131426
3.133337
3.134974
3.137627
3.137682
3.135424
3.129543
3.122862
3.120285
3.118172
3.118303
3.117008
3.117176
3.119495
3.120935
3.122581
3.121822
3.120882
3.121767
3.123714
3.124062
3.117718
3.108513
3.098812
3.085785
3.074467
3.062925
3.052361
3.046131
3.042664
3.042542
3.043364
3.043972
3.046833
3.048004
3.046322
3.040508
3.034517
3.030994
3.028053
3.027210
3.024942
3.025000
3.029858
3.037460
3.047609
3.058029
3.071623
3.088190
3.104259
3.120363
3.134890
3.147738
3.159658
3.164402
3.163982
3.157492
3.150873
3.146057
3.142490
3.142384
3.148003
3.159508
3.176979
3.194324
3.211731
3.227303
3.241272
3.253115
3.258268
3.259495
3.262947
3.271130
3.285454
3.299475
3.313469
3.327187
3.339899
3.350943
3.355995
3.358698
3.359434
3.361004
3.365704
3.371641
3.379826
3.389017
3.400011
3.412130
3.423470
3.433033
3.439358
3.442909
3.446703
3.443237
3.434685
3.424395
3.415346
3.409752
3.406504
3.405630
3.406284
3.408182
3.412231
3.415150
3.417194
3.415499
3.412210
3.408382
3.403120
3.395271
3.383600
3.370884
3.359013
3.346718
3.334080
3.320103
3.305185
3.293341
3.281305
3.270390
3.256264
3.240252
3.226042
3.212206
3.199238
3.185223
3.173182
3.164280
3.155375
3.150160
3.147316
3.146656
3.148699
3.150064
3.150360
3.148067
3.145811
3.144650
3.142227
3.139568
3.134939
3.130833
3.128651
3.128168
3.127935
3.127268
3.128283
3.133385
3.137949
3.141441
3.142279
3.141277
3.140371
3.135151
3.128277
3.119497
3.111809
3.107124
3.103462
3.103046
3.102745
3.105343
3.110584
3.112677
3.112110
3.108988
3.104742
3.103519
3.103184
3.104111
3.107195
3.111530
3.120136
3.129253
3.140564
3.148632
3.153555
3.158546
3.163443
3.167309
3.171406
3.177206
3.186083
3.193871
3.200624
3.202553
3.200148
3.198320
3.196737
3.198853
3.203117
3.211582
3.224541
3.238562
3.250143
3.257900
3.259325
3.255749
3.241962
3.221718
3.198233
3.174419
3.154301
3.138794
3.126568
3.119547
3.120235
3.128010
3.139341
3.154306
3.169884
3.184164
3.197552
3.207762
3.213749
3.216671
3.217854
3.218821
3.219631
3.221819
3.223667
3.224897
3.228111
3.233009
3.238745
3.242500
3.245903
3.248510
3.248510
3.245861
3.238575
3.227652
3.216593
3.203516
3.190777
3.177111
3.163754
3.153355
3.143980
3.135754
3.127117
3.119852
3.115192
3.110645
3.107243
3.100655
3.093664
3.086271
3.076056
3.064903
3.053055
3.041172
3.031498
3.024099
3.020168
3.017502
3.016769
3.019106
3.022030
3.025026
3.025608
3.025740
3.025492
3.023710
3.021135
3.016569
3.012259
3.011223
3.011311
3.013895
3.016550
3.021839
3.030825
3.040409
3.051340
3.061970
3.071918
3.082598
3.091700
3.099764
3.103813
3.104675
3.106560
3.108027
3.109127
3.108685
3.109634
3.112354
3.116016
3.120365
3.122881
3.125191
3.128893
3.128345
3.125849
3.120558
3.115042
3.112299
3.111631
3.115015
3.119015
3.124546
3.131628
3.138216
3.143288
3.145100
3.145981
3.146515
3.143272
3.138391
3.132706
3.128986
3.127197
3.127279
3.130114
3.135950
3.143797
3.153332
3.161163
3.167543
3.172361
3.172440
3.167984
3.159641
3.151340
3.142889
3.135105
3.130623
3.128357
3.130413
3.134037
3.139389
3.145134
3.150288
3.153053
3.151672
3.147903
3.144245
3.138451
3.131832
3.124405
3.119480
3.117844
3.117373
3.118217
3.119987
3.122997
3.125360
3.125397
3.125874
3.124947
3.123863
3.124296
3.125629
3.127497
3.132908
3.141489
3.152235
3.161598
3.168762
3.172071
3.171387
3.167208
3.159100
3.149679
3.140526
3.132372
3.126156
3.121681
3.120079
3.118092
3.115932
3.114529
3.114090
3.114582
3.115868
3.119337
3.125830
3.133974
3.144756
3.154945
3.163227
3.169230
3.173668
3.175034
3.173462
3.171398
3.169985
3.170034
3.173141
3.179903
3.187649
3.197636
3.207342
3.216305
3.223083
3.228184
3.232796
3.236732
3.239510
3.241158
3.241968
3.244040
3.246086
3.246483
3.244532
3.242245
3.240833
3.239952
3.240601
3.240774
3.241978
3.245649
3.250330
3.255871
3.261169
3.266151
3.271170
3.276720
3.280973
3.285706
3.290619
3.295815
3.300446
3.303869
3.304707
3.304882
3.304605
3.303562
3.302258
3.299507
3.297466
3.297157
3.297865
3.300713
3.302677
3.305674
3.308895
3.312033
3.313772
3.313667
3.312790
3.311790
3.311758
3.312826
3.313263
3.312778
3.312050
3.310453
3.308401
3.306129
3.301285
3.296593
3.291874
3.286657
3.282009
3.278706
3.275812
3.273432
3.271347
3.268623
3.265598
3.262505
3.257404
3.251671
3.246153
3.239880
3.232718
3.224115
3.217346
3.211029
3.205023
3.200151
3.195854
3.191574
3.186884
3.181637
3.177584
3.172955
3.168671
3.164730
3.160353
3.155872
3.151815
3.147392
3.141090
3.134838
3.129147
3.123661
3.118761
3.114971
3.111227
3.108873
3.107145
3.105095
3.102331
3.098740
3.095539
3.091974
3.089100
3.085609
3.081846
3.079136
3.076345
3.073732
3.072035
3.070431
3.070660
3.070408
3.070415
3.070194
3.070885
3.072823
3.072340
3.071835
3.069592
3.065784
3.062099
3.059490
3.059635
3.062393
3.067610
3.074549
3.082182
3.090136
3.097378
3.102180
3.104868
3.106260
3.106310
3.106192
3.106377
3.106041
3.106844
3.108940
3.111874
3.114622
3.117445
3.118755
3.120831
3.123451
3.127274
3.131824
3.136215
3.141190
3.145697
3.150661
3.156015
3.161278
3.166693
3.171982
3.176048
3.179657
3.183170
3.186752
3.190624
3.194172
3.196924
3.199024
3.201666
3.205421
3.210278
3.213198
3.215704
3.217865
3.220346
3.223511
3.226536
3.228798
3.231451
3.234299
3.237898
3.241549
3.244633
3.247396
3.250544
3.253300
3.255585
3.258848
3.260998
3.262575
3.265181
3.267946
3.270500
3.272854
3.275339
3.278067
3.279264
3.280384
3.281996
3.284292
3.286791
3.289244
3.292086
3.294743
3.297384
3.300350
3.303221
3.305847
3.308773
3.313297
3.317537
3.321255
3.324875
3.328423
3.331068
3.334274
3.337833
3.341522
3.345058
3.348989
3.352747
3.356213
3.359241
3.362034
3.366507
3.370525
3.375095
3.379526
3.383627
3.387949
3.391979
3.395233
3.398991
3.403141
3.407616
3.412212
3.416960
3.421467
3.425781
3.430529
3.435013
3.439323
3.443651
3.447968
3.453133
3.459051
3.463850
3.468384
3.473995
3.479897
3.485580
3.491261
3.495501
3.499466
3.502876
3.507034
3.510626
3.515091
3.521364
3.528011
3.533573
3.539108
3.545282
3.551767
3.558174
3.563934
3.568596
3.574085
3.579296
3.584660
3.590067
3.595329
3.601725
3.608759
3.615681
3.623058
3.629667
3.637112
3.644814
3.651915
3.658401
3.665295
3.672533
3.678783
3.683064
3.686979
3.692894
3.701092
3.710529
3.720665
3.729656
3.738672
3.748014
3.756306
3.765053
3.772669
3.779280
3.786095
3.792480
3.800869
3.808701
3.816278
3.824894
3.833590
3.842873
3.851566
3.859905
3.869429
3.879322
3.889355
3.900270
3.911001
3.923532
3.934380
3.944752
3.955671
3.966450
3.977512
3.986607
3.997952
4.010254
4.020859
4.032042
4.042337
4.053055
4.063610
4.073048
4.081825
4.089748
4.097294
4.104708
4.113386
4.124462
4.137886
4.152149
4.166321
4.179531
4.192247
4.203983
4.215002
4.225779
4.234463
4.243595
4.254696
4.268162
4.281147
4.293152
4.305126
4.316713
4.327938
4.338829
4.348738
4.359924
4.371212
4.383287
4.394157
4.404209
4.416508
4.429935
4.444592
4.457489
4.469242
4.482227
4.496033
4.508369
4.519772
4.529552
4.541073
4.553921
4.568243
4.583704
4.598530
4.611635
4.624458
4.638559
4.651232
4.662735
4.674347
4.685881
4.699947
4.714737
4.731186
4.748493
4.765228
4.782507
4.797970
4.810030
4.820602
4.829733
4.840294
4.851858
4.863613
4.876770
4.891081
4.906065
4.921200
4.936050
4.950020
4.962481
4.977829
4.994350
5.010792
5.027992
5.044838
5.062061
5.078011
5.091778
5.104786
5.115595
5.127026
5.139183
5.151047
5.164322
5.178780
5.195932
5.214142
5.232254
5.251385
5.270195
5.288763
5.304871
5.318756
5.331837
5.344463
5.360184
5.377487
5.394413
5.413063
5.431192
5.450535
5.470255
5.489010
5.504894
5.519924
5.533541
5.548214
5.563175
5.579863
5.597906
5.617523
5.637699
5.656584
5.674866
5.691488
5.708044
5.723322
5.737587
5.752678
5.767719
5.782595
5.800276
5.819843
5.840919
5.863207
5.886208
5.908268
5.928232
5.946701
5.963736
5.980539
5.997009
6.011915
6.028763
6.045282
6.063370
6.082514
6.101152
6.119831
6.138382
6.158054
6.176510
6.193081
6.209702
6.225903
6.241104
6.256393
6.270559
6.286116
6.302317
6.319408
6.337265
6.353943
6.370716
6.387131
6.404839
6.422871
6.439087
6.455297
6.470470
6.486034
6.502066
6.517504
6.533360
6.549597
6.566769
6.584513
6.601566
6.619339
6.637463
6.656378
6.673784
6.689480
6.704054
6.717865
6.734888
6.754078
6.774311
6.792459
6.808636
6.826296
6.845383
6.861416
6.876114
6.888329
6.897392
6.904486
6.907434
6.907558
6.905617
6.905680
6.909369
6.917362
6.929993
6.945206
6.962189
6.982496
7.003918
7.026192
7.046295
7.065489
7.082249
7.095175
7.105297
7.110924
7.113029
7.110426
7.102364
7.091902
7.080292
7.068377
7.055782
7.042030
7.029039
7.015112
7.004473
6.996672
6.989292
6.982500
6.975233
6.967869
6.959869
6.949137
6.936184
6.920925
6.903971
6.889244
6.878490
6.872253
6.867508
6.866070
6.865644
6.863115
6.858021
6.849277
6.838987
6.826710
6.810986
6.795340
6.779394
6.765471
6.752659
6.738644
6.725531
6.713303
6.704828
6.698540
6.691244
6.684101
6.676283
6.669310
6.662615
6.655441
6.648672
6.642052
6.639978
6.642460
6.645582
6.651527
6.658125
6.665613
6.670589
6.669664
6.663837
6.653767
6.639248
6.623898
6.608261
6.596365
6.589193
6.587259
6.588972
6.591339
6.593460
6.592110
6.589125
6.582659
6.570843
6.556665
6.541260
6.531580
6.525826
6.521408
6.519665
6.519802
6.519394
6.515129
6.506269
6.498774
6.491955
6.490780
6.495487
6.502941
6.512199
6.517660
6.516701
6.504730
6.481682
6.453054
6.422651
6.398380
6.382648
6.376667
6.384735
6.404491
6.431683
6.461535
6.488016
6.511711
6.530060
6.542894
6.548882
6.548941
6.546297
6.542814
6.542055
6.543417
6.545345
6.550705
6.558168
6.567719
6.577477
6.584145
6.590946
6.596354
6.603264
6.609707
6.615929
6.623959
6.633221
6.645477
6.657494
6.667728
6.677040
6.685543
6.693794
6.701374
6.705566
6.709490
6.712458
6.716984
6.721710
6.725128
6.729061
6.733112
6.738579
6.744846
6.748608
6.754494
6.759907
6.768072
6.777439
6.786907
6.796978
6.806879
6.817734
6.826666
6.831989
6.836607
6.839275
6.842287
6.845345
6.846998
6.848099
6.849812
6.852896
6.854862
6.852577
6.850487
6.848745
6.848688
6.849293
6.846933
6.843996
6.839554
6.834890
6.829521
6.821136
6.812218
6.803009
6.796801
6.791367
6.785088
6.784792
6.789314
6.795855
6.804140
6.812016
6.819901
6.823727
6.823130
6.817566
6.806314
6.797163
6.788816
6.783508
6.779690
6.775990
6.772871
6.769361
6.765974
6.758535
6.745024
6.730190
6.712547
6.696522
6.680809
6.663601
6.649179
6.636395
6.625546
6.616669
6.607302
6.600904
6.597767
6.597969
6.598166
6.594185
6.587294
6.576355
6.561951
6.542992
6.517839
6.495728
6.478708
6.465437
6.457001
6.452017
6.452194
6.452429
6.453606
6.451303
6.444902
6.431789
6.413086
6.401178
6.396742
6.396378
6.402359
6.410938
6.418943
6.425823
6.426529
6.415554
6.390041
6.350328
6.302826
6.260061
6.229527
6.210571
6.201321
6.200220
6.203281
6.210617
6.213511
6.208744
6.189873
6.155628
6.117409
6.077652
6.039028
6.009785
5.992130
5.989637
5.999451
6.018351
6.040079
6.057457
6.069397
6.074921
6.075506
6.071121
6.060259
6.050394
6.042877
6.044168
6.052299
6.062052
6.072626
6.080732
6.086479
6.087217
6.078495
6.063519
6.042948
6.022833
6.004410
5.986883
5.974243
5.967594
5.967714
5.971449
5.975658
5.984276
5.994713
6.006035
6.016144
6.023487
6.030979
6.036970
6.043716
6.050394
6.056492
6.062836
6.069784
6.080503
6.093887
6.105631
6.121342
6.140661
6.163620
6.186462
6.205540
6.221729
6.232647
6.240326
6.245399
6.248186
6.257479
6.273211
6.297192
6.326962
6.357374
6.388912
6.417742
6.442921
6.462584
6.475222
6.488714
6.504097
6.522465
6.542717
6.562206
6.583689
6.604103
6.624691
6.642006
6.653631
6.661301
6.664909
6.668903
6.673569
6.677084
6.681185
6.685726
6.686760
6.687531
6.686825
6.689571
6.694307
6.700359
6.703844
6.701881
6.698208
6.689919
6.680460
6.668716
6.653605
6.643494
6.638956
6.641460
6.648239
6.655598
6.663568
6.670975
6.675825
6.673828
6.663177
6.647036
6.627556
6.609392
6.593655
6.577597
6.565163
6.556959
6.556702
6.560558
6.564507
6.574120
6.587160
6.603357
6.618053
6.626129
6.625370
6.618038
6.605196
6.590776
6.574060
6.553780
6.531139
6.516796
6.509321
6.505493
6.509090
6.514339
6.520329
6.522057
6.514473
6.503107
6.487448
6.470243
6.453232
6.436729
6.425797
6.419527
6.418770
6.421110
6.421837
6.421398
6.417145
6.412743
6.407263
6.399288
6.392126
6.386093
6.384724
6.385870
6.385584
6.391880
6.400799
6.408298
6.416481
6.423101
6.428486
6.430452
6.427780
6.419918
6.406477
6.386833
6.363726
6.338268
6.311260
6.284668
6.272593
6.273148
6.285646
6.303980
6.324005
6.351414
6.379894
6.403551
6.417673
6.420565
6.418486
6.409569
6.399616
6.390011
6.380817
6.382221
6.393526
6.414619
6.440681
6.465824
6.492096
6.515074
6.535418
6.548954
6.552731
6.556837
6.561127
6.564171
6.564957
6.562300
6.559856
6.557484
6.560812
6.567631
6.575430
6.586906
6.601757
6.620960
6.642185
6.659384
6.675331
6.685322
6.689011
6.686115
6.675703
6.663532
6.651318
6.640234
6.630516
6.619858
6.613792
6.610897
6.612864
6.615946
6.616182
6.616402
6.613131
6.609488
6.605255
6.597923
6.592884
6.587790
6.585512
6.584061
6.581314
6.580738
6.581417
6.584951
6.588203
6.588551
6.588137
6.585972
6.585987
6.586708
6.585436
6.585838
6.587246
6.593445
6.603373
6.613075
6.622452
6.630516
6.637257
6.641281
6.640207
6.640533
6.641855
6.647812
6.657675
6.668812
6.684664
6.701296
6.724913
6.751060
6.770969
6.781128
6.780220
6.771605
6.756037
6.732454
6.708824
6.689373
6.680355
6.681593
6.688641
6.704159
6.724369
6.749365
6.775343
6.795502
6.811184
6.823347
6.840132
6.858797
6.874964
6.892303
6.908533
6.923756
6.934582
6.937988
6.937489
6.932438
6.926363
6.919788
6.911156
6.907604
6.908112
6.917868
6.933399
6.948950
6.966879
6.984592
7.002144
7.015818
7.022629
7.025967
7.025002
7.022995
7.017899
7.008732
6.997328
6.983814
6.972431
6.962709
6.949409
6.936913
6.926289
6.919636
6.915417
6.909466
6.905344
6.901089
6.901733
6.903736
6.902971
6.900909
6.895330
6.891106
6.887590
6.880686
6.877293
6.877968
6.883966
6.892252
6.899391
6.908884
6.918003
6.928064
6.936375
6.941544
6.941368
6.934072
6.924839
6.914658
6.903971
6.904747
6.915836
6.938969
6.967346
6.995731
7.022943
7.040497
7.047371
7.041645
7.022371
6.997952
6.971104
6.948986
6.932571
6.920176
6.921808
6.932697
6.952976
6.976723
6.998320
7.017624
7.031010
7.038946
7.040886
7.035063
7.028076
7.020908
7.017679
7.017441
7.018394
7.024965
7.034311
7.048437
7.063137
7.073837
7.083797
7.092243
7.102995
7.114613
7.123249
7.132858
7.142183
7.158642
7.178354
7.196754
7.213665
7.226952
7.231806
7.225735
7.206127
7.182791
7.157959
7.136948
7.120865
7.109856
7.104090
7.100399
7.101068
7.102573
7.099783
7.097235
7.093649
7.091938
7.091322
7.088850
7.087250
7.086592
7.087444
7.085880
7.078537
7.069489
7.059221
7.052191
7.047352
7.042629
7.046249
7.055780
7.070957
7.087824
7.102358
7.116358
7.126722
7.134052
7.136452
7.133430
7.130474
7.126284
7.124203
7.122316
7.118494
7.114437
7.107611
7.101469
7.094118
7.082434
7.070639
7.059494
7.051085
7.045460
7.039589
7.036549
7.035677
7.039982
7.046507
7.049580
7.052311
7.053085
7.055185
7.057131
7.054712
7.050930
7.044960
7.039925
7.035456
7.028505
7.029816
7.036694
7.051628
7.070717
7.089600
7.104153
7.111885
7.114223
7.110771
7.100689
7.094509
7.094023
7.101513
7.113499
7.127216
7.143555
7.156242
7.165716
7.169350
7.163515
7.152683
7.138409
7.123901
7.110846
7.099085
7.089577
7.080946
7.079987
7.083509
7.087444
7.092323
7.095451
7.097872
7.096958
7.086981
7.070284
7.046633
7.020750
6.993160
6.963402
6.936169
6.913258
6.899433
6.891468
6.885099
6.888666
6.897610
6.911537
6.924238
6.933310
6.938522
6.938015
6.934269
6.924828
6.906614
6.879396
6.844795
6.814243
6.797331
6.789326
6.789955
6.795233
6.805401
6.814802
6.819056
6.812443
6.799442
6.787891
6.776249
6.761452
6.748800
6.737871
6.733664
6.732441
6.723930
6.711575
6.695700
6.682703
6.672308
6.664326
6.664944
6.672031
6.687286
6.705269
6.718143
6.727802
6.731062
6.729626
6.720695
6.702749
6.682240
6.657543
6.634008
6.610634
6.585018
6.562057
6.542385
6.529564
6.520290
6.510586
6.502907
6.494213
6.486099
6.475735
6.460960
6.445095
6.426332
6.416096
6.412415
6.410667
6.413921
6.419479
6.430328
6.442385
6.448807
6.452389
6.452486
6.453384
6.453531
6.452042
6.453474
6.456623
6.466217
6.478577
6.488762
6.497269
6.501637
6.504553
6.504028
6.497345
6.488663
6.479332
6.474171
6.471043
6.467831
6.468632
6.469767
6.474648
6.478949
6.477745
6.475746
6.472042
6.469837
6.466352
6.459524
6.453930
6.450363
6.450790
6.452194
6.452515
6.455509
6.459686
6.469337
6.480900
6.490749
6.503124
6.514914
6.527128
6.535744
6.536732
6.532700
6.522831
6.511831
6.497869
6.478815
6.459295
6.439686
6.427505
6.420582
6.414396
6.410492
6.405148
6.403187
6.402439
6.397320
6.390255
6.381081
6.371826
6.360416
6.345205
6.335361
6.330860
6.328094
6.330105
6.335564
6.346172
6.356421
6.368660
6.377346
6.379168
6.378767
6.374933
6.371872
6.369877
6.368551
6.366821
6.363071
6.355618
6.347349
6.345575
6.351822
6.359873
6.367416
6.372814
6.364941
6.340902
6.293781
6.231739
6.161617
6.091261
6.033512
5.994968
5.983324
5.995590
6.023338
6.060160
6.095501
6.118729
6.123274
6.119484
6.107805
6.086847
6.063116
6.042776
6.024891
6.014523
6.009335
6.010250
6.014196
6.015759
6.013962
6.006792
5.989721
5.961403
5.928532
5.901220
5.878906
5.863531
5.854599
5.850212
5.854073
5.864584
5.879534
5.891743
5.895729
5.892429
5.882019
5.867672
5.850584
5.829687
5.813824
5.802078
5.803055
5.813753
5.829205
5.849060
5.869232
5.891655
5.911978
5.924757
5.932369
5.935097
5.935461
5.932182
5.924843
5.920591
5.920807
5.934011
5.956953
5.982365
6.003731
6.021326
6.031542
6.034340
6.025681
6.007689
5.981071
5.957441
5.939453
5.925568
5.915422
5.908529
5.913210
5.923273
5.930788
5.935287
5.935650
5.934381
5.932503
5.924252
5.914068
5.902039
5.891026
5.879871
5.864954
5.849609
5.835670
5.827282
5.823639
5.820717
5.826462
5.837610
5.852600
5.868786
5.880659
5.889656
5.892181
5.889416
5.881021
5.865044
5.846956
5.826986
5.811300
5.799904
5.788605
5.782928
5.779137
5.777744
5.776897
5.774405
5.771202
5.767633
5.766796
5.767246
5.766687
5.768463
5.771152
5.778086
5.786503
5.792862
5.801247
5.808167
5.816011
5.822662
5.824411
5.826389
5.828238
5.834330
5.843145
5.851727
5.863972
5.878775
5.892899
5.908981
5.923986
5.940372
5.956905
5.976089
5.996799
6.015682
6.035879
6.055149
6.077385
6.100388
6.117996
6.133242
6.143871
6.153524
6.159477
6.159588
6.163834
6.170702
6.182056
6.194904
6.206141
6.212690
6.218538
6.225689
6.231464
6.232849
6.234224
6.234646
6.238100
6.239283
6.231802
6.218283
6.198299
6.180468
6.167965
6.159042
6.159046
6.167290
6.186253
6.209389
6.229858
6.246540
6.255371
6.258503
6.255064
6.246405
6.244072
6.248676
6.260326
6.274677
6.287153
6.298397
6.303188
6.302513
6.292551
6.272125
6.246075
6.216595
6.192734
6.175934
6.161621
6.153095
6.147655
6.147095
6.147663
6.143879
6.137865
6.128044
6.118927
6.109619
6.098595
6.089401
6.082258
6.083740
6.091421
6.099794
6.108568
6.115475
6.116755
6.113111
6.105251
6.097607
6.090078
6.090315
6.097591
6.108988
6.126671
6.149157
6.172409
6.193657
6.209782
6.222448
6.229122
6.237698
6.248972
6.260252
6.275768
6.292849
6.309433
6.322994
6.329773
6.328545
6.319202
6.308731
6.298637
6.287386
6.277876
6.271372
6.269150
6.268213
6.265224
6.260841
6.254017
6.248306
6.243092
6.235502
6.232405
6.233816
6.236839
6.240448
6.243328
6.246063
6.244770
6.239195
6.228535
6.211781
6.196640
6.184956
6.178427
6.174982
6.171675
6.172197
6.174852
6.179811
6.184435
6.185364
6.189045
6.194946
6.204784
6.214260
6.220644
6.226635
6.228914
6.227503
6.220800
6.205942
6.187601
6.166723
6.147329
6.131710
6.118748
6.114128
6.115294
6.116877
6.114136
6.105909
6.100536
6.096008
6.093163
6.091240
6.089600
6.089994
6.090851
6.098909
6.110302
6.119904
6.126904
6.130463
6.130075
6.123924
6.110249
6.093792
6.077166
6.065475
6.058163
6.053097
6.049904
6.057625
6.072971
6.096449
6.121618
6.147858
6.170860
6.192066
6.210316
6.223080
6.232109
6.236492
6.238144
6.235979
6.226797
6.214903
6.200418
6.183510
6.164694
6.143942
6.122351
6.100016
6.083759
6.073605
6.065989
6.063427
6.064098
6.069471
6.076958
6.082411
6.089890
6.095821
6.100365
6.100609
6.093950
6.084995
6.074814
6.064747
6.054462
6.042591
6.033024
6.024685
6.021269
6.018364
6.015686
6.020683
6.031628
6.047171
6.064491
6.080929
6.098864
6.115076
6.130642
6.144009
6.152325
6.163252
6.175716
6.190300
6.204819
6.218945
6.234619
6.249321
6.261116
6.267395
6.266336
6.262459
6.256218
6.256325
6.262655
6.272089
6.285263
6.298683
6.313137
6.325172
6.329567
6.327265
6.319248
6.309151
6.296785
6.282768
6.273674
6.268816
6.274693
6.289824
6.308058
6.328514
6.346321
6.362160
6.374702
6.380417
6.380821
6.374611
6.366270
6.355135
6.340960
6.327557
6.314945
6.307484
6.303516
6.300243
6.302946
6.309731
6.319500
6.328960
6.337055
6.345074
6.351219
6.352938
6.353077
6.350401
6.348181
6.345394
6.346102
6.348494
6.350620
6.358555
6.369747
6.383093
6.393091
6.395590
6.392813
6.383192
6.367527
6.346626
6.320587
6.298304
6.279480
6.266603
6.259548
6.255142
6.252966
6.251795
6.252472
6.251209
6.246857
6.242760
6.238117
6.237764
6.241165
6.244278
6.249750
6.256191
6.258968
6.258957
6.254589
6.246939
6.235947
6.223949
6.210501
6.196003
6.186852
6.181051
6.182972
6.192337
6.203310
6.217102
6.231880
6.247715
6.260355
6.266804
6.268551
6.265915
6.263475
6.259996
6.255033
6.251223
6.248753
6.249249
6.252108
6.254633
6.256018
6.253441
6.249660
6.245720
6.240051
6.234343
6.227955
6.221056
6.216072
6.210377
6.206627
6.202034
6.195019
6.187801
6.180672
6.175497
6.170898
6.170288
6.173855
6.179062
6.187908
6.198689
6.213581
6.230129
6.244358
6.260088
6.274559
6.289207
6.301281
6.308685
6.314440
6.316753
6.313908
6.304127
6.292900
6.283661
6.276407
6.272470
6.271994
6.273661
6.284304
6.300879
6.321785
6.342211
6.357565
6.369486
6.376549
6.376537
6.370728
6.361883
6.352415
6.343704
6.338390
6.334639
6.331713
6.334007
6.339949
6.350107
6.361303
6.369753
6.377132
6.381611
6.380369
6.373692
6.362572
6.351284
6.340496
6.330568
6.321142
6.310196
6.299500
6.287821
6.274311
6.259720
6.243765
6.228996
6.215088
6.203960
6.195070
6.187412
6.187138
6.191685
6.199600
6.207827
6.212727
6.215122
6.213829
6.209877
6.201479
6.188026
6.174202
6.162010
6.150818
6.143421
6.138714
6.138096
6.139700
6.143753
6.148729
6.152403
6.156620
6.160345
6.167288
6.176756
6.184814
6.192694
6.199949
6.207380
6.214380
6.218624
6.221762
6.226276
6.234724
6.245287
6.255722
6.268822
6.283674
6.300350
6.316698
6.330658
6.346407
6.361704
6.375887
6.387491
6.396214
6.402769
6.405464
6.403925
6.398504
6.388912
6.377047
6.363020
6.346807
6.334957
6.328972
6.328674
6.331156
6.335833
6.341190
6.344513
6.345238
6.342712
6.340502
6.337336
6.331993
6.327339
6.322510
6.318325
6.314156
6.307371
6.299168
6.288729
6.279268
6.271669
6.264868
6.260361
6.257881
6.260513
6.265606
6.270750
6.273823
6.273964
6.271214
6.265141
6.252878
6.234917
6.212887
6.190033
6.167160
6.144714
6.129379
6.121042
6.117250
6.118340
6.122215
6.128204
6.133202
6.134346
6.129562
6.122759
6.114555
6.108086
6.107410
6.112770
6.121777
6.132988
6.144794
6.158146
6.169575
6.176460
6.179600
6.177437
6.174503
6.171745
6.169178
6.169228
6.171436
6.176233
6.185024
6.194410
6.203192
6.210470
6.217701
6.223713
6.227665
6.229805
6.231098
6.231510
6.232265
6.232595
6.234470
6.234921
6.233925
6.232010
6.229055
6.228096
6.228369
6.231424
6.235126
6.238544
6.242229
6.244740
6.247322
6.250832
6.253492
6.259567
6.269617
6.282677
6.296188
6.308748
6.319960
6.329185
6.335560
6.339396
6.339911
6.340868
6.341257
6.343184
6.346132
6.348612
6.352699
6.357000
6.361277
6.365204
6.366856
6.366442
6.363895
6.363104
6.362652
6.360731
6.359337
6.357647
6.356308
6.353743
6.349688
6.344957
6.338448
6.333160
6.328789
6.323004
6.316061
6.308376
6.300205
6.291124
6.280453
6.271717
6.264538
6.259125
6.254576
6.250462
6.246990
6.241285
6.234142
6.227129
6.217758
6.206732
6.194042
6.182203
6.171188
6.162224
6.159233
6.159933
6.165392
6.173456
6.181152
6.189556
6.197277
6.203072
6.207279
6.208569
6.209486
6.210058
6.209242
6.208981
6.208019
6.209848
6.213490
6.219425
6.224648
6.228287
6.231396
6.233002
6.232168
6.229677
6.226631
6.223326
6.220779
6.218088
6.213726
6.207508
6.200924
6.194563
6.188553
6.181892
6.175070
6.170652
6.167648
6.168308
6.170719
6.173710
6.177767
6.180237
6.181372
6.180286
6.176003
6.169048
6.158138
6.144978
6.130934
6.116617
6.103403
6.091808
6.080847
6.072866
6.066433
6.063164
6.060427
6.057732
6.054304
6.048471
6.041412
6.032368
6.021202
6.008961
5.996872
5.988152
5.982899
5.981321
5.983032
5.986618
5.990438
5.994488
5.998144
5.999842
5.998638
5.996094
5.992317
5.988600
5.984131
5.979305
5.975700
5.972673
5.971638
5.972595
5.974041
5.975708
5.976933
5.978149
5.977898
5.976536
5.975494
5.974016
5.971422
5.969852
5.969429
5.970013
5.972269
5.975733
5.979774
5.982166
5.983744
5.983521
5.981659
5.981482
5.982229
5.982452
5.983532
5.986660
5.991285
5.995892
6.001122
6.006601
6.011166
6.015522
6.019737
6.024914
6.029322
6.033819
6.039330
6.044384
6.050016
6.056000
6.063662
6.072487
6.080128
6.087675
6.095058
6.101509
6.106947
6.111370
6.114264
6.115585
6.116335
6.117746
6.118219
6.118908
6.120720
6.124115
6.128407
6.132881
6.137686
6.141672
6.145031
6.147697
6.149525
6.150858
6.152506
6.154160
6.156199
6.158464
6.161915
6.165438
6.169369
6.173077
6.175917
6.178274
6.180740
6.183716
6.185783
6.187572
6.189587
6.192375
6.196260
6.199787
6.202955
6.205885
6.208820
6.212944
6.216021
6.218426
6.220882
6.223148
6.225487
6.226130
6.226158
6.225685
6.225986
6.226868
6.229002
6.231411
6.234129
6.236956
6.239853
6.243258
6.246284
6.247639
6.248592
6.249588
6.250511
6.251638
6.253757
6.254988
6.256001
6.258289
6.260159
6.261236
6.261272
6.260342
6.258106
6.255653
6.252731
6.248936
6.244925
6.240017
6.234669
6.230240
6.227854
6.226442
6.225760
6.224850
6.223547
6.221807
6.220478
6.219427
6.218060
6.217064
6.216087
6.216160
6.216772
6.218107
6.219339
6.220673
6.220634
6.220432
6.221138
6.221525
6.220592
6.219969
6.219942
6.219797
6.219894
6.219513
6.219574
6.220053
6.220333
6.219561
6.219187
6.219879
6.220547
6.221954
6.223129
6.223732
6.224403
6.224083
6.223759
6.223852
6.224037
6.224293
6.224880
6.225605
6.226295
6.227005
6.226978
6.226313
6.225822
6.225855
6.225262
6.224974
6.225037
6.224730
6.224045
6.223185
6.222239
6.221247
6.219740
6.218168
6.216599
6.215019
6.213341
6.211813
6.210640
6.209904
6.208920
6.207800
6.207222
6.205864
6.203930
6.201580
6.198141
6.195257
6.191948
6.188503
6.185890
6.183283
6.180937
6.178446
6.175995
6.173508
6.171114
6.168037
6.165400
6.162798
6.160269
6.158001
6.155819
6.152199
6.148584
6.145554
6.141495
6.137981
6.134727
6.131832
6.129345
6.126127
6.123795
6.120722
6.118057
6.116049
6.113571
6.111275
6.107830
6.103603
6.099684
6.094854
6.090427
6.086315
6.084024
6.081408
6.077984
6.073681
6.069651
6.064438
6.059330
6.054565
6.050182
6.046183
6.042667
6.038897
6.035135
6.031618
6.028023
6.024223
6.019760
6.015055
6.010426
6.004776
5.999619
5.993198
5.986134
5.979580
5.973221
5.967926
5.962591
5.957453
5.952814
5.947178
5.941692
5.933987
5.925009
5.916986
5.909414
5.902546
5.896194
5.890091
5.884340
5.877308
5.870045
5.862267
5.855267
5.849552
5.843109
5.835770
5.828594
5.821075
5.812805
5.804483
5.796213
5.787447
5.779161
5.771633
5.763988
5.756039
5.748135
5.741028
5.733862
5.726219
5.717731
5.708508
5.698500
5.688799
5.679459
5.670902
5.661469
5.652176
5.643326
5.634922
5.626278
5.616854
5.608208
5.600445
5.592232
5.582592
5.573315
5.564308
5.555611
5.546131
5.537418
5.528244
5.517651
5.507774
5.496830
5.486122
5.477264
5.467283
5.456413
5.444738
5.432947
5.420654
5.409611
5.399096
5.388203
5.377926
5.367378
5.355665
5.344906
5.334450
5.323755
5.311670
5.298729
5.286152
5.272760
5.259079
5.245457
5.232197
5.221661
5.212099
5.201960
5.191326
5.180641
5.170118
5.158855
5.147398
5.133377
5.118851
5.105200
5.091589
5.078331
5.065022
5.052023
5.040636
5.029697
5.018129
5.006315
4.994301
4.983677
4.971464
4.959345
4.944214
4.928215
4.913490
4.900280
4.888546
4.878807
4.869368
4.860546
4.850246
4.838732
4.826916
4.812429
4.797863
4.781981
4.764507
4.746651
4.728710
4.711351
4.696926
4.686005
4.677191
4.668634
4.660343
4.649635
4.635330
4.618576
4.601337
4.585512
4.569569
4.554794
4.542322
4.531099
4.520742
4.509945
4.498817
4.485607
4.470675
4.455120
4.439503
4.423595
4.407797
4.393215
4.380524
4.368023
4.355972
4.345844
4.333401
4.319717
4.303171
4.286087
4.268400
4.250694
4.235237
4.220192
4.207039
4.195896
4.186081
4.173288
4.157501
4.140213
4.120438
4.100809
4.082008
4.063416
4.045414
4.026356
4.007883
3.991339
3.975353
3.960220
3.944893
3.930452
3.917400
3.904308
3.891895
3.876953
3.859453
3.841515
3.822868
3.803251
3.783001
3.764099
3.748711
3.735483
3.723179
3.708405
3.691555
3.675205
3.656384
3.637741
3.617729
3.598305
3.582237
3.567240
3.553246
3.538839
3.523512
3.507488
3.490139
3.473888
3.456533
3.438393
3.423321
3.407375
3.390438
3.374977
3.359222
3.343742
3.328543
3.315052
3.303490
3.294392
3.288433
3.282677
3.277981
3.271854
3.264093
3.256876
3.245173
3.230679
3.215181
3.198723
3.182652
3.166672
3.152199
3.138500
3.129341
3.123421
3.117340
3.110184
3.102810
3.095312
3.088337
3.081501
3.077236
3.075190
3.076880
3.082401
3.088968
3.094910
3.102482
3.108150
3.112637
3.114017
3.113403
3.109138
3.103647
3.100264
3.097813
3.094894
3.091965
3.090536
3.091709
3.094078
3.096634
3.096390
3.093353
3.087944
3.080559
3.073484
3.065712
3.058226
3.054680
3.054325
3.055756
3.058550
3.062880
3.068405
3.072489
3.075790
3.075562
3.072849
3.071802
3.070566
3.070057
3.068352
3.067505
3.069067
3.072214
3.076279
3.080864
3.085957
3.092896
3.100376
3.108671
3.114145
3.117067
3.119267
3.118200
3.114990
3.110893
3.107779
3.107525
3.107624
3.108597
3.108046
3.107777
3.108885
3.106974
3.103386
3.095911
3.086212
3.077950
3.069012
3.061020
3.057228
3.056480
3.058622
3.058187
3.056553
3.051966
3.046753
3.042147
3.036381
3.032730
3.031765
3.036652
3.047808
3.063238
3.080898
3.095333
3.108059
3.119427
3.125675
3.129740
3.131105
3.131874
3.133938
3.137283
3.141308
3.147001
3.149502
3.150642
3.148479
3.146631
3.145006
3.143167
3.143892
3.145290
3.147694
3.150492
3.155922
3.163261
3.169586
3.176680
3.184700
3.195438
3.205070
3.210182
3.214083
3.216543
3.220898
3.227522
3.230686
3.229984
3.226383
3.221195
3.216938
3.212473
3.210814
3.211039
3.213146
3.219028
3.223351
3.224110
3.219231
3.211838
3.201584
3.186794
3.170221
3.150272
3.130268
3.113516
3.098146
3.086746
3.077621
3.070713
3.068310
3.066925
3.067619
3.067680
3.068239
3.070555
3.071968
3.071901
3.068893
3.064350
3.061714
3.058758
3.057064
3.053440
3.050900
3.051365
3.052181
3.055244
3.057592
3.057892
3.058222
3.056374
3.053677
3.044125
3.030891
3.017509
3.002525
2.988718
2.975657
2.964581
2.960953
2.961206
2.966236
2.974777
2.985867
2.999153
3.008402
3.013538
3.013046
3.009415
3.005512
2.996552
2.987059
2.976887
2.969416
2.965946
2.964890
2.967247
2.971386
2.978138
2.989218
3.000435
3.011021
3.021564
3.028111
3.030289
3.023026
3.010201
2.993008
2.973280
2.955992
2.941807
2.933861
2.932127
2.936869
2.946381
2.954233
2.960392
2.962473
2.963036
2.964798
2.965538
2.967823
2.971733
2.978710
2.989964
3.003162
3.017454
3.033909
3.042791
3.044628
3.039122
3.031494
3.020842
3.010368
3.003387
2.999088
2.998590
3.003811
3.011528
3.021721
3.026501
3.027302
3.023722
3.017309
3.011471
3.005869
3.003733
3.005356
3.012831
3.026419
3.042450
3.059370
3.076229
3.085096
3.085814
3.077820
3.066673
3.050922
3.035339
3.023048
3.018190
3.019445
3.026615
3.031429
3.030361
3.021595
3.009577
2.997562
2.983084
2.967800
2.949520
2.931509
2.919239
2.911293
2.908833
2.910242
2.917160
2.928688
2.936226
2.938732
2.934484
2.927000
2.916939
2.906921
2.900078
2.896387
2.897150
2.901514
2.907267
2.913696
2.914141
2.909899
2.900209
2.888441
2.878531
2.869720
2.865387
2.864828
2.870533
2.884748
2.904209
2.926491
2.947359
2.968166
2.988888
3.007290
3.026888
3.041908
3.053764
3.066006
3.073759
3.076653
3.076632
3.075724
3.076962
3.073101
3.065004
3.055096
3.042337
3.028946
3.012177
2.995544
2.978294
2.964191
2.956554
2.951555
2.950691
2.952358
2.956066
2.961550
2.968868
2.969181
2.959120
2.943443
2.926453
2.907656
2.890451
2.872885
2.857922
2.847729
2.840786
2.837484
2.833073
2.827400
2.822292
2.815361
2.806217
2.791529
2.775398
2.762005
2.744532
2.724886
2.703911
2.685200
2.674017
2.668240
2.667812
2.669781
2.676773
2.691555
2.710770
2.731888
2.754461
2.769562
2.777960
2.777351
2.771828
2.764452
2.753643
2.743265
2.731981
2.722025
2.718021
2.714064
2.711851
2.708649
2.706387
2.701981
2.697628
2.695221
2.694382
2.696896
2.696152
2.693687
2.694035
2.695347
2.699823
2.702093
2.705650
2.716379
2.733040
2.752745
2.770912
2.786694
2.801702
2.812481
2.821171
2.823456
2.823351
2.827108
2.828920
2.830637
2.832296
2.835804
2.842342
2.850292
2.860710
2.871141
2.884583
2.902134
2.916458
2.927910
2.928257
2.919903
2.907354
2.890972
2.873295
2.855030
2.840975
2.834789
2.836416
2.846687
2.859411
2.872566
2.887871
2.900169
2.908640
2.908840
2.905769
2.904530
2.903778
2.903471
2.898495
2.890244
2.884607
2.879612
2.876842
2.871910
2.867430
2.868408
2.871216
2.877140
2.883270
2.890118
2.900496
2.903866
2.901604
2.894024
2.885197
2.878422
2.871777
2.867695
2.866003
2.867687
2.874367
2.875706
2.871687
2.860722
2.847141
2.834667
2.819592
2.806721
2.795990
2.790726
2.794472
2.803869
2.817127
2.828939
2.841055
2.854534
2.862284
2.865479
2.863842
2.861826
2.863468
2.868267
2.879410
2.899677
2.922390
2.947237
2.972021
2.996017
3.015423
3.032700
3.049870
3.062607
3.073612
3.087547
3.101963
3.117809
3.128361
3.136827
3.141190
3.144293
3.146593
3.145332
3.145350
3.145008
3.147032
3.153549
3.160015
3.168137
3.172352
3.174648
3.177494
3.178059
3.178263
3.179361
3.183731
3.192150
3.199976
3.208748
3.214951
3.220123
3.227293
3.226614
3.218992
3.209808
3.198166
3.186230
3.180340
3.184315
3.199814
3.216278
3.233574
3.249472
3.264420
3.274052
3.278976
3.281780
3.273375
3.259003
3.238647
3.218742
3.204100
3.190971
3.180264
3.175797
3.171326
3.167652
3.160784
3.152611
3.141335
3.127832
3.115803
3.100540
3.084316
3.065792
3.050777
3.042059
3.029318
3.015926
3.001446
2.989525
2.984745
2.984064
2.988209
2.995907
3.007278
3.023912
3.035072
3.041641
3.045950
3.043961
3.039854
3.031176
3.024389
3.020756
3.023087
3.033159
3.043890
3.055092
3.062977
3.069860
3.077991
3.080650
3.078869
3.070889
3.061646
3.053837
3.045422
3.038568
3.031273
3.024902
3.023987
3.017277
3.004971
2.987377
2.968596
2.953587
2.939289
2.930470
2.927761
2.932711
2.946526
2.964157
2.983269
2.993231
2.993582
2.988569
2.977640
2.963493
2.948437
2.938139
2.937212
2.944738
2.960291
2.974596
2.988346
3.004484
3.018084
3.030317
3.037359
3.043776
3.056103
3.068348
3.081743
3.093029
3.101995
3.112375
3.119688
3.123274
3.116343
3.102436
3.087440
3.070440
3.056328
3.043621
3.037298
3.044889
3.061668
3.088360
3.115614
3.142075
3.167389
3.184481
3.193922
3.187620
3.171761
3.153595
3.133814
3.117870
3.106749
3.101986
3.108549
3.120129
3.138083
3.151083
3.161127
3.171328
3.178101
3.182167
3.179358
3.173573
3.172007
3.170353
3.171528
3.169935
3.166485
3.162483
3.154228
3.143757
3.125801
3.105255
3.088383
3.073315
3.063459
3.049372
3.034878
3.026894
3.021109
3.019684
3.017824
3.018826
3.025871
3.035860
3.051483
3.067858
3.085630
3.105623
3.121792
3.135044
3.143139
3.147669
3.151892
3.156111
3.163055
3.172794
3.188187
3.211323
3.229454
3.243227
3.248863
3.252218
3.255789
3.254519
3.251740
3.246578
3.244267
3.247520
3.251999
3.258717
3.257761
3.252127
3.246960
3.239365
3.230309
3.221310
3.220074
3.232088
3.248989
3.269604
3.282761
3.288267
3.288317
3.280537
3.266289
3.250839
3.233868
3.222248
3.221226
3.232367
3.239502
3.240799
3.240601
3.235559
3.227924
3.214001
3.197882
3.185957
3.179329
3.184761
3.193199
3.203886
3.215494
3.221169
3.220894
3.211678
3.195610
3.180769
3.165737
3.155041
3.142441
3.129333
3.120712
3.114107
3.108715
3.102322
3.099514
3.104141
3.111479
3.123320
3.137476
3.155840
3.177320
3.194984
3.211319
3.216991
3.213560
3.208349
3.202135
3.197023
3.192783
3.196344
3.211081
3.233902
3.262903
3.290367
3.314226
3.337482
3.350250
3.353249
3.342648
3.324245
3.304413
3.283577
3.267031
3.246315
3.225647
3.210442
3.196218
3.185524
3.177080
3.173515
3.178932
3.188612
3.204908
3.216934
3.224453
3.228891
3.226868
3.218559
3.200039
3.177452
3.159019
3.146801
3.141747
3.142111
3.146626
3.156734
3.166094
3.175095
3.174412
3.166069
3.158173
3.149181
3.142698
3.137650
3.136238
3.143402
3.157669
3.177010
3.195513
3.211901
3.228016
3.233124
3.228973
3.212080
3.186522
3.159664
3.132647
3.108540
3.089645
3.080452
3.084187
3.095303
3.114492
3.133718
3.152952
3.171223
3.176743
3.171333
3.156130
3.139080
3.126896
3.116566
3.111830
3.110228
3.114937
3.129135
3.147051
3.168409
3.188812
3.210270
3.233500
3.248672
3.256992
3.257092
3.252764
3.249077
3.240974
3.234674
3.227619
3.224453
3.227978
3.232908
3.239576
3.243332
3.246246
3.250200
3.245140
3.235199
3.221399
3.209045
3.202232
3.199966
3.204727
3.212088
3.222692
3.238983
3.253475
3.266714
3.272860
3.275486
3.278603
3.282341
3.288929
3.291357
3.293163
3.300835
3.311998
3.326355
3.339142
3.351900
3.367033
3.381256
3.395060
3.403263
3.409346
3.414755
3.410320
3.399038
3.386400
3.376200
3.371723
3.364782
3.359890
3.358624
3.365486
3.381815
3.400162
3.425812
3.456972
3.492390
3.528297
3.555214
3.571396
3.572746
3.561972
3.541916
3.507610
3.465717
3.427612
3.396717
3.373386
3.363892
3.367908
3.379753
3.400049
3.430288
3.461931
3.492319
3.506804
3.506773
3.498220
3.484604
3.471281
3.462532
3.461205
3.468109
3.473198
3.476082
3.467270
3.448341
3.423298
3.390995
3.357197
3.323483
3.297256
3.282740
3.278723
3.286930
3.301947
3.320961
3.341305
3.356243
3.364679
3.361444
3.350105
3.335514
3.312376
3.284355
3.251677
3.219357
3.192644
3.170588
3.154533
3.147575
3.152412
3.169247
3.188953
3.210705
3.228542
3.240774
3.250381
3.254374
3.255428
3.245871
3.228844
3.211140
3.190430
3.169596
3.149004
3.132727
3.125660
3.122580
3.125767
3.136608
3.148802
3.160734
3.169268
3.174753
3.168152
3.153288
3.136065
3.117685
3.101957
3.087828
3.078609
3.078297
3.085464
3.099880
3.115227
3.131062
3.148758
3.156168
3.154968
3.145920
3.132658
3.121742
3.110476
3.105228
3.103069
3.108292
3.123161
3.141075
3.162458
3.178478
3.191006
3.203135
3.210953
3.217028
3.218330
3.217300
3.216141
3.206575
3.192295
3.173304
3.154905
3.141134
3.129028
3.123970
3.124893
3.132288
3.148020
3.165936
3.183838
3.197863
3.207867
3.215240
3.210915
3.198521
3.178089
3.155392
3.136873
3.120012
3.112217
3.117807
3.132565
3.156208
3.182604
3.209627
3.233196
3.250458
3.262093
3.264313
3.263783
3.258789
3.254230
3.254181
3.253021
3.251657
3.245098
3.236324
3.228981
3.217438
3.205276
3.189529
3.174347
3.164633
3.159889
3.160513
3.162632
3.167784
3.177538
3.186714
3.194906
3.197750
3.196560
3.194635
3.186707
3.174477
3.157730
3.140316
3.128452
3.122522
3.121855
3.127701
3.135132
3.146091
3.156607
3.167582
3.174576
3.178165
3.183439
3.186462
3.189289
3.189163
3.187721
3.190805
3.194046
3.197901
3.197506
3.193928
3.189508
3.180431
3.170792
3.157036
3.143116
3.133963
3.123318
3.114340
3.105047
3.097569
3.094919
3.093042
3.092331
3.088234
3.087271
3.100880
3.127184
3.163717
3.202927
3.238791
3.269394
3.286970
3.289499
3.271515
3.242653
3.211716
3.181149
3.157263
3.140478
3.135893
3.145290
3.160526
3.181709
3.210249
3.239342
3.266394
3.288815
3.308294
3.319981
3.326967
3.332638
3.328644
3.318293
3.302380
3.285004
3.269615
3.255587
3.247070
3.242682
3.243717
3.252205
3.257614
3.261082
3.259850
3.255568
3.250902
3.244980
3.239227
3.233910
3.232481
3.235342
3.238781
3.240982
3.236944
3.228952
3.218914
3.203630
3.186731
3.166862
3.149422
3.139917
3.135893
3.137512
3.140453
3.146057
3.156181
3.166256
3.177118
3.181246
3.181332
3.179750
3.173094
3.162556
3.147219
3.128880
3.115099
3.099863
3.086464
3.071037
3.056622
3.046169
3.036400
3.028603
3.018332
3.007957
3.001059
2.992537
2.984278
2.972528
2.961124
2.954899
2.949697
2.947977
2.948160
2.951258
2.957937
2.964508
2.970125
2.971737
2.969057
2.967422
2.959688
2.947605
2.931602
2.917179
2.909534
2.906187
2.911003
2.920218
2.933399
2.953426
2.974045
2.994244
3.009985
3.021879
3.032543
3.033192
3.027973
3.016415
3.002838
2.993713
2.985397
2.979698
2.975563
2.975716
2.981228
2.986984
2.992825
2.994846
2.996590
3.000603
3.004169
3.011732
3.019413
3.030457
3.048565
3.066669
3.084476
3.093473
3.097214
3.098991
3.098053
3.096731
3.093922
3.093250
3.100475
3.112459
3.131203
3.151253
3.171406
3.193857
3.208847
3.218262
3.221228
3.221634
3.223093
3.224028
3.227982
3.234407
3.242771
3.255060
3.260876
3.260895
3.254717
3.245420
3.236794
3.226206
3.218241
3.209892
3.204227
3.203339
3.199532
3.193390
3.183750
3.172867
3.163326
3.154301
3.148304
3.149578
3.158197
3.173140
3.184500
3.191692
3.190681
3.183102
3.172253
3.157396
3.142633
3.128450
3.118418
3.116001
3.118168
3.124466
3.131544
3.140072
3.151154
3.160122
3.168165
3.172962
3.177671
3.186531
3.192541
3.197685
3.200481
3.203415
3.209324
3.220091
3.236607
3.258766
3.280403
3.295074
3.303568
3.308392
3.307610
3.301256
3.292999
3.286734
3.285582
3.283873
3.284557
3.288982
3.291876
3.291634
3.284863
3.273113
3.260077
3.245102
3.232338
3.219673
3.208931
3.202705
3.198353
3.196314
3.191895
3.186729
3.183744
3.179436
3.174816
3.168079
3.161364
3.157709
3.153461
3.149330
3.143147
3.136993
3.134869
3.133146
3.132900
3.132324
3.132917
3.138748
3.143181
3.148451
3.151695
3.153591
3.155701
3.156528
3.155968
3.151367
3.145401
3.140942
3.130648
3.115957
3.096546
3.077534
3.061684
3.044888
3.031319
3.018770
3.010283
3.006754
3.004711
3.002577
2.997801
2.990269
2.984688
2.978851
2.974770
2.972097
2.971405
2.974672
2.975075
2.975014
2.977619
2.979389
2.982624
2.984741
2.989256
2.994736
3.001934
3.012741
3.025166
3.038410
3.049021
3.057756
3.066647
3.073200
3.078625
3.078602
3.076992
3.078186
3.080917
3.085985
3.094780
3.107845
3.128099
3.150650
3.176434
3.200317
3.220364
3.237207
3.246712
3.249321
3.243778
3.233818
3.223791
3.211151
3.198555
3.185413
3.174488
3.167782
3.159847
3.151150
3.143492
3.139915
3.142164
3.143236
3.144127
3.144884
3.149647
3.160614
3.174126
3.187666
3.201197
3.219925
3.241348
3.257334
3.267782
3.268963
3.262785
3.253012
3.238237
3.222143
3.205740
3.193768
3.189064
3.188000
3.190767
3.193693
3.198685
3.206306
3.216167
3.228523
3.240673
3.252644
3.266565
3.279484
3.291624
3.300800
3.308601
3.318041
3.325674
3.331911
3.335150
3.338253
3.343115
3.347166
3.350903
3.351191
3.349886
3.348587
3.343979
3.337297
3.330227
3.321554
3.313902
3.305801
3.298992
3.286980
3.272688
3.257336
3.239719
3.221857
3.201725
3.183899
3.173132
3.166378
3.165148
3.166304
3.171833
3.180374
3.186863
3.191681
3.192137
3.193054
3.196007
3.198317
3.200682
3.200533
3.200884
3.204346
3.207129
3.210098
3.212481
3.214720
3.219582
3.224276
3.228979
3.231676
3.234404
3.238293
3.242863
3.248764
3.255138
3.263859
3.276340
3.289354
3.302784
3.314888
3.327866
3.341820
3.350182
3.354378
3.354000
3.352430
3.352924
3.353333
3.355648
3.358902
3.364344
3.372309
3.379055
3.383385
3.381733
3.375113
3.368248
3.355667
3.339968
3.322330
3.306015
3.293388
3.282875
3.276396
3.271126
3.268005
3.269077
3.269997
3.271044
3.267191
3.260223
3.253822
3.246115
3.238438
3.228979
3.220531
3.216747
3.214970
3.215839
3.217337
3.219276
3.223511
3.224916
3.225464
3.222023
3.215290
3.206491
3.194382
3.180843
3.164309
3.147697
3.133282
3.123152
3.116352
3.112305
3.112747
3.116877
3.119791
3.122074
3.120012
3.114841
3.108395
3.096882
3.083124
3.066217
3.050838
3.039734
3.032738
3.031818
3.033440
3.038540
3.048168
3.057938
3.066187
3.070492
3.073498
3.076822
3.079662
3.083954
3.088968
3.094513
3.102312
3.108690
3.113876
3.119719
3.123585
3.127281
3.128708
3.129959
3.133530
3.134136
3.133102
3.128593
3.122231
3.116089
3.108177
3.098576
3.088066
3.079319
3.073189
3.070124
3.070053
3.070850
3.071987
3.074913
3.075684
3.075636
3.073256
3.071623
3.071012
3.069096
3.067797
3.065245
3.064610
3.066383
3.070522
3.076975
3.082064
3.086693
3.088617
3.090918
3.096468
3.098963
3.100758
3.101810
3.103083
3.106344
3.109903
3.113941
3.117023
3.118771
3.120615
3.121990
3.122372
3.119162
3.115671
3.113190
3.109360
3.106747
3.103468
3.101860
3.102503
3.104794
3.107380
3.109478
3.112679
3.116692
3.119911
3.123226
3.126530
3.130482
3.135960
3.141708
3.149092
3.154222
3.158743
3.161961
3.165649
3.170176
3.174246
3.178135
3.184624
3.188881
3.191288
3.192606
3.194443
3.198227
3.202198
3.207344
3.211954
3.217306
3.223766
3.230053
3.236042
3.237589
3.233143
3.227043
3.217590
3.206161
3.195152
3.187468
3.183075
3.179977
3.179379
3.176615
3.170549
3.161682
3.151243
3.138655
3.126040
3.113850
3.104639
3.098925
3.096878
3.093748
3.091135
3.089729
3.086887
3.083067
3.078159
3.072655
3.069473
3.067329
3.066156
3.064953
3.062696
3.060974
3.058958
3.056210
3.052073
3.048479
3.045609
3.041481
3.037727
3.034735
3.032433
3.033285
3.034994
3.039524
3.045177
3.052631
3.060783
3.067482
3.074375
3.078957
3.082125
3.082977
3.080416
3.075666
3.069818
3.065105
3.062733
3.061901
3.063454
3.065838
3.070250
3.076580
3.083031
3.089676
3.094578
3.097448
3.099268
3.099138
3.098135
3.096010
3.094284
3.093658
3.092312
3.091499
3.090612
3.091383
3.095127
3.098104
3.101826
3.104298
3.107252
3.110876
3.112898
3.114727
3.115963
3.117132
3.117657
3.117100
3.115587
3.112156
3.108091
3.104713
3.100359
3.097607
3.095665
3.096790
3.099621
3.103371
3.108242
3.114445
3.121857
3.129023
3.135303
3.140141
3.140810
3.139160
3.136185
3.132481
3.129269
3.127615
3.126251
3.127039
3.129988
3.134933
3.142817
3.152180
3.163635
3.174486
3.184607
3.195190
3.204464
3.212196
3.218050
3.222450
3.225651
3.228266
3.231508
3.233204
3.233355
3.233290
3.234055
3.236113
3.238853
3.242065
3.245937
3.251850
3.258976
3.265263
3.271729
3.276310
3.280184
3.283308
3.284407
3.284330
3.284304
3.283955
3.284800
3.285652
3.286736
3.288750
3.290026
3.292664
3.295744
3.299034
3.303816
3.306252
3.306675
3.305967
3.305962
3.305134
3.305305
3.306444
3.307175
3.308096
3.309137
3.309650
3.309715
3.308599
3.306601
3.304289
3.301180
3.298967
3.295948
3.292915
3.288031
3.283880
3.280689
3.276752
3.272427
3.267681
3.263760
3.259670
3.255453
3.252079
3.247448
3.243107
3.239197
3.235800
3.231110
3.224716
3.217934
3.211304
3.206100
3.201807
3.197273
3.192493
3.189079
3.185074
3.180767
3.175045
3.168552
3.161831
3.155285
3.149841
3.144646
3.139421
3.135815
3.132364
3.129532
3.126179
3.121895
3.117611
3.112886
3.108599
3.104149
3.100170
3.096466
3.093576
3.090870
3.089008
3.086243
3.083460
3.080490
3.078901
3.076374
3.072231
3.069527
3.066099
3.063917
3.062075
3.061541
3.062721
3.063238
3.062782
3.062679
3.063343
3.064535
3.066025
3.068230
3.068933
3.070370
3.071556
3.073456
3.075703
3.078117
3.081154
3.083786
3.086794
3.090069
3.093252
3.096067
3.099957
3.103476
3.106787
3.110067
3.113440
3.116711
3.119949
3.123154
3.126410
3.129677
3.132830
3.136398
3.140198
3.143929
3.147573
3.151428
3.155472
3.159531
3.163824
3.167191
3.170328
3.173801
3.176670
3.179600
3.182764
3.186237
3.189623
3.193016
3.195421
3.198412
3.202221
3.205429
3.207424
3.209761
3.212700
3.216467
3.220371
3.223919
3.227034
3.230459
3.232489
3.234760
3.236341
3.238541
3.241270
3.243423
3.245573
3.248814
3.252403
3.256399
3.259714
3.262554
3.265020
3.267469
3.269848
3.271759
3.273758
3.275888
3.277987
3.280161
3.283632
3.288107
3.291719
3.294687
3.297253
3.299564
3.301966
3.304562
3.307295
3.310009
3.312580
3.315296
3.318537
3.322365
3.326355
3.330025
3.333952
3.338232
3.342556
3.345680
3.349230
3.353254
3.357895
3.362545
3.367346
3.371357
3.376282
3.381950
3.386826
3.392294
3.397476
3.401924
3.405659
3.409901
3.414471
3.418392
3.422756
3.427383
3.432543
3.437202
3.441948
3.447807
3.454296
3.461372
3.467419
3.472263
3.478142
3.484125
3.489511
3.495291
3.501537
3.508003
3.514503
3.521233
3.527956
3.533936
3.541279
3.549469
3.557392
3.564705
3.572731
3.580473
3.586637
3.593025
3.599224
3.606100
3.613068
3.619413
3.626167
3.633247
3.639986
3.647673
3.655952
3.664963
3.674263
3.681858
3.690113
3.697845
3.705616
3.713505
3.720608
3.727772
3.733767
3.741249
3.748901
3.757114
3.767462
3.777866
3.788380
3.798666
3.807657
3.816393
3.824749
3.832188
3.838104
3.844355
3.852821
3.862778
3.874096
3.884813
3.895863
3.906929
3.917366
3.927231
3.935993
3.943560
3.952227
3.962080
3.973255
3.985329
3.996809
4.008417
4.018841
4.029505
4.039497
4.048510
4.057461
4.067286
4.076180
4.086199
4.096792
4.108139
4.120245
4.131872
4.143402
4.153999
4.162645
4.170877
4.181274
4.193241
4.205498
4.218483
4.230770
4.243332
4.254829
4.266031
4.276419
4.285555
4.293400
4.302731
4.313383
4.324818
4.337982
4.352188
4.366199
4.379398
4.392107
4.403955
4.416084
4.427311
4.438099
4.448442
4.459347
4.470181
4.480423
4.489094
4.498272
4.508110
4.518875
4.530041
4.540747
4.552996
4.564659
4.575680
4.587889
4.599453
4.611443
4.623224
4.635687
4.648455
4.659946
4.672134
4.684952
4.697802
4.711988
4.725496
4.739994
4.755518
4.772043
4.788534
4.804504
4.821112
4.835768
4.850769
4.864601
4.876991
4.889002
4.900610
4.913731
4.927914
4.941702
4.955429
4.968958
4.983196
4.997223
5.009632
5.021168
5.032692
5.046101
5.061152
5.075275
5.089001
5.101620
5.116556
5.132820
5.148458
5.164913
5.180979
5.196072
5.209196
5.218079
5.227568
5.237362
5.249577
5.263905
5.278685
5.294828
5.311035
5.326174
5.341194
5.355892
5.371258
5.387058
5.404175
5.421038
5.436316
5.451275
5.466681
5.482006
5.496002
5.507460
5.520437
5.533215
5.548267
5.563023
5.576651
5.592216
5.608315
5.625713
5.642920
5.659273
5.674503
5.688171
5.702686
5.717800
5.732285
5.747805
5.764137
5.781643
5.799080
5.815630
5.835251
5.856426
5.879318
5.902536
5.924311
5.944935
5.964550
5.984432
6.003262
6.020536
6.037014
6.052790
6.070707
6.089283
6.106003
6.124918
6.144405
6.162086
6.179127
6.194952
6.209274
6.224062
6.240707
6.258022
6.273563
6.288876
6.303539
6.320686
6.336386
6.349712
6.363707
6.376549
6.392456
6.411148
6.429359
6.446207
6.462685
6.481365
6.500965
6.518940
6.535604
6.551105
6.564812
6.578476
6.591768
6.603556
6.615753
6.627684
6.641645
6.656721
6.670515
6.682514
6.698898
6.719847
6.742081
6.763861
6.784843
6.804394
6.823919
6.842075
6.862656
6.884584
6.906563
6.929615
6.953066
6.976562
6.998386
7.018559
7.038687
7.057135
7.074453
7.088511
7.098595
7.106314
7.110605
7.115591
7.119347
7.126251
7.135046
7.145039
7.158566
7.172958
7.188042
7.201225
7.210022
7.217085
7.222166
7.225807
7.227291
7.226782
7.227324
7.228270
7.230087
7.231333
7.229305
7.226885
7.223055
7.218281
7.210670
7.198814
7.184145
7.166817
7.149437
7.131605
7.111820
7.093847
7.076454
7.060263
7.044161
7.026205
7.007595
6.987816
6.969116
6.951561
6.931953
6.912491
6.892889
6.874931
6.858967
6.842955
6.825947
6.807610
6.790075
6.771135
6.748905
6.727522
6.705029
6.682865
6.660572
6.639528
6.625942
6.618662
6.619265
6.624287
6.631527
6.639156
6.644554
6.645691
6.641949
6.632992
6.620607
6.605156
6.589373
6.574001
6.558075
6.544569
6.531624
6.524904
6.521851
6.519215
6.517891
6.516079
6.515030
6.511967
6.503738
6.493406
6.480988
6.470188
6.460705
6.452099
6.445168
6.440699
6.437433
6.437407
6.439379
6.443956
6.449568
6.460608
6.475231
6.489014
6.503708
6.516251
6.527967
6.535427
6.536755
6.534613
6.528063
6.522564
6.517496
6.513006
6.511650
6.512091
6.512182
6.514099
6.517380
6.524792
6.534969
6.549463
6.565891
6.583420
6.601540
6.617752
6.630043
6.635418
6.634495
6.635740
6.639629
6.648525
6.662392
6.680016
6.702301
6.725754
6.750765
6.773342
6.791256
6.806040
6.816814
6.825409
6.832373
6.836538
6.838243
6.836391
6.835964
6.840218
6.846642
6.856497
6.869593
6.885262
6.902945
6.919476
6.933636
6.943527
6.947863
6.945595
6.935772
6.920195
6.899099
6.883192
6.873871
6.868132
6.866426
6.868702
6.879128
6.894451
6.907866
6.918610
6.925545
6.929615
6.928440
6.918612
6.903389
6.883018
6.863064
6.844753
6.827904
6.814489
6.803398
6.797640
6.795223
6.792229
6.785271
6.773117
6.760864
6.751221
6.741484
6.727686
6.708755
6.693867
6.680891
6.666681
6.653439
6.642933
6.638205
6.636162
6.634014
6.633564
6.631220
6.629551
6.627903
6.622341
6.614910
6.604950
6.594452
6.582592
6.568954
6.555382
6.540346
6.527033
6.514130
6.499269
6.489305
6.482666
6.478996
6.473259
6.465197
6.457268
6.448757
6.440098
6.431305
6.421703
6.414270
6.407204
6.403004
6.399353
6.392918
6.386108
6.378260
6.371422
6.364899
6.354958
6.349327
6.348791
6.352978
6.360968
6.369434
6.380295
6.390001
6.398762
6.404074
6.405396
6.406265
6.406706
6.408834
6.411957
6.412935
6.415417
6.417107
6.422100
6.428135
6.433172
6.439838
6.446878
6.454910
6.460674
6.459801
6.456295
6.449900
6.442356
6.431355
6.416586
6.404148
6.392488
6.385572
6.381655
6.377922
6.375608
6.373775
6.376440
6.379028
6.377012
6.375370
6.373079
6.371344
6.369091
6.363579
6.361904
6.362408
6.365753
6.369068
6.369656
6.369480
6.366463
6.361233
6.354321
6.344244
6.334736
6.326813
6.324747
6.327736
6.332825
6.338463
6.340857
6.349287
6.359346
6.365881
6.371170
6.372271
6.372355
6.368221
6.352949
6.329077
6.292027
6.246750
6.198605
6.154890
6.122305
6.103420
6.102495
6.115368
6.133854
6.154116
6.170969
6.182661
6.186888
6.181797
6.173729
6.162025
6.151615
6.140881
6.128330
6.121277
6.116898
6.115234
6.114805
6.112637
6.110691
6.107536
6.104296
6.100922
6.095634
6.088142
6.091076
6.103519
6.121189
6.139593
6.165394
6.193056
6.220554
6.242199
6.256943
6.269667
6.278696
6.287539
6.296085
6.301737
6.303473
6.300554
6.291611
6.291237
6.296862
6.308477
6.321453
6.333246
6.346781
6.359859
6.367115
6.360970
6.342955
6.316467
6.285469
6.257792
6.237583
6.235191
6.251440
6.280701
6.319208
6.361179
6.402317
6.435976
6.458406
6.471159
6.472267
6.471519
6.469635
6.465931
6.464331
6.464022
6.466648
6.471462
6.474117
6.475033
6.473820
6.477142
6.484583
6.492992
6.503971
6.516359
6.532755
6.550905
6.566410
6.580782
6.591927
6.602070
6.609545
6.613636
6.617363
6.620920
6.628246
6.635849
6.640120
6.648251
6.655600
6.662754
6.667995
6.668133
6.665325
6.657986
6.648075
6.635380
6.618444
6.603893
6.589146
6.578537
6.572618
6.569183
6.574745
6.586571
6.602842
6.619747
6.632294
6.641462
6.645088
6.645443
6.640167
6.626858
6.611355
6.595463
6.583235
6.573662
6.564913
6.559490
6.556473
6.561365
6.570856
6.579533
6.587984
6.592865
6.591417
6.585606
6.574730
6.559362
6.539648
6.521381
6.506485
6.491356
6.480709
6.472603
6.472195
6.475801
6.477787
6.479652
6.478903
6.475567
6.469404
6.457987
6.443567
6.427641
6.416018
6.407499
6.401001
6.404053
6.414968
6.432104
6.449429
6.461134
6.467686
6.467995
6.464796
6.456240
6.443808
6.433491
6.425257
6.425512
6.434132
6.445513
6.461090
6.477047
6.488586
6.493444
6.493828
6.488905
6.478168
6.467186
6.462353
6.461098
6.470806
6.488218
6.513664
6.542652
6.571682
6.599716
6.619045
6.619293
6.609520
6.589886
6.569008
6.549318
6.539209
6.540098
6.549473
6.568430
6.591957
6.617447
6.640663
6.656349
6.671612
6.684967
6.698990
6.708809
6.711269
6.709160
6.703913
6.698162
6.690998
6.682245
6.681881
6.689011
6.703472
6.722603
6.743179
6.764709
6.782190
6.792301
6.791752
6.782055
6.778923
6.783247
6.795807
6.814631
6.837212
6.862968
6.888157
6.908186
6.916138
6.910809
6.897392
6.877249
6.861488
6.851923
6.848095
6.854416
6.869123
6.888826
6.906723
6.918211
6.924908
6.926153
6.921549
6.917454
6.913609
6.914942
6.920650
6.934118
6.950291
6.963797
6.975883
6.983767
6.989487
6.988438
6.979151
6.967606
6.954660
6.947590
6.944782
6.943726
6.947884
6.954300
6.963394
6.970512
6.971958
6.969393
6.962818
6.955364
6.947565
6.936550
6.931129
6.929886
6.933300
6.938152
6.938551
6.936171
6.928707
6.918089
6.904877
6.888046
6.873180
6.859854
6.857243
6.864140
6.874813
6.888634
6.901459
6.913849
6.922199
6.921448
6.914375
6.902199
6.895329
6.893547
6.894222
6.900520
6.911383
6.927994
6.947571
6.963444
6.974491
6.979311
6.986702
6.994980
7.001587
7.011173
7.023108
7.038578
7.053604
7.063148
7.066439
7.058050
7.042358
7.022263
6.997860
6.977482
6.961382
6.947639
6.939552
6.935480
6.938150
6.945126
6.956347
6.968239
6.976994
6.982725
6.983345
6.981192
6.974506
6.962780
6.954966
6.952505
6.957663
6.968609
6.981504
6.998808
7.015865
7.033033
7.048685
7.057913
7.065739
7.072336
7.076426
7.086756
7.103369
7.126352
7.150347
7.175856
7.198429
7.212660
7.220325
7.220234
7.220333
7.220200
7.216158
7.211544
7.206144
7.205259
7.205200
7.201859
7.196253
7.189533
7.185520
7.182940
7.180395
7.185755
7.198982
7.219585
7.242409
7.262115
7.273600
7.272461
7.267942
7.259768
7.246754
7.239613
7.238638
7.245283
7.256897
7.267284
7.278255
7.284920
7.286348
7.282049
7.273073
7.265614
7.259912
7.265148
7.280769
7.302044
7.326567
7.349871
7.368065
7.375828
7.370520
7.354088
7.326309
7.300043
7.277067
7.256668
7.242188
7.234913
7.235004
7.239008
7.239302
7.235315
7.226845
7.221281
7.217791
7.214394
7.213654
7.213823
7.217247
7.218904
7.213909
7.203093
7.187366
7.175732
7.167286
7.162333
7.164330
7.170921
7.184853
7.200033
7.209133
7.214493
7.212753
7.206547
7.196110
7.181324
7.172695
7.169529
7.173359
7.180603
7.184851
7.188755
7.184788
7.175983
7.162205
7.142265
7.122032
7.103098
7.084019
7.069077
7.057228
7.049755
7.042336
7.036171
7.028303
7.016649
7.010450
7.008987
7.013590
7.020119
7.024357
7.026958
7.025816
7.025112
7.019968
7.008404
6.996841
6.985762
6.978836
6.973494
6.967522
6.966270
6.964928
6.970575
6.978300
6.981380
6.983036
6.981525
6.979025
6.974127
6.961992
6.946545
6.927391
6.907616
6.888187
6.868561
6.852116
6.837866
6.834925
6.839373
6.844950
6.850405
6.853146
6.854507
6.852617
6.844078
6.832893
6.819971
6.808819
6.798784
6.788834
6.786758
6.790901
6.799824
6.809055
6.813091
6.814148
6.807577
6.792892
6.771395
6.743092
6.717890
6.697014
6.684072
6.675636
6.670715
6.670696
6.668842
6.667521
6.663685
6.652357
6.638910
6.620731
6.603230
6.586218
6.569746
6.558216
6.549797
6.544998
6.541882
6.537743
6.535923
6.534714
6.541769
6.555031
6.569794
6.588449
6.605839
6.616741
6.616526
6.603354
6.582474
6.553833
6.522560
6.491627
6.463163
6.445774
6.438980
6.447025
6.465660
6.486778
6.506496
6.520681
6.530857
6.536343
6.534546
6.528131
6.516973
6.503410
6.488190
6.469538
6.456577
6.450592
6.448374
6.446705
6.448782
6.455265
6.461044
6.462620
6.461479
6.456169
6.455357
6.457747
6.464626
6.473125
6.481369
6.492136
6.503592
6.515865
6.525730
6.530853
6.535194
6.537735
6.537701
6.535439
6.527948
6.520861
6.510674
6.500990
6.491068
6.477913
6.467331
6.459282
6.457064
6.457897
6.458609
6.465794
6.475477
6.483051
6.487778
6.486225
6.482170
6.475117
6.468674
6.460800
6.450527
6.443594
6.438740
6.434597
6.430168
6.424366
6.427238
6.435089
6.441355
6.443403
6.442511
6.446777
6.455265
6.466640
6.474827
6.477448
6.480734
6.481140
6.478912
6.472282
6.460320
6.450518
6.440039
6.432007
6.424238
6.414787
6.408520
6.404488
6.404228
6.403961
6.397984
6.390453
6.380875
6.373978
6.366701
6.356510
6.345789
6.334112
6.324707
6.316132
6.304445
6.295242
6.287266
6.285236
6.287254
6.287062
6.291237
6.295740
6.301674
6.307529
6.309298
6.308870
6.305885
6.303780
6.298845
6.287897
6.276321
6.262310
6.248333
6.233530
6.215708
6.199837
6.185371
6.176609
6.171675
6.165974
6.164043
6.164522
6.168997
6.172096
6.169334
6.162083
6.149082
6.133839
6.114338
6.090944
6.069557
6.050045
6.037373
6.030378
6.022694
6.020109
6.020231
6.023010
6.025513
6.025097
6.023518
6.020964
6.022738
6.023817
6.018751
6.010567
5.998627
5.986725
5.972000
5.952311
5.933464
5.915384
5.897018
5.880716
5.865761
5.855474
5.848297
5.848469
5.851799
5.854795
5.859625
5.863810
5.869690
5.875101
5.873327
5.867664
5.856918
5.844736
5.833027
5.819496
5.809277
5.802807
5.804008
5.810448
5.817736
5.831184
5.849030
5.872591
5.897341
5.918617
5.939589
5.957848
5.975212
5.988218
5.994997
5.996983
5.992977
5.987492
5.979881
5.968607
5.959578
5.952545
5.948341
5.945141
5.940454
5.940447
5.943642
5.951860
5.960131
5.965290
5.965900
5.962248
5.952965
5.948019
5.946663
5.952986
5.963486
5.977524
5.993011
6.005463
6.018463
6.024588
6.022797
6.012161
5.993858
5.975159
5.959818
5.953556
5.958893
5.971893
5.993425
6.020481
6.050877
6.078091
6.096422
6.104305
6.101446
6.094349
6.085863
6.075171
6.071215
6.072231
6.081211
6.093399
6.103882
6.112940
6.116802
6.116249
6.108141
6.091995
6.073109
6.054550
6.041340
6.033552
6.030163
6.034487
6.043816
6.060024
6.078583
6.094511
6.109791
6.122139
6.133369
6.141750
6.146564
6.153656
6.161184
6.170914
6.181019
6.188457
6.196396
6.204544
6.214687
6.226234
6.235466
6.247063
6.260017
6.274986
6.289284
6.301001
6.313955
6.326012
6.340322
6.354570
6.366348
6.383984
6.406330
6.431894
6.457428
6.477394
6.494322
6.504957
6.509373
6.506968
6.496456
6.482475
6.466808
6.454739
6.444977
6.436535
6.433020
6.432236
6.435524
6.440451
6.441870
6.442375
6.440306
6.441799
6.445963
6.447432
6.447742
6.445927
6.444279
6.440390
6.429338
6.412735
6.390324
6.367588
6.347494
6.328871
6.319843
6.318245
6.324917
6.336164
6.347933
6.360748
6.369766
6.374466
6.374393
6.365421
6.353693
6.339138
6.325159
6.309355
6.290775
6.276104
6.262756
6.253061
6.243580
6.231850
6.219233
6.204622
6.191786
6.177034
6.159838
6.145285
6.131384
6.122070
6.114195
6.105440
6.099747
6.094820
6.087193
6.074055
6.059334
6.046844
6.035717
6.023251
6.013098
6.005285
6.002098
6.004639
6.015465
6.030195
6.043407
6.059376
6.075888
6.092894
6.106339
6.113432
6.117641
6.119785
6.121656
6.121645
6.116724
6.115803
6.118708
6.127628
6.140490
6.153625
6.168579
6.181442
6.192280
6.197453
6.193497
6.186333
6.176737
6.168930
6.163788
6.160442
6.162727
6.169889
6.182230
6.195560
6.204609
6.214302
6.220768
6.225784
6.227047
6.222679
6.216568
6.207436
6.198902
6.191223
6.182356
6.175367
6.169815
6.168983
6.169125
6.169373
6.172825
6.177149
6.184456
6.192739
6.197746
6.203018
6.207769
6.213173
6.218966
6.220598
6.221704
6.219749
6.217350
6.212904
6.203896
6.194210
6.182655
6.173143
6.164295
6.153606
6.144566
6.137051
6.136852
6.141455
6.145716
6.151751
6.156195
6.159222
6.157112
6.147636
6.133713
6.117189
6.101475
6.085455
6.069260
6.057940
6.051462
6.051327
6.053646
6.055641
6.060286
6.063797
6.068741
6.074430
6.077871
6.085678
6.098909
6.117773
6.137432
6.154251
6.168680
6.179926
6.188168
6.191519
6.188572
6.187099
6.186869
6.188797
6.192184
6.195446
6.199650
6.202473
6.206266
6.207674
6.205376
6.201702
6.195511
6.194946
6.200203
6.207258
6.217575
6.228798
6.243088
6.254848
6.261595
6.264595
6.262978
6.261116
6.258421
6.253510
6.251047
6.250982
6.255503
6.263901
6.272671
6.283672
6.293318
6.303230
6.310274
6.311758
6.311718
6.309301
6.307915
6.307560
6.306892
6.311464
6.319620
6.329336
6.339249
6.347031
6.354893
6.360222
6.361391
6.361748
6.359968
6.359491
6.359642
6.359928
6.361025
6.363174
6.367924
6.373672
6.378191
6.378670
6.370409
6.357071
6.340221
6.323164
6.306171
6.288933
6.274570
6.260965
6.248638
6.242264
6.239786
6.241955
6.245399
6.247696
6.252014
6.255934
6.260157
6.263571
6.266548
6.267269
6.264717
6.261690
6.256636
6.255875
6.257248
6.258331
6.259687
6.259701
6.260994
6.261518
6.259310
6.255543
6.249737
6.243792
6.238420
6.233236
6.234814
6.243053
6.257233
6.274633
6.292938
6.310074
6.322735
6.334633
6.341288
6.339573
6.334572
6.326569
6.320671
6.314281
6.305180
6.297173
6.287266
6.280296
6.275116
6.269434
6.265163
6.262236
6.261528
6.262199
6.260513
6.258276
6.254940
6.253742
6.252813
6.249451
6.245413
6.240791
6.240376
6.241978
6.244003
6.249802
6.258850
6.270218
6.280252
6.286880
6.292412
6.294451
6.293427
6.290890
6.285715
6.281208
6.276846
6.274595
6.273464
6.270599
6.267494
6.263474
6.261894
6.261961
6.261808
6.263214
6.265228
6.271095
6.277666
6.282867
6.291349
6.301622
6.314354
6.327238
6.336840
6.345528
6.351509
6.354921
6.355274
6.351757
6.347542
6.343966
6.343107
6.344265
6.343889
6.345854
6.347485
6.348984
6.347168
6.341633
6.335337
6.328449
6.322113
6.314356
6.304361
6.295454
6.285271
6.276222
6.268143
6.258732
6.253742
6.251919
6.254238
6.256876
6.257689
6.260216
6.260853
6.262402
6.260759
6.255032
6.247093
6.237682
6.229113
6.222187
6.216459
6.213190
6.212349
6.214607
6.216745
6.215639
6.214750
6.213200
6.214369
6.217350
6.219563
6.222534
6.224255
6.227350
6.227827
6.225378
6.219103
6.213505
6.214211
6.219414
6.226921
6.237835
6.252443
6.270304
6.288919
6.303236
6.313608
6.318396
6.321144
6.320774
6.317326
6.314884
6.314125
6.317215
6.321827
6.325321
6.331358
6.336554
6.340256
6.340618
6.337112
6.332014
6.324818
6.318523
6.312916
6.305819
6.300163
6.296577
6.292645
6.287483
6.282537
6.280422
6.279011
6.279428
6.281376
6.282015
6.283066
6.278023
6.263731
6.240225
6.209038
6.175310
6.143173
6.117516
6.099586
6.090759
6.091888
6.101421
6.116089
6.130985
6.141518
6.148302
6.149937
6.149128
6.145868
6.138411
6.128796
6.116577
6.102871
6.088369
6.072792
6.058502
6.045362
6.036602
6.031034
6.027180
6.026421
6.028145
6.035179
6.044281
6.053144
6.063980
6.074757
6.085976
6.095787
6.100943
6.103550
6.103786
6.103397
6.102257
6.101231
6.102348
6.105955
6.115599
6.130550
6.148167
6.168442
6.188835
6.208168
6.223930
6.232834
6.236574
6.235487
6.232197
6.228182
6.223555
6.220610
6.221064
6.226042
6.233957
6.242279
6.253633
6.266792
6.280918
6.292952
6.301439
6.307465
6.310789
6.312202
6.312424
6.310186
6.309519
6.311769
6.317577
6.326017
6.335127
6.345274
6.355152
6.365551
6.375130
6.381493
6.387728
6.393530
6.398682
6.402798
6.405766
6.408440
6.409298
6.407700
6.404831
6.400406
6.396215
6.392384
6.390984
6.390842
6.390276
6.390104
6.389431
6.389912
6.389877
6.386562
6.382263
6.376524
6.370134
6.362671
6.354759
6.348354
6.341284
6.336006
6.331673
6.325909
6.320507
6.315672
6.310493
6.303988
6.295500
6.285740
6.274364
6.262497
6.251263
6.239479
6.230812
6.223995
6.219408
6.216492
6.213816
6.213667
6.213961
6.212921
6.209467
6.205456
6.203423
6.202957
6.204512
6.205671
6.205397
6.204208
6.203136
6.203859
6.206978
6.209030
6.208649
6.206318
6.203392
6.199863
6.194000
6.187239
6.179005
6.170866
6.162481
6.152267
6.143181
6.135410
6.129625
6.124487
6.119137
6.115248
6.112164
6.110647
6.110397
6.110321
6.111059
6.110794
6.111393
6.111958
6.110800
6.109043
6.106340
6.103077
6.098312
6.092697
6.086340
6.079330
6.072510
6.064842
6.055092
6.045103
6.035004
6.026640
6.018696
6.009647
6.002651
5.997356
5.994833
5.992186
5.989399
5.987869
5.986364
5.985886
5.985538
5.984880
5.985622
5.987938
5.991581
5.995537
5.998985
6.000477
5.999973
5.999632
5.998074
5.994797
5.990755
5.985956
5.983635
5.982841
5.984049
5.986357
5.988308
5.991398
5.993803
5.994915
5.995564
5.995939
5.997953
6.000080
6.002094
6.005400
6.009205
6.013601
6.017773
6.020906
6.022736
6.024313
6.025820
6.026802
6.025738
6.025295
6.025885
6.028435
6.031744
6.034519
6.037844
6.041067
6.044716
6.047806
6.048828
6.051327
6.055378
6.060678
6.066109
6.070293
6.074839
6.078760
6.083714
6.088181
6.091478
6.096189
6.101402
6.107246
6.113396
6.118713
6.124496
6.128223
6.132086
6.135454
6.137150
6.138531
6.139811
6.141642
6.143244
6.144394
6.146248
6.148415
6.151268
6.154337
6.157454
6.161243
6.165337
6.170294
6.174568
6.177662
6.180056
6.182127
6.184664
6.187353
6.189882
6.192980
6.196070
6.198442
6.200657
6.202896
6.205009
6.206684
6.208305
6.209648
6.211462
6.214062
6.217573
6.222799
6.228388
6.233368
6.236767
6.239920
6.243135
6.246166
6.248331
6.249878
6.251783
6.253056
6.255209
6.258299
6.262350
6.265717
6.268677
6.272118
6.275089
6.276684
6.278782
6.280928
6.282684
6.283062
6.282997
6.283508
6.283834
6.283911
6.283257
6.281364
6.279282
6.277145
6.275517
6.272907
6.270552
6.269224
6.267803
6.266783
6.266159
6.265011
6.263699
6.261993
6.258659
6.254913
6.251326
6.246912
6.243092
6.240110
6.237429
6.235249
6.234100
6.233566
6.233524
6.234282
6.234491
6.234133
6.234095
6.234058
6.233780
6.233524
6.232803
6.232536
6.232862
6.233006
6.233288
6.234541
6.235361
6.235294
6.234936
6.234777
6.234846
6.234829
6.234438
6.234249
6.234371
6.234865
6.235123
6.234325
6.232721
6.231590
6.230812
6.230152
6.230078
6.229176
6.229019
6.228582
6.228912
6.229008
6.229439
6.229954
6.230658
6.230625
6.230127
6.228756
6.227007
6.225359
6.224209
6.223423
6.223103
6.223009
6.222073
6.220072
6.217623
6.215309
6.213205
6.210669
6.209383
6.207882
6.204849
6.202232
6.200274
6.198816
6.197208
6.195099
6.192020
6.189489
6.187304
6.185230
6.183228
6.181555
6.180244
6.178818
6.176624
6.174269
6.171871
6.169720
6.166632
6.164013
6.161299
6.157715
6.153929
6.149950
6.146038
6.143293
6.141405
6.139900
6.138000
6.136028
6.133972
6.131577
6.129143
6.126425
6.123516
6.120806
6.117781
6.114740
6.111141
6.107227
6.103420
6.099417
6.095421
6.090860
6.086269
6.082043
6.077709
6.073292
6.068956
6.064182
6.059441
6.055128
6.051125
6.046286
6.040722
6.034985
6.028860
6.022800
6.016575
6.009809
6.003407
5.997686
5.991558
5.986038
5.980951
5.976002
5.970535
5.964905
5.958712
5.952236
5.945608
5.939024
5.932228
5.926264
5.920326
5.914593
5.908524
5.902866
5.896837
5.890694
5.884418
5.877872
5.872383
5.866299
5.860670
5.854050
5.846443
5.839254
5.831491
5.824562
5.817459
5.808617
5.798634
5.789192
5.781754
5.776039
5.769463
5.762262
5.754780
5.747711
5.742260
5.737202
5.731089
5.723772
5.715654
5.707039
5.697990
5.688650
5.680120
5.673122
5.667601
5.661472
5.654650
5.646149
5.636728
5.626816
5.617380
5.607109
5.596621
5.586536
5.576633
5.564947
5.552692
5.539207
5.526609
5.514187
5.502337
5.491291
5.481354
5.472040
5.462530
5.451710
5.441368
5.431507
5.421871
5.412769
5.402561
5.391853
5.379299
5.366829
5.354984
5.342247
5.329245
5.315096
5.301743
5.289879
5.278969
5.269281
5.259048
5.249386
5.240223
5.228407
5.215559
5.201088
5.186785
5.174276
5.162678
5.151958
5.141106
5.130844
5.121374
5.110497
5.098326
5.084867
5.071058
5.057955
5.044956
5.031887
5.019075
5.007637
4.996979
4.983768
4.969677
4.954996
4.939217
4.924364
4.909306
4.895847
4.884384
4.875149
4.866344
4.855728
4.844580
4.834414
4.822710
4.810152
4.795841
4.780302
4.765923
4.751324
4.737289
4.721182
4.703957
4.685791
4.667564
4.651123
4.635132
4.618668
4.601570
4.586288
4.572311
4.558624
4.545700
4.533255
4.521431
4.509764
4.497004
4.484131
4.468191
4.449848
4.432316
4.415407
4.399397
4.383850
4.369917
4.356871
4.344593
4.333733
4.322392
4.310570
4.299715
4.287704
4.275057
4.260511
4.244152
4.229317
4.213800
4.197035
4.180965
4.166702
4.154642
4.145048
4.137480
4.127398
4.114281
4.100319
4.083605
4.065714
4.046082
4.027903
4.012663
3.998093
3.984463
3.970594
3.957577
3.944399
3.928722
3.912352
3.894701
3.876530
3.859671
3.841702
3.822433
3.801189
3.778702
3.757587
3.737343
3.718418
3.699102
3.681755
3.666534
3.651361
3.636190
3.618401
3.599350
3.579247
3.558342
3.538712
3.520365
3.503277
3.486929
3.474087
3.463715
3.457073
3.447206
3.434065
3.417187
3.398003
3.376570
3.355282
3.338537
3.328396
3.325249
3.326044
3.329180
3.334629
3.336866
3.335251
3.325237
3.307686
3.287580
3.264969
3.242941
3.221680
3.204792
3.192522
3.183519
3.178865
3.173641
3.167664
3.162519
3.156918
3.151505
3.146717
3.142633
3.142414
3.144974
3.151476
3.158083
3.166082
3.175411
3.182524
3.187225
3.186249
3.181187
3.177155
3.172058
3.168751
3.165764
3.163353
3.163889
3.165234
3.167212
3.166214
3.163004
3.159008
3.151911
3.143547
3.131420
3.117432
3.102522
3.088057
3.076199
3.065731
3.060143
3.060762
3.064350
3.070576
3.074715
3.077591
3.080854
3.082932
3.083994
3.082388
3.079720
3.079449
3.080406
3.084995
3.086983
3.087852
3.088333
3.086624
3.083441
3.079489
3.075171
3.073772
3.076138
3.082083
3.086472
3.090134
3.093475
3.095350
3.097477
3.096310
3.093718
3.092125
3.092558
3.096336
3.099934
3.103817
3.109053
3.109425
3.104721
3.093372
3.080128
3.068638
3.060396
3.057383
3.058807
3.061419
3.066006
3.070850
3.077164
3.081476
3.090519
3.116758
3.168982
3.252018
3.351667
3.455534
3.551773
3.625629
3.671776
3.685314
3.669434
3.634212
3.591351
3.551264
3.517973
3.492943
3.477806
3.465853
3.459877
3.456564
3.456972
3.463821
3.477703
3.497623
3.520283
3.546570
3.577616
3.610115
3.642893
3.671379
3.695618
3.715649
3.725578
3.727509
3.721107
3.709248
3.694830
3.677639
3.660337
3.641796
3.622829
3.604668
3.584961
3.564316
3.538408
3.506805
3.472874
3.436117
3.400097
3.363483
3.328650
3.299253
3.273556
3.250736
3.225300
3.197895
3.170984
3.141478
3.111715
3.079226
3.049164
3.023434
3.001440
2.984783
2.969501
2.955849
2.945807
2.931166
2.912121
2.888689
2.864225
2.841513
2.820330
2.803404
2.789400
2.781736
2.780407
2.781517
2.785208
2.789936
2.796461
2.805851
2.810736
2.812084
2.809458
2.806492
2.806839
2.812717
2.820297
2.828762
2.840260
2.857269
2.873482
2.888535
2.902473
2.913877
2.924765
2.933580
2.941057
2.943060
2.944111
2.947634
2.952675
2.959568
2.966400
2.975452
2.989906
3.007433
3.029610
3.052071
3.074539
3.098486
3.116350
3.126085
3.126497
3.121309
3.114567
3.108566
3.105400
3.099577
3.094633
3.093378
3.093769
3.096464
3.094225
3.088873
3.081150
3.069181
3.055321
3.039444
3.025875
3.019773
3.017702
3.023302
3.029631
3.035088
3.041351
3.045008
3.047520
3.045036
3.040390
3.037931
3.037342
3.038956
3.039581
3.041187
3.045265
3.046389
3.045353
3.040445
3.032789
3.024767
3.013710
3.001978
2.985100
2.966381
2.950665
2.936104
2.926800
2.920036
2.917538
2.923916
2.934963
2.951138
2.968414
2.985115
3.001877
3.010357
3.011248
3.003428
2.991066
2.978552
2.966108
2.954834
2.945070
2.940163
2.941280
2.944529
2.948303
2.946018
2.938948
2.930784
2.919018
2.906485
2.891111
2.877110
2.868805
2.866192
2.870060
2.879414
2.893436
2.911381
2.925091
2.934792
2.939337
2.941484
2.943964
2.944508
2.946569
2.949419
2.955275
2.964678
2.973320
2.982052
2.982872
2.978003
2.971003
2.962820
2.955517
2.948586
2.946594
2.954023
2.965937
2.983961
3.004667
3.027531
3.051584
3.072969
3.091198
3.098040
3.098328
3.095695
3.087151
3.075291
3.060856
3.046791
3.037760
3.032063
3.030855
3.030182
3.030148
3.033043
3.031475
3.026615
3.020485
3.015078
3.012808
3.005337
2.994675
2.983992
2.976856
2.975739
2.975540
2.976339
2.974102
2.971294
2.970016
2.966198
2.960960
2.950838
2.938560
2.928284
2.913113
2.896297
2.876972
2.860201
2.847584
2.835804
2.826229
2.816593
2.807854
2.804798
2.800123
2.795387
2.788877
2.781796
2.776924
2.773174
2.773638
2.775240
2.780504
2.791767
2.799908
2.805595
2.806782
2.803799
2.799234
2.794104
2.789753
2.780708
2.770624
2.763159
2.750853
2.735104
2.714119
2.692396
2.672123
2.651518
2.633469
2.621260
2.619589
2.630589
2.645006
2.660603
2.671644
2.680475
2.688705
2.690197
2.688328
2.683010
2.678085
2.677233
2.679117
2.685717
2.698805
2.718998
2.745695
2.773262
2.803150
2.835379
2.869053
2.903397
2.932367
2.955853
2.970488
2.980141
2.987553
2.990915
2.992458
2.989912
2.989561
2.995770
3.004013
3.014149
3.018181
3.016403
3.013386
3.006973
2.997158
2.986261
2.969830
2.952253
2.932873
2.916862
2.900463
2.886953
2.877869
2.869286
2.861345
2.850676
2.838202
2.827183
2.814405
2.802990
2.789572
2.777699
2.769373
2.761673
2.754143
2.744446
2.732792
2.723991
2.715504
2.711115
2.704954
2.700891
2.700840
2.699812
2.701204
2.700224
2.700205
2.704048
2.716349
2.726250
2.730637
2.733843
2.740200
2.748909
2.760199
2.769287
2.777760
2.789820
2.802259
2.817327
2.826191
2.829910
2.831705
2.830120
2.827267
2.819447
2.812578
2.811371
2.817400
2.834259
2.856276
2.884386
2.918129
2.951582
2.984604
3.016693
3.040600
3.058311
3.070560
3.081444
3.095854
3.106167
3.113985
3.123711
3.140486
3.154490
3.167269
3.183203
3.197641
3.211021
3.219355
3.225056
3.232019
3.238537
3.245871
3.246794
3.242390
3.236866
3.225834
3.212290
3.198631
3.188084
3.178158
3.169506
3.165464
3.170807
3.179932
3.191509
3.201103
3.209244
3.208857
3.203764
3.200821
3.198069
3.195276
3.190655
3.185139
3.182865
3.180735
3.179073
3.174244
3.169128
3.167381
3.164463
3.160923
3.154734
3.148403
3.148552
3.152111
3.158276
3.171337
3.191418
3.207350
3.212502
3.211502
3.208736
3.201702
3.194763
3.184311
3.172625
3.156578
3.140545
3.128855
3.112423
3.095932
3.079557
3.067089
3.060104
3.053427
3.048470
3.044415
3.045002
3.052301
3.059830
3.068521
3.072067
3.071594
3.069077
3.061417
3.051270
3.032015
3.008854
2.988743
2.969490
2.954990
2.943634
2.939400
2.946531
2.963158
2.988232
3.016968
3.047596
3.079487
3.101728
3.114029
3.114582
3.104778
3.090429
3.071007
3.051947
3.032848
3.021454
3.020304
3.022060
3.027525
3.025152
3.017563
3.008745
2.995113
2.980967
2.964441
2.950193
2.944130
2.945873
2.956964
2.970446
2.987116
3.009674
3.029602
3.045143
3.051073
3.049915
3.047838
3.038113
3.026419
3.012779
3.001743
2.998859
2.999315
3.005482
3.017929
3.036297
3.061020
3.084793
3.107660
3.129856
3.145752
3.155622
3.159428
3.159018
3.152399
3.142365
3.132786
3.120766
3.110229
3.096630
3.083244
3.074198
3.067160
3.066460
3.065235
3.063868
3.066700
3.071323
3.077065
3.080086
3.082745
3.089140
3.098124
3.110287
3.120937
3.130266
3.139317
3.140453
3.134438
3.119171
3.102598
3.089165
3.077694
3.072350
3.072639
3.079277
3.096239
3.111555
3.123955
3.133549
3.137037
3.134649
3.122269
3.104036
3.079155
3.055267
3.038359
3.027599
3.024368
3.021801
3.020111
3.022310
3.024628
3.025799
3.017307
3.004528
2.994928
2.987228
2.985146
2.983414
2.984612
2.991379
3.002146
3.020157
3.044081
3.062162
3.076328
3.085419
3.092846
3.094490
3.092468
3.094620
3.100336
3.114269
3.138737
3.173500
3.216568
3.249371
3.269072
3.280413
3.280886
3.272093
3.255041
3.234329
3.206041
3.177032
3.155300
3.141928
3.141146
3.146994
3.160467
3.182186
3.207598
3.235706
3.259714
3.278940
3.293549
3.299633
3.298950
3.289690
3.275043
3.262897
3.250465
3.240791
3.234249
3.233528
3.240499
3.244221
3.245394
3.243900
3.242952
3.245636
3.247147
3.249729
3.253744
3.261106
3.272455
3.281507
3.288839
3.288509
3.283197
3.275604
3.262543
3.246513
3.232801
3.219563
3.210720
3.198002
3.184645
3.170794
3.160383
3.157200
3.155380
3.158703
3.164833
3.175104
3.191154
3.207775
3.224621
3.231716
3.229229
3.222893
3.210472
3.194569
3.176165
3.161123
3.156204
3.160297
3.174898
3.188944
3.201704
3.215818
3.226009
3.230476
3.226374
3.217365
3.209518
3.202112
3.196430
3.189678
3.184412
3.184874
3.183348
3.183100
3.177979
3.169716
3.162252
3.153744
3.146639
3.138622
3.133369
3.134220
3.132248
3.130293
3.132339
3.133236
3.136370
3.136833
3.136593
3.134010
3.132532
3.134773
3.136501
3.139570
3.140728
3.144058
3.152645
3.156147
3.157963
3.162878
3.167257
3.173927
3.179991
3.188404
3.197929
3.211851
3.233042
3.247803
3.255276
3.252995
3.242559
3.228802
3.209486
3.190367
3.168926
3.152710
3.146429
3.147612
3.154812
3.156282
3.153419
3.150616
3.145935
3.141058
3.138781
3.140141
3.147345
3.152576
3.157848
3.162712
3.169851
3.179520
3.184469
3.183643
3.175949
3.166889
3.162632
3.159931
3.163679
3.175854
3.197710
3.227825
3.256905
3.283039
3.301466
3.313570
3.323353
3.326725
3.326807
3.318865
3.307049
3.297937
3.286200
3.274567
3.260344
3.247616
3.241034
3.236183
3.235332
3.230631
3.224522
3.219505
3.214966
3.212341
3.208580
3.204987
3.205082
3.207260
3.212864
3.216797
3.222284
3.232422
3.241482
3.250895
3.256960
3.263006
3.272936
3.277233
3.279041
3.277409
3.275816
3.277229
3.278770
3.283216
3.295109
3.309744
3.326630
3.341339
3.353851
3.358494
3.356411
3.351107
3.340675
3.330196
3.325657
3.321945
3.324015
3.335035
3.350914
3.371553
3.384975
3.392715
3.393204
3.392117
3.386536
3.379765
3.375196
3.372993
3.375835
3.381033
3.390665
3.406448
3.418074
3.425797
3.429161
3.431444
3.434437
3.434414
3.434555
3.433435
3.434345
3.438625
3.441248
3.444447
3.438375
3.424999
3.408306
3.386915
3.362736
3.336468
3.314129
3.299732
3.291435
3.291031
3.293741
3.300377
3.312706
3.323799
3.333395
3.330669
3.318567
3.303225
3.289597
3.280682
3.271959
3.266502
3.268051
3.273994
3.282829
3.294437
3.297300
3.293869
3.284424
3.272846
3.256929
3.239777
3.227842
3.220922
3.225506
3.234859
3.248516
3.266724
3.285200
3.304043
3.315636
3.321320
3.323971
3.314913
3.299511
3.277529
3.253048
3.232510
3.213413
3.199741
3.190048
3.186092
3.189739
3.190041
3.189270
3.185242
3.178452
3.172815
3.163908
3.154922
3.146563
3.142754
3.144724
3.141535
3.134068
3.122215
3.109064
3.098270
3.084904
3.072184
3.065624
3.068485
3.082722
3.097904
3.113947
3.121672
3.124914
3.129086
3.129162
3.128792
3.129486
3.136456
3.152220
3.172750
3.197533
3.219486
3.237135
3.250385
3.253508
3.248301
3.227455
3.197794
3.167786
3.136885
3.110382
3.090267
3.080032
3.084927
3.101778
3.129581
3.161541
3.196238
3.230618
3.258055
3.277769
3.284092
3.281815
3.276777
3.267471
3.258835
3.250896
3.246716
3.251263
3.255592
3.262539
3.267651
3.271997
3.279202
3.285950
3.293821
3.300282
3.305691
3.312374
3.316959
3.319706
3.316025
3.308170
3.298084
3.278320
3.252369
3.222532
3.193172
3.169239
3.150116
3.138451
3.133595
3.135817
3.144625
3.155134
3.166197
3.179291
3.186375
3.189342
3.182690
3.171673
3.150749
3.125982
3.103786
3.090036
3.087315
3.087952
3.096264
3.113312
3.132021
3.153086
3.171728
3.186625
3.198479
3.204788
3.206059
3.201462
3.196936
3.196281
3.197701
3.202848
3.204533
3.204483
3.204922
3.201159
3.195650
3.186274
3.176300
3.168949
3.159277
3.148499
3.138206
3.131748
3.131638
3.132847
3.136585
3.141211
3.146538
3.156889
3.165369
3.172407
3.180798
3.184700
3.186884
3.182903
3.177010
3.167030
3.158096
3.153908
3.148434
3.145924
3.147314
3.154232
3.169010
3.186195
3.204859
3.213802
3.214502
3.210955
3.199282
3.183571
3.162827
3.141663
3.126152
3.113718
3.107182
3.108635
3.116558
3.129620
3.145531
3.151358
3.142597
3.124897
3.106693
3.088154
3.072556
3.060116
3.055676
3.062546
3.075005
3.090799
3.100063
3.104023
3.105206
3.100483
3.090811
3.074949
3.058979
3.050039
3.046177
3.050980
3.057499
3.066778
3.081816
3.097601
3.113914
3.125996
3.135481
3.145180
3.148100
3.147438
3.142126
3.135111
3.129902
3.123178
3.117086
3.109865
3.104134
3.103214
3.102341
3.102922
3.100407
3.095684
3.092426
3.088802
3.087982
3.091747
3.093990
3.096676
3.092909
3.084732
3.070280
3.055084
3.044304
3.033798
3.025448
3.020016
3.019901
3.025558
3.031445
3.038599
3.042982
3.045547
3.049084
3.047800
3.044672
3.038538
3.032591
3.029985
3.028238
3.027924
3.025574
3.022215
3.022980
3.023582
3.026857
3.022461
3.014370
3.007210
2.998150
2.989559
2.979687
2.970757
2.968147
2.969896
2.978130
2.987221
2.998585
3.012939
3.024054
3.033249
3.036121
3.035538
3.035433
3.029787
3.022610
3.014828
3.008558
3.007841
3.011147
3.018511
3.027821
3.040112
3.055389
3.065754
3.071869
3.075729
3.078306
3.082220
3.083954
3.087326
3.093691
3.105312
3.122606
3.140907
3.161795
3.186132
3.206699
3.224541
3.236105
3.241903
3.240974
3.238781
3.237829
3.232061
3.223837
3.213388
3.202574
3.195744
3.188963
3.183661
3.176468
3.171585
3.172417
3.175114
3.180138
3.182289
3.182262
3.181162
3.177748
3.173826
3.167931
3.162159
3.160217
3.163149
3.166063
3.161076
3.150867
3.141384
3.130260
3.118969
3.104210
3.090132
3.085289
3.089443
3.102764
3.116447
3.129848
3.144768
3.155062
3.161064
3.159914
3.154585
3.152149
3.154745
3.164091
3.174084
3.185900
3.199024
3.210051
3.217224
3.212082
3.197330
3.178995
3.158180
3.140440
3.128513
3.120930
3.120113
3.125530
3.138247
3.148972
3.157803
3.165546
3.170231
3.171810
3.166988
3.158751
3.152458
3.149984
3.154018
3.159836
3.168394
3.180099
3.186045
3.187595
3.182056
3.171709
3.161306
3.149727
3.139664
3.133039
3.131283
3.137329
3.144073
3.150784
3.155252
3.158075
3.160725
3.159964
3.158302
3.155457
3.155807
3.160950
3.167187
3.172560
3.171295
3.164627
3.154936
3.140886
3.123856
3.103298
3.084137
3.070244
3.060513
3.055298
3.048065
3.039808
3.031683
3.021755
3.009144
2.991276
2.972698
2.958389
2.947290
2.941586
2.936043
2.932652
2.931376
2.933969
2.936773
2.936413
2.934683
2.938488
2.947361
2.960966
2.981819
2.999077
3.013372
3.022495
3.029495
3.035500
3.038359
3.042200
3.046799
3.053587
3.057318
3.060440
3.064301
3.068027
3.073181
3.076115
3.079443
3.086956
3.098162
3.112776
3.128342
3.146091
3.165701
3.183577
3.199656
3.210794
3.216194
3.219204
3.216312
3.209263
3.194780
3.177479
3.162088
3.147846
3.136063
3.125620
3.118656
3.117178
3.119198
3.124748
3.130711
3.138050
3.146715
3.151834
3.155596
3.155006
3.152830
3.152676
3.149982
3.148960
3.146614
3.144941
3.144426
3.141947
3.138609
3.134214
3.129963
3.129162
3.128551
3.127792
3.125383
3.123034
3.122816
3.121517
3.121349
3.119108
3.117876
3.118868
3.115398
3.108833
3.103973
3.097786
3.093016
3.087893
3.084661
3.083626
3.087677
3.099998
3.114405
3.129654
3.146015
3.162540
3.175039
3.181564
3.183012
3.176661
3.165516
3.152527
3.137756
3.123955
3.114031
3.110031
3.114326
3.124172
3.137779
3.151848
3.166325
3.180592
3.187984
3.190519
3.188429
3.184145
3.182278
3.182602
3.186539
3.196091
3.209721
3.227833
3.248363
3.269472
3.282925
3.290022
3.293678
3.294012
3.292532
3.288200
3.285641
3.287533
3.295013
3.307545
3.321341
3.336781
3.353548
3.367014
3.376427
3.380548
3.380604
3.378731
3.372858
3.365572
3.356823
3.349991
3.348339
3.348972
3.352716
3.357014
3.362629
3.370934
3.378603
3.385303
3.383989
3.375996
3.365330
3.350908
3.335457
3.317673
3.300701
3.288662
3.281555
3.278522
3.274158
3.269348
3.265827
3.259193
3.249758
3.234880
3.218014
3.203266
3.190571
3.181532
3.175907
3.173748
3.175571
3.174500
3.173138
3.169096
3.163654
3.159042
3.153837
3.148842
3.143806
3.142025
3.144466
3.145445
3.145885
3.143841
3.140154
3.137604
3.133476
3.129160
3.123516
3.120022
3.119698
3.116348
3.111710
3.105858
3.101368
3.099354
3.097172
3.095345
3.092339
3.090939
3.092146
3.091545
3.091198
3.090294
3.088650
3.087828
3.086681
3.086235
3.086710
3.088711
3.092592
3.096241
3.100639
3.104982
3.110477
3.119274
3.127069
3.132246
3.134598
3.134846
3.135450
3.135342
3.134678
3.132418
3.129246
3.129307
3.130463
3.131620
3.131170
3.129925
3.128454
3.125231
3.120800
3.114399
3.107716
3.102142
3.096500
3.092430
3.088757
3.085043
3.083527
3.080179
3.075336
3.068773
3.062191
3.057678
3.052292
3.047729
3.044559
3.044512
3.047913
3.052723
3.059366
3.063789
3.067554
3.073269
3.079958
3.089087
3.096964
3.101891
3.104816
3.107094
3.111206
3.117264
3.119791
3.123009
3.127804
3.134636
3.142807
3.150604
3.158287
3.162552
3.163185
3.159374
3.152941
3.146568
3.137585
3.128143
3.119534
3.112671
3.108959
3.107510
3.108559
3.110767
3.115751
3.124464
3.130684
3.136677
3.142359
3.147980
3.153841
3.157423
3.161377
3.164272
3.167007
3.171043
3.174589
3.178442
3.182693
3.189619
3.199402
3.207897
3.216791
3.222939
3.227188
3.231190
3.232134
3.230352
3.228012
3.225372
3.224194
3.220789
3.215729
3.211832
3.208075
3.204887
3.199865
3.193581
3.186615
3.180286
3.175091
3.170254
3.163914
3.158224
3.151281
3.144409
3.134506
3.123245
3.109299
3.094597
3.080875
3.068363
3.057060
3.048536
3.046167
3.047812
3.052143
3.058359
3.061789
3.062059
3.061544
3.057358
3.051216
3.043392
3.035255
3.029451
3.024673
3.022718
3.019920
3.017626
3.016356
3.015966
3.016506
3.016617
3.018085
3.021631
3.026697
3.033972
3.042452
3.050348
3.057611
3.062046
3.064301
3.064077
3.061954
3.060394
3.059130
3.058613
3.058796
3.060978
3.064795
3.068750
3.073639
3.077534
3.079952
3.083294
3.085917
3.087786
3.088827
3.089954
3.092754
3.094891
3.096178
3.096178
3.095390
3.095293
3.096401
3.099255
3.103539
3.110018
3.117966
3.124895
3.130852
3.134228
3.134892
3.133099
3.128347
3.120470
3.112183
3.105103
3.099865
3.096294
3.094090
3.092710
3.091614
3.093075
3.095324
3.098457
3.100803
3.102257
3.104496
3.107029
3.110106
3.113363
3.116587
3.121487
3.124464
3.127171
3.128031
3.129040
3.129715
3.129696
3.129780
3.129358
3.129951
3.131485
3.133247
3.136810
3.140371
3.146832
3.155136
3.164394
3.174341
3.182896
3.191517
3.199371
3.204609
3.208235
3.211792
3.215008
3.218826
3.221844
3.224247
3.226009
3.228579
3.231638
3.235432
3.240494
3.244980
3.249119
3.254061
3.258398
3.264252
3.269424
3.274200
3.278633
3.283092
3.286659
3.289177
3.291435
3.293812
3.295746
3.297884
3.298840
3.300488
3.300930
3.301172
3.302528
3.304348
3.306448
3.311134
3.315332
3.318537
3.321262
3.324471
3.328037
3.330036
3.330957
3.330441
3.329590
3.328945
3.327869
3.327066
3.325699
3.322660
3.319113
3.315077
3.311359
3.306580
3.300484
3.294889
3.289530
3.284166
3.278103
3.271429
3.265417
3.259033
3.253181
3.246813
3.240854
3.235788
3.230179
3.225567
3.221039
3.216646
3.212709
3.207817
3.202141
3.195679
3.188868
3.181639
3.174345
3.167435
3.160957
3.154579
3.147953
3.141674
3.137341
3.132950
3.128311
3.124619
3.120832
3.116917
3.112446
3.109179
3.106308
3.102839
3.099043
3.094769
3.091238
3.087994
3.084488
3.080505
3.076563
3.072168
3.068865
3.065418
3.062698
3.060057
3.059105
3.057476
3.057011
3.057528
3.058086
3.058889
3.060320
3.060650
3.060783
3.060703
3.060751
3.060535
3.061367
3.061914
3.062096
3.062574
3.063620
3.065723
3.068436
3.071440
3.074192
3.078026
3.081299
3.084106
3.086620
3.088715
3.091904
3.095434
3.098114
3.101408
3.104822
3.107685
3.110367
3.113308
3.115110
3.117762
3.121422
3.124027
3.127832
3.131359
3.135662
3.139479
3.142799
3.145658
3.148792
3.152449
3.156940
3.160675
3.164162
3.168175
3.172464
3.175999
3.178085
3.179953
3.183102
3.186234
3.188154
3.190239
3.193027
3.196644
3.201220
3.205769
3.209427
3.212795
3.216320
3.219685
3.222744
3.226353
3.228798
3.231258
3.233557
3.236916
3.240347
3.244495
3.248909
3.252808
3.256042
3.258579
3.260668
3.262817
3.265648
3.268702
3.270691
3.273363
3.276461
3.278120
3.279982
3.282747
3.285492
3.288624
3.291954
3.295250
3.298649
3.301796
3.305494
3.309734
3.312485
3.315678
3.319323
3.322868
3.326227
3.329535
3.331720
3.334398
3.338575
3.342327
3.346684
3.351736
3.356544
3.362074
3.366611
3.370352
3.373867
3.376995
3.380060
3.383533
3.388203
3.392017
3.396317
3.402164
3.408291
3.414158
3.419922
3.424585
3.429390
3.434208
3.438683
3.443138
3.447529
3.451763
3.455456
3.458878
3.462528
3.466095
3.470425
3.475302
3.481197
3.486975
3.492373
3.497984
3.504036
3.509186
3.513567
3.518490
3.524269
3.531525
3.538059
3.545444
3.552511
3.559715
3.567064
3.572905
3.578417
3.583801
3.591291
3.600252
3.608204
3.615837
3.623310
3.631735
3.638878
3.645012
3.651411
3.657801
3.665462
3.673933
3.682463
3.691494
3.701004
3.710566
3.719339
3.726713
3.733730
3.740234
3.747683
3.755993
3.764685
3.774302
3.783936
3.794176
3.803795
3.811943
3.818693
3.825352
3.832495
3.840149
3.848125
3.858004
3.868874
3.879910
3.890480
3.900169
3.909504
3.919453
3.929180
3.938328
3.946190
3.954773
3.962870
3.972309
3.982832
3.994057
4.005001
4.015158
4.026110
4.037037
4.047583
4.057219
4.066868
4.077393
4.088182
4.097969
4.108107
4.119022
4.131477
4.143700
4.154945
4.166567
4.177471
4.188976
4.200266
4.211193
4.222687
4.233017
4.243835
4.254305
4.264353
4.275473
4.286362
4.298477
4.310019
4.320625
4.330904
4.341604
4.353024
4.364861
4.375778
4.387112
4.398689
4.410326
4.422123
4.433651
4.445906
4.457228
4.469963
4.482576
4.494335
4.506948
4.519180
4.531889
4.544394
4.556404
4.568853
4.580534
4.591846
4.603096
4.612797
4.622940
4.634115
4.647560
4.662607
4.677248
4.692259
4.708607
4.726463
4.744133
4.759468
4.773169
4.785255
4.797459
4.808960
4.819157
4.831093
4.843512
4.857647
4.873009
4.888050
4.903606
4.919403
4.935665
4.952412
4.966999
4.981922
4.996338
5.009178
5.019268
5.027924
5.037441
5.048534
5.061859
5.076723
5.092936
5.109859
5.125698
5.140646
5.155758
5.168800
5.181616
5.193712
5.206879
5.220943
5.235682
5.252125
5.269379
5.285934
5.300045
5.311893
5.322514
5.332747
5.344826
5.358170
5.372667
5.388813
5.404781
5.421612
5.438221
5.453253
5.467827
5.480822
5.494915
5.509932
5.524834
5.540714
5.556498
5.574038
5.591766
5.607300
5.622499
5.637398
5.653877
5.672052
5.689938
5.708431
5.727875
5.746078
5.762510
5.775127
5.786093
5.796526
5.810528
5.827709
5.845608
5.865479
5.885450
5.907536
5.928982
5.947840
5.964424
5.980322
5.996494
6.012787
6.028439
6.045094
6.062927
6.082317
6.102182
6.121414
6.140783
6.159294
6.178593
6.197338
6.215012
6.231846
6.247391
6.263283
6.278345
6.292854
6.309639
6.327671
6.345594
6.362495
6.377346
6.395279
6.414986
6.435726
6.456623
6.475857
6.495058
6.513744
6.532051
6.549702
6.566036
6.582481
6.598263
6.614628
6.630665
6.646042
6.662674
6.679399
6.696648
6.713600
6.727547
6.744343
6.763870
6.785290
6.807100
6.827091
6.846581
6.863680
6.880627
6.895844
6.909159
6.922096
6.933994
6.947582
6.961079
6.973131
6.988840
7.006516
7.025717
7.043154
7.057688
7.071636
7.084137
7.095131
7.104387
7.111589
7.118187
7.124870
7.134678
7.147144
7.160851
7.176163
7.190636
7.204580
7.216743
7.225414
7.229660
7.228279
7.227156
7.225542
7.221706
7.216831
7.212074
7.208941
7.205503
7.199299
7.191889
7.181520
7.170227
7.157345
7.142311
7.127987
7.115158
7.108877
7.105886
7.103344
7.101349
7.097082
7.088068
7.074177
7.055809
7.033916
7.011671
6.989840
6.970284
6.953295
6.940289
6.931143
6.925007
6.920021
6.912243
6.902655
6.890306
6.875900
6.860199
6.841446
6.822889
6.803745
6.790199
6.780710
6.774332
6.771086
6.768763
6.768448
6.768702
6.766359
6.760338
6.751682
6.743969
6.736021
6.727209
6.718487
6.709904
6.702803
6.693800
6.679773
6.664608
6.649046
6.634398
6.621225
6.608088
6.598743
6.591885
6.588409
6.585983
6.582262
6.577854
6.572027
6.567041
6.560755
6.551052
6.543133
6.535227
6.531158
6.529417
6.528625
6.533583
6.542404
6.553621
6.564409
6.571558
6.577076
6.579090
6.580133
6.580151
6.576746
6.572733
6.569199
6.570381
6.575148
6.580935
6.585218
6.586046
6.588779
6.592983
6.598045
6.603413
6.610033
6.621471
6.633915
6.645668
6.661297
6.678089
6.697538
6.716122
6.732101
6.747608
6.762743
6.777454
6.789648
6.798523
6.806873
6.814680
6.824078
6.835138
6.845209
6.856668
6.867840
6.882570
6.898516
6.912678
6.923031
6.927443
6.932917
6.939651
6.944887
6.949778
6.953661
6.959641
6.966862
6.970598
6.972887
6.972889
6.972622
6.971819
6.967812
6.963558
6.958645
6.955517
6.953098
6.950027
6.947941
6.946390
6.946211
6.945955
6.944214
6.943707
6.941862
6.939308
6.934298
6.926405
6.917707
6.909449
6.906301
6.906780
6.906549
6.906536
6.905689
6.904476
6.900261
6.890697
6.878088
6.862230
6.844845
6.825359
6.805004
6.787340
6.772099
6.764421
6.762272
6.763626
6.769754
6.776722
6.785452
6.792477
6.792421
6.784571
6.769722
6.751911
6.732277
6.710934
6.692467
6.678123
6.670437
6.668873
6.668663
6.673544
6.681385
6.690914
6.698471
6.701523
6.700457
6.692953
6.681168
6.664248
6.642447
6.620575
6.598465
6.581078
6.567785
6.557590
6.554035
6.554325
6.559326
6.564758
6.566349
6.568926
6.571150
6.571016
6.566586
6.556114
6.544853
6.531942
6.518974
6.506504
6.494333
6.484911
6.478537
6.479733
6.486740
6.496403
6.508583
6.521145
6.533739
6.543087
6.546074
6.544617
6.538349
6.534369
6.531954
6.529194
6.527031
6.526070
6.529486
6.531809
6.529129
6.521717
6.508276
6.493336
6.476101
6.457853
6.441715
6.428394
6.420815
6.415274
6.410006
6.406412
6.402170
6.400063
6.397717
6.390810
6.385939
6.382008
6.380024
6.377277
6.371418
6.365650
6.357494
6.346998
6.333977
6.316502
6.299805
6.285295
6.275127
6.268948
6.266579
6.273216
6.285759
6.304565
6.323399
6.339399
6.352028
6.358862
6.361408
6.358042
6.348513
6.340107
6.333513
6.331322
6.330448
6.329029
6.331055
6.333551
6.337280
6.338963
6.335434
6.330212
6.322880
6.315521
6.306690
6.296978
6.294380
6.298265
6.308615
6.321375
6.332319
6.343328
6.353416
6.362396
6.368179
6.368731
6.366613
6.363861
6.363314
6.364998
6.366684
6.370750
6.375042
6.386055
6.399513
6.411976
6.424234
6.435282
6.448364
6.462387
6.472557
6.480595
6.486635
6.493319
6.499557
6.504139
6.510349
6.515921
6.528023
6.543316
6.556973
6.571333
6.585766
6.601269
6.614876
6.622593
6.625006
6.621763
6.609577
6.588266
6.557781
6.532745
6.514950
6.505508
6.502861
6.502455
6.505829
6.511171
6.516953
6.519423
6.513865
6.506783
6.499138
6.492569
6.487392
6.482662
6.482384
6.487030
6.494362
6.500378
6.500740
6.503370
6.505108
6.508183
6.510406
6.510553
6.512049
6.514648
6.519213
6.525452
6.529341
6.536118
6.545357
6.558613
6.571838
6.583683
6.595421
6.603378
6.608299
6.607281
6.598965
6.592556
6.588163
6.589439
6.596565
6.604519
6.613817
6.621237
6.622612
6.617393
6.604536
6.587681
6.568289
6.550581
6.536482
6.526205
6.527205
6.537460
6.556585
6.578180
6.595188
6.609436
6.618450
6.624062
6.623163
6.615541
6.605833
6.594475
6.586689
6.583176
6.581570
6.583199
6.586800
6.593914
6.602169
6.607876
6.612793
6.615259
6.623196
6.634037
6.642820
6.651852
6.658646
6.665607
6.669828
6.667892
6.661900
6.649887
6.641384
6.636246
6.629883
6.626091
6.624779
6.628262
6.633114
6.633301
6.629982
6.621769
6.616774
6.614902
6.614479
6.620417
6.630316
6.645676
6.663244
6.675680
6.683235
6.683321
6.679220
6.670223
6.656109
6.641819
6.628380
6.621798
6.619976
6.619610
6.623766
6.628828
6.641029
6.656708
6.672461
6.687696
6.698914
6.708294
6.712868
6.709305
6.700272
6.684885
6.667923
6.650692
6.632727
6.623087
6.621485
6.627380
6.636745
6.645010
6.653641
6.657715
6.658802
6.654018
6.644070
6.634251
6.624575
6.620171
6.618771
6.618225
6.625343
6.638201
6.653357
6.665295
6.670757
6.673994
6.673141
6.669178
6.662951
6.653374
6.645943
6.639313
6.638943
6.643692
6.651024
6.663340
6.678791
6.698673
6.717577
6.733200
6.748997
6.762436
6.781759
6.804119
6.824665
6.846144
6.866217
6.885056
6.900116
6.906418
6.905521
6.897518
6.886217
6.874481
6.862778
6.857586
6.858721
6.869701
6.887629
6.907146
6.928448
6.948778
6.971581
6.993456
7.009695
7.021389
7.028805
7.030909
7.028522
7.020761
7.016891
7.016781
7.020300
7.023058
7.024000
7.026649
7.029510
7.033302
7.035093
7.031601
7.026911
7.020243
7.014837
7.010376
7.004339
7.006235
7.015665
7.030865
7.046852
7.057886
7.066326
7.070660
7.072504
7.070328
7.060085
7.048025
7.033848
7.022488
7.012962
7.003630
6.996593
6.990767
6.989250
6.988827
6.987133
6.987434
6.989162
6.995827
7.003773
7.008648
7.013214
7.015820
7.019320
7.020737
7.016197
7.011303
7.006083
7.005341
7.007826
7.009954
7.015676
7.023376
7.035202
7.048971
7.060232
7.070177
7.078331
7.086857
7.094257
7.098448
7.103512
7.106915
7.117580
7.132488
7.145147
7.156666
7.164631
7.169649
7.170204
7.163679
7.153902
7.140760
7.129238
7.119072
7.110138
7.107420
7.109837
7.119303
7.131813
7.141987
7.150023
7.152796
7.153999
7.151169
7.142803
7.133169
7.123051
7.121407
7.127129
7.135834
7.148724
7.163544
7.180994
7.198692
7.210716
7.218880
7.222958
7.230629
7.240915
7.249956
7.262836
7.277939
7.296885
7.315969
7.327654
7.333353
7.330975
7.322596
7.308609
7.288212
7.267384
7.247829
7.235596
7.229433
7.224409
7.224442
7.226782
7.237743
7.252464
7.265106
7.276299
7.283234
7.288387
7.289799
7.283373
7.271927
7.257286
7.246098
7.237759
7.231005
7.228861
7.230911
7.243217
7.263584
7.285807
7.308510
7.327871
7.345123
7.357597
7.360710
7.358826
7.351320
7.342278
7.332092
7.319830
7.303257
7.293282
7.290169
7.288523
7.282841
7.282417
7.285816
7.292234
7.299667
7.305264
7.312408
7.319357
7.327473
7.334602
7.334871
7.331451
7.323944
7.315836
7.305887
7.293091
7.287588
7.287434
7.290144
7.291300
7.287386
7.282433
7.277588
7.274918
7.273848
7.271572
7.273979
7.279022
7.287296
7.296989
7.304821
7.311899
7.316185
7.320642
7.321394
7.315550
7.303675
7.285730
7.271669
7.261444
7.251030
7.241209
7.232651
7.226526
7.221106
7.213921
7.206036
7.193394
7.184191
7.177616
7.168550
7.157518
7.143373
7.131956
7.120556
7.104053
7.086666
7.067986
7.052074
7.037064
7.021069
7.011608
7.008244
7.011971
7.019091
7.023935
7.029371
7.031597
7.030899
7.024574
7.009983
6.990576
6.966684
6.943928
6.923008
6.902122
6.887783
6.878605
6.881519
6.890871
6.899803
6.908909
6.914970
6.919777
6.917696
6.906673
6.888836
6.863745
6.838520
6.812664
6.787222
6.774742
6.773964
6.786680
6.808140
6.832050
6.857767
6.879917
6.897097
6.905483
6.901176
6.887911
6.866402
6.843124
6.819683
6.795315
6.774673
6.757822
6.746588
6.739048
6.727322
6.712673
6.691198
6.666126
6.637480
6.607382
6.582758
6.564810
6.558458
6.560444
6.564217
6.571609
6.577053
6.579998
6.577267
6.567671
6.557901
6.547329
6.541405
6.538658
6.534384
6.532585
6.533297
6.537683
6.541578
6.539806
6.537926
6.536797
6.536959
6.533632
6.524097
6.513414
6.500000
6.488758
6.476927
6.461489
6.447025
6.433147
6.419430
6.411224
6.406364
6.408009
6.412697
6.421753
6.432600
6.441011
6.453758
6.468298
6.483868
6.497429
6.505924
6.511564
6.512859
6.512690
6.509319
6.503403
6.504839
6.513885
6.531246
6.554491
6.579142
6.607185
6.635265
6.663078
6.684826
6.697090
6.696163
6.683456
6.667206
6.654350
6.643162
6.641445
6.647036
6.657974
6.671104
6.681253
6.688997
6.687691
6.678932
6.659397
6.631594
6.604069
6.580006
6.569643
6.572664
6.585150
6.608927
6.637981
6.668873
6.694534
6.709091
6.710934
6.702158
6.688690
6.671165
6.649216
6.630665
6.616283
6.612656
6.615837
6.621056
6.627886
6.631851
6.636814
6.638508
6.634710
6.628811
6.619013
6.614716
6.613663
6.608788
6.602631
6.592653
6.581717
6.566847
6.543995
6.516514
6.484989
6.456486
6.431297
6.406902
6.387779
6.373671
6.367653
6.365128
6.361506
6.356695
6.348095
6.339630
6.328190
6.311129
6.293829
6.276312
6.262648
6.251789
6.239805
6.230694
6.224125
6.227802
6.236694
6.244759
6.253244
6.258326
6.262550
6.260761
6.247993
6.227558
6.200771
6.176367
6.156143
6.140039
6.131157
6.129236
6.137159
6.149004
6.156044
6.156178
6.146492
6.129993
6.107409
6.078220
6.050289
6.028021
6.020937
6.025000
6.034861
6.050140
6.064816
6.079330
6.088963
6.088661
6.080244
6.064482
6.050888
6.039864
6.029182
6.023144
6.021156
6.025204
6.031902
6.032433
6.029675
6.019779
6.008404
5.995472
5.978622
5.962780
5.947845
5.940929
5.938663
5.936504
5.933168
5.925564
5.918703
5.911257
5.899477
5.887880
5.874662
5.864599
5.857754
5.851782
5.848091
5.845282
5.846422
5.848959
5.850307
5.852810
5.855244
5.862347
5.871143
5.878904
5.890181
5.901943
5.918694
5.937077
5.952419
5.968315
5.982418
5.996548
6.006027
6.008587
6.004393
5.992573
5.985687
5.983875
5.983463
5.986345
5.992905
6.004333
6.018036
6.025276
6.026926
6.020508
6.009781
5.994875
5.979580
5.971355
5.972126
5.986174
6.009729
6.037672
6.069288
6.098440
6.125698
6.146812
6.158636
6.165373
6.166449
6.160992
6.150429
6.134415
6.117229
6.099949
6.087811
6.081074
6.077152
6.078703
6.083332
6.093632
6.106825
6.117325
6.126621
6.130943
6.134014
6.134418
6.129950
6.123898
6.115541
6.110390
6.105648
6.099541
6.095619
6.092644
6.093849
6.098948
6.103642
6.111256
6.121569
6.135605
6.149899
6.162527
6.177120
6.191092
6.210403
6.233368
6.254856
6.276211
6.295609
6.313938
6.329273
6.339794
6.347349
6.351528
6.357018
6.362595
6.366432
6.378603
6.398579
6.420954
6.442276
6.459076
6.473583
6.481476
6.484959
6.483316
6.479568
6.478020
6.479847
6.491653
6.511591
6.533487
6.551702
6.561764
6.563377
6.555204
6.535545
6.512638
6.489180
6.468159
6.450769
6.436714
6.430023
6.427469
6.427380
6.426382
6.420639
6.416433
6.411894
6.408997
6.406643
6.402115
6.394777
6.385704
6.381123
6.377172
6.371433
6.366817
6.362276
6.359570
6.355774
6.346779
6.337797
6.329554
6.325426
6.325121
6.325607
6.330769
6.338272
6.350813
6.364616
6.374409
6.381615
6.386469
6.391354
6.394997
6.395109
6.397419
6.400043
6.398540
6.390440
6.381744
6.375322
6.366713
6.356895
6.345911
6.331160
6.318188
6.308535
6.303921
6.300383
6.294182
6.284998
6.273775
6.262369
6.248714
6.231770
6.222649
6.220285
6.225157
6.234440
6.242826
6.253244
6.260481
6.264008
6.260445
6.249342
6.235592
6.221792
6.213219
6.209846
6.210972
6.220547
6.234827
6.258211
6.285442
6.309406
6.328938
6.343506
6.354393
6.358894
6.352612
6.338453
6.318054
6.296753
6.274031
6.251020
6.231997
6.217075
6.214615
6.220331
6.227911
6.237535
6.244205
6.250172
6.252310
6.247835
6.238533
6.224344
6.213699
6.206482
6.200211
6.194012
6.186234
6.184887
6.185432
6.182430
6.177351
6.170969
6.165001
6.159380
6.152546
6.150637
6.152222
6.160149
6.171062
6.180611
6.190378
6.198473
6.207273
6.213999
6.215984
6.220274
6.227325
6.238216
6.248808
6.257286
6.265650
6.269571
6.270142
6.264822
6.249802
6.234348
6.220154
6.209738
6.201736
6.195770
6.194000
6.192490
6.192972
6.191887
6.186941
6.181019
6.173609
6.165716
6.157686
6.148804
6.143051
6.138418
6.137184
6.138029
6.137915
6.142345
6.149349
6.160183
6.170626
6.177332
6.182896
6.186228
6.189909
6.192360
6.193274
6.198065
6.205517
6.217251
6.230427
6.243532
6.257359
6.269188
6.281807
6.292021
6.297245
6.300114
6.300640
6.302898
6.304304
6.301546
6.298927
6.294903
6.293344
6.292824
6.291723
6.291075
6.290071
6.292192
6.295147
6.294577
6.296593
6.303349
6.313480
6.323887
6.331570
6.338903
6.345390
6.351234
6.355251
6.355671
6.359892
6.369022
6.382889
6.396456
6.407352
6.418077
6.426643
6.432930
6.434240
6.429214
6.421385
6.410461
6.406534
6.409458
6.415085
6.423763
6.433374
6.445105
6.454834
6.459749
6.461468
6.458838
6.455509
6.451859
6.444979
6.440346
6.438389
6.439943
6.442945
6.443924
6.448538
6.453232
6.454409
6.450249
6.438805
6.421034
6.397499
6.370388
6.341969
6.312778
6.287477
6.266460
6.256535
6.255173
6.257317
6.262871
6.266270
6.268454
6.266729
6.258499
6.245546
6.229752
6.218628
6.212856
6.210711
6.211815
6.216599
6.226120
6.236366
6.244148
6.247576
6.246712
6.243475
6.237400
6.228773
6.220484
6.213810
6.209850
6.207638
6.206284
6.207920
6.211807
6.220455
6.232109
6.242571
6.256227
6.271248
6.289162
6.306477
6.320225
6.332094
6.342257
6.352093
6.360878
6.367290
6.370285
6.369478
6.370401
6.372509
6.372513
6.373653
6.374262
6.378386
6.384071
6.389118
6.395914
6.402882
6.410542
6.416853
6.419346
6.419489
6.417542
6.411161
6.404161
6.396141
6.390476
6.386387
6.385883
6.386654
6.388954
6.396362
6.407621
6.422684
6.438858
6.453312
6.467701
6.479424
6.488789
6.494886
6.494968
6.490616
6.483076
6.476194
6.468540
6.460802
6.454628
6.448860
6.446371
6.444805
6.442028
6.442327
6.444452
6.446758
6.446781
6.441601
6.437275
6.431488
6.426746
6.421593
6.416355
6.413164
6.411797
6.411657
6.410131
6.404976
6.401882
6.399004
6.396053
6.392838
6.387558
6.382673
6.376442
6.368206
6.357450
6.343412
6.331261
6.319138
6.308630
6.298492
6.288099
6.280979
6.276123
6.272427
6.267860
6.260080
6.252129
6.242310
6.235285
6.230505
6.225864
6.222984
6.221506
6.222839
6.225397
6.226093
6.226234
6.225922
6.226580
6.226509
6.223473
6.221056
6.220032
6.221256
6.223015
6.223339
6.226719
6.230988
6.236759
6.241522
6.243664
6.246113
6.248095
6.249069
6.249023
6.247309
6.246901
6.248260
6.253527
6.261566
6.271908
6.287252
6.305710
6.327328
6.349430
6.369104
6.386587
6.400879
6.413525
6.422424
6.427105
6.431694
6.437042
6.445061
6.452557
6.458103
6.463659
6.469173
6.474171
6.476412
6.473804
6.468584
6.461674
6.453671
6.443605
6.432564
6.425159
6.421375
6.421616
6.423492
6.423712
6.423084
6.420383
6.414776
6.405724
6.392197
6.381397
6.372375
6.365093
6.358543
6.352053
6.346102
6.339214
6.333290
6.325527
6.315271
6.306734
6.299385
6.295349
6.292969
6.288843
6.287251
6.286453
6.286934
6.285477
6.281513
6.275059
6.264458
6.251041
6.234655
6.215431
6.196262
6.178617
6.168247
6.165087
6.165211
6.168438
6.172077
6.176250
6.179962
6.180534
6.179504
6.176373
6.175919
6.177864
6.181110
6.186380
6.191704
6.198732
6.204559
6.208162
6.209410
6.208153
6.206577
6.205261
6.204741
6.206446
6.210148
6.219976
6.232780
6.245100
6.257132
6.265621
6.270836
6.272186
6.268276
6.261105
6.250364
6.239328
6.229557
6.220963
6.215569
6.212626
6.215212
6.221579
6.228073
6.235165
6.240309
6.246071
6.251942
6.255539
6.259031
6.262121
6.266973
6.274509
6.282549
6.292313
6.301296
6.311375
6.321548
6.330091
6.336632
6.340315
6.342812
6.343929
6.343147
6.341419
6.340216
6.341593
6.344263
6.347164
6.351387
6.355848
6.361063
6.364674
6.364897
6.362076
6.356623
6.348892
6.338976
6.327480
6.318291
6.311882
6.308317
6.306248
6.303823
6.305124
6.309492
6.313486
6.315998
6.316671
6.316412
6.313766
6.308922
6.302692
6.294228
6.284248
6.273252
6.261976
6.250706
6.239822
6.231163
6.223747
6.218679
6.213932
6.208361
6.205151
6.205181
6.207541
6.211941
6.215755
6.219582
6.222237
6.223904
6.224936
6.223652
6.221916
6.219498
6.217686
6.215822
6.213432
6.211571
6.208851
6.205471
6.203058
6.199789
6.196365
6.192572
6.190201
6.188877
6.186291
6.182854
6.177853
6.171432
6.163866
6.153664
6.142530
6.131094
6.121437
6.113091
6.105492
6.101810
6.100721
6.102444
6.104855
6.106308
6.105452
6.102367
6.096336
6.088223
6.078400
6.068537
6.058796
6.051666
6.046553
6.041679
6.037920
6.033039
6.029549
6.026077
6.021160
6.016434
6.011038
6.003674
5.995483
5.986727
5.980177
5.975338
5.972328
5.971346
5.972340
5.974882
5.978687
5.983788
5.989153
5.992907
5.996216
5.997744
6.000231
6.003475
6.005646
6.006615
6.006680
6.006676
6.006773
6.006130
6.005239
6.003592
6.003208
6.003605
6.003559
6.005535
6.008678
6.012722
6.016273
6.020887
6.027103
6.033440
6.040037
6.046379
6.051670
6.056253
6.059223
6.061142
6.061394
6.058689
6.054352
6.050283
6.048130
6.047470
6.047253
6.049385
6.052563
6.056280
6.060522
6.064152
6.066549
6.067240
6.068123
6.069038
6.070084
6.071379
6.072388
6.073734
6.076395
6.078838
6.082666
6.086542
6.091585
6.097048
6.101370
6.106178
6.109800
6.113590
6.117418
6.120670
6.123478
6.124969
6.127699
6.131596
6.135347
6.139069
6.142490
6.146252
6.150400
6.153851
6.157303
6.161037
6.165043
6.168312
6.172522
6.177334
6.183207
6.190016
6.196928
6.203461
6.207199
6.210278
6.213085
6.214603
6.214851
6.215696
6.216772
6.218349
6.220152
6.221794
6.223671
6.226749
6.231764
6.236122
6.240446
6.244133
6.247246
6.248745
6.251293
6.253872
6.256094
6.258625
6.261841
6.265371
6.269400
6.273476
6.277466
6.281176
6.284447
6.287382
6.288933
6.290382
6.291239
6.292105
6.291773
6.291897
6.292500
6.293110
6.293705
6.293104
6.292873
6.294127
6.295559
6.295948
6.295567
6.295044
6.293447
6.290985
6.288445
6.285130
6.281565
6.278145
6.274918
6.272099
6.268764
6.265602
6.261461
6.259127
6.257429
6.255655
6.253813
6.250919
6.249762
6.248457
6.246639
6.245365
6.244928
6.244507
6.244953
6.245413
6.245258
6.245434
6.245840
6.246889
6.247478
6.247234
6.246819
6.245819
6.244919
6.244667
6.244545
6.244963
6.245331
6.244963
6.244680
6.245062
6.244770
6.243551
6.242733
6.242428
6.241510
6.240765
6.240879
6.240086
6.238958
6.237419
6.236900
6.236786
6.237770
6.237835
6.238216
6.237955
6.237295
6.236647
6.235653
6.234707
6.234312
6.233002
6.231279
6.229710
6.228642
6.227045
6.226200
6.224794
6.223278
6.221857
6.221245
6.219543
6.217731
6.215092
6.212320
6.210844
6.209143
6.206955
6.203720
6.199951
6.198008
6.196489
6.195869
6.195141
6.194050
6.192204
6.189955
6.188416
6.187525
6.185589
6.183014
6.180042
6.177303
6.174927
6.172998
6.169920
6.167046
6.164675
6.162777
6.160898
6.158674
6.156054
6.152365
6.147959
6.144373
6.142500
6.140528
6.138191
6.135817
6.134109
6.131226
6.127563
6.124640
6.122437
6.120243
6.116989
6.113491
6.108959
6.104233
6.099512
6.094589
6.090832
6.086502
6.081524
6.076525
6.072714
6.068356
6.064463
6.060877
6.057030
6.052856
6.048279
6.043434
6.038885
6.033016
6.027561
6.022289
6.017128
6.012257
6.007421
6.002602
5.996180
5.989922
5.982769
5.974701
5.967442
5.960983
5.955166
5.950232
5.944744
5.938847
5.933250
5.927719
5.922527
5.916691
5.909695
5.901905
5.894125
5.887632
5.880634
5.874060
5.866951
5.859123
5.852184
5.845638
5.838619
5.830502
5.822123
5.814116
5.805912
5.798378
5.790188
5.781906
5.774647
5.767603
5.761337
5.754797
5.747856
5.740791
5.732395
5.724194
5.715292
5.706890
5.698893
5.691233
5.683872
5.674723
5.665386
5.656717
5.647154
5.636944
5.625933
5.614552
5.603378
5.593555
5.584343
5.574980
5.565968
5.558928
5.551430
5.543308
5.533220
5.521385
5.509348
5.498619
5.489372
5.480822
5.471874
5.463203
5.454195
5.445267
5.435867
5.424995
5.414598
5.403381
5.392115
5.380379
5.366766
5.354458
5.342754
5.331070
5.317574
5.304760
5.294052
5.283989
5.274216
5.263714
5.252878
5.243401
5.233829
5.223341
5.212336
5.200516
5.188629
5.177137
5.165924
5.153931
5.141434
5.129272
5.116982
5.104706
5.091990
5.078312
5.065655
5.052786
5.038292
5.022026
5.006218
4.992519
4.979435
4.967871
4.956112
4.944086
4.933329
4.920097
4.905937
4.890306
4.875061
4.860647
4.846024
4.832325
4.817986
4.804354
4.791107
4.778744
4.767208
4.753311
4.738558
4.723431
4.707188
4.691795
4.675537
4.659662
4.645664
4.631861
4.619617
4.608706
4.598597
4.588619
4.576015
4.561108
4.543362
4.525576
4.510099
4.494659
4.480324
4.467527
4.455490
4.445587
4.435089
4.423958
4.409342
4.392891
4.376480
4.359026
4.342216
4.327929
4.316380
4.307966
4.295792
4.281275
4.264612
4.247124
4.230349
4.212635
4.194414
4.178411
4.165257
4.155182
4.147291
4.139221
4.130781
4.121189
4.110359
4.096079
4.078659
4.059395
4.040079
4.023008
4.005709
3.988365
3.969852
3.950956
3.934057
3.917683
3.902718
3.885517
3.867226
3.848873
3.830017
3.812439
3.794113
3.776169
3.760288
3.745243
3.731279
3.716795
3.701820
3.687550
3.669950
3.650988
3.628227
3.604433
3.582790
3.562073
3.543222
3.525066
3.507708
3.492792
3.476084
3.460033
3.444347
3.429298
3.412226
3.394684
3.377573
3.361254
3.349060
3.339922
3.331589
3.322815
3.315241
3.310818
3.308193
3.307110
3.303698
3.298042
3.292770
3.283657
3.270309
3.252136
3.232916
3.214165
3.195599
3.178720
3.161106
3.144161
3.130936
3.121340
3.117020
3.115713
3.117828
3.123482
3.131407
3.142185
3.153494
3.164999
3.177397
3.184608
3.188536
3.188894
3.187199
3.186056
3.184166
3.182917
3.180735
3.179874
3.181459
3.181709
3.179642
3.172617
3.160593
3.146780
3.132572
3.118296
3.104046
3.093225
3.088268
3.087351
3.090813
3.094652
3.098698
3.102737
3.104984
3.106306
3.103361
3.098148
3.093334
3.088198
3.085884
3.084545
3.083481
3.085808
3.089306
3.094063
3.093569
3.089195
3.083126
3.075970
3.069727
3.063061
3.058910
3.061668
3.067453
3.076530
3.087271
3.098833
3.109751
3.118568
3.124290
3.126089
3.125517
3.124557
3.120211
3.114147
3.105732
3.096252
3.087395
3.079247
3.073397
3.068462
3.064598
3.063757
3.064724
3.068432
3.070698
3.073383
3.078470
3.083206
3.087694
3.087694
3.084690
3.084633
3.085732
3.090422
3.095604
3.103889
3.117794
3.135418
3.157555
3.177208
3.194336
3.209156
3.219635
3.225203
3.225613
3.222162
3.219965
3.217848
3.219093
3.223740
3.231670
3.242935
3.253057
3.259621
3.262033
3.262615
3.263664
3.261696
3.257919
3.253468
3.252123
3.254448
3.258163
3.264761
3.272030
3.281040
3.293404
3.306431
3.318172
3.326672
3.332464
3.337547
3.335003
3.327677
3.317472
3.305666
3.296556
3.287638
3.280581
3.270819
3.260254
3.252132
3.243721
3.235016
3.223118
3.209942
3.197557
3.183987
3.171551
3.158358
3.145805
3.136429
3.124775
3.111534
3.098783
3.088894
3.078119
3.064669
3.050997
3.038906
3.032293
3.033865
3.038311
3.047031
3.055321
3.064903
3.075092
3.079067
3.078007
3.071510
3.062841
3.054634
3.046467
3.040607
3.035938
3.034561
3.037031
3.039627
3.044300
3.048306
3.051357
3.055157
3.056286
3.057140
3.054676
3.051380
3.051271
3.048321
3.043833
3.037893
3.033379
3.032757
3.033331
3.036526
3.041382
3.048084
3.060459
3.073311
3.087299
3.098255
3.106846
3.114977
3.115658
3.111973
3.103973
3.094912
3.086985
3.078472
3.072660
3.066536
3.061705
3.059860
3.053734
3.044151
3.028936
3.012808
2.997917
2.982758
2.969934
2.959999
2.953169
2.951767
2.950302
2.949146
2.947105
2.945263
2.946568
2.948452
2.952049
2.955990
2.962666
2.973694
2.982544
2.989901
2.994452
2.995239
2.995548
2.993156
2.990973
2.988243
2.988626
2.993931
3.001024
3.010008
3.016636
3.021770
3.026966
3.027422
3.023895
3.016975
3.010427
3.006046
3.003296
3.007332
3.014515
3.026049
3.042973
3.056257
3.065857
3.070618
3.071301
3.070419
3.065958
3.060568
3.051891
3.042236
3.035656
3.028259
3.021326
3.012653
3.003304
2.996080
2.984970
2.972015
2.955740
2.939751
2.926250
2.911350
2.899168
2.888889
2.882191
2.880838
2.883781
2.889721
2.896812
2.905899
2.918222
2.925690
2.929518
2.927999
2.923134
2.917542
2.909706
2.901461
2.894037
2.890730
2.892733
2.893272
2.893528
2.891361
2.890018
2.890493
2.892277
2.896402
2.902710
2.914623
2.932463
2.948795
2.963999
2.975313
2.986917
2.997458
3.003977
3.010654
3.014524
3.019043
3.025179
3.034323
3.046190
3.056307
3.066685
3.077269
3.083065
3.085682
3.081203
3.071007
3.060167
3.045141
3.028751
3.005953
2.982292
2.964487
2.951679
2.945860
2.944641
2.949715
2.962532
2.978590
2.996391
3.009939
3.017750
3.021729
3.017769
3.006018
2.987804
2.964672
2.941980
2.919849
2.900352
2.885778
2.872540
2.861923
2.850067
2.836876
2.827368
2.814987
2.800583
2.784744
2.772245
2.762684
2.757835
2.758984
2.763731
2.772663
2.785004
2.801516
2.820894
2.841911
2.863964
2.881409
2.891865
2.897234
2.895699
2.887743
2.870121
2.848698
2.829163
2.806063
2.782234
2.758785
2.740551
2.730597
2.726366
2.728216
2.734409
2.745075
2.761555
2.777439
2.792530
2.802914
2.810013
2.816143
2.813501
2.804577
2.791853
2.779499
2.771439
2.765493
2.764301
2.764668
2.768284
2.776613
2.784561
2.792820
2.796272
2.795506
2.795689
2.788879
2.779163
2.766441
2.755125
2.750019
2.748772
2.753956
2.762938
2.778931
2.802105
2.825602
2.848093
2.861252
2.864693
2.861757
2.850607
2.834549
2.813339
2.791824
2.775784
2.764996
2.762703
2.764645
2.772123
2.784729
2.803003
2.818508
2.822573
2.818995
2.812813
2.804256
2.797474
2.791328
2.791578
2.804567
2.828588
2.862915
2.899632
2.936754
2.971874
2.997990
3.013056
3.013737
3.006327
2.996662
2.987356
2.983892
2.983465
2.988590
3.002073
3.018818
3.037399
3.053932
3.068419
3.083664
3.096062
3.106346
3.109947
3.110020
3.110952
3.108713
3.105375
3.097630
3.087778
3.080654
3.075436
3.074123
3.072369
3.073395
3.080456
3.091002
3.103699
3.113993
3.121958
3.131430
3.139347
3.144760
3.144211
3.139200
3.134468
3.126568
3.119984
3.109961
3.100956
3.097345
3.094885
3.095560
3.093430
3.092058
3.093914
3.091307
3.086626
3.078724
3.071957
3.069736
3.068903
3.071928
3.077353
3.085335
3.097382
3.102962
3.103016
3.095490
3.082876
3.068184
3.049822
3.031612
3.013809
3.000734
2.994537
2.992565
2.994566
2.996876
2.999544
3.006378
3.012402
3.020615
3.026733
3.032619
3.042072
3.051682
3.062334
3.069628
3.076038
3.085033
3.092899
3.100697
3.104523
3.107468
3.113377
3.114779
3.113939
3.112156
3.113420
3.120432
3.130566
3.146900
3.166550
3.189190
3.214794
3.232006
3.240738
3.237707
3.226551
3.213015
3.193762
3.171997
3.150867
3.134632
3.127502
3.123108
3.123770
3.125603
3.127069
3.130827
3.132374
3.133942
3.130985
3.126247
3.124844
3.120895
3.115675
3.108442
3.103024
3.101654
3.101370
3.103035
3.096882
3.086983
3.078768
3.069405
3.060675
3.050386
3.043634
3.044262
3.051506
3.065710
3.081944
3.099545
3.119972
3.137089
3.148861
3.149137
3.140804
3.128292
3.111950
3.095358
3.074478
3.052855
3.035910
3.019032
3.004362
2.990448
2.980293
2.975883
2.973158
2.974014
2.970762
2.966129
2.965544
2.970177
2.981121
2.997257
3.020153
3.052032
3.076944
3.093071
3.094482
3.082865
3.062202
3.031040
2.996574
2.961964
2.936314
2.929104
2.940762
2.970055
3.004435
3.039646
3.074123
3.098232
3.111858
3.111584
3.104259
3.095520
3.091337
3.088236
3.083324
3.079163
3.078463
3.078964
3.078478
3.072838
3.065825
3.064632
3.069590
3.082134
3.095238
3.109261
3.125664
3.137648
3.145355
3.144382
3.138952
3.133526
3.125244
3.118225
3.113121
3.114635
3.124544
3.136759
3.152239
3.167002
3.182047
3.199802
3.214832
3.227320
3.233311
3.235954
3.240128
3.243456
3.246443
3.238388
3.223450
3.207876
3.189301
3.171808
3.151379
3.133192
3.122223
3.116476
3.116135
3.116055
3.117371
3.121359
3.124104
3.125685
3.121397
3.115217
3.112415
3.102186
3.088604
3.072376
3.058323
3.050547
3.043621
3.042107
3.044399
3.053257
3.071726
3.092426
3.114679
3.134233
3.152241
3.172129
3.185089
3.192768
3.192537
3.189507
3.188656
3.184240
3.181326
3.183907
3.193115
3.205156
3.213085
3.218243
3.216511
3.212566
3.209200
3.202530
3.194641
3.195602
3.205162
3.225355
3.251427
3.282887
3.317480
3.343430
3.360598
3.364208
3.357552
3.346567
3.327099
3.306063
3.285849
3.273184
3.264914
3.262197
3.268978
3.281170
3.298149
3.318527
3.339622
3.362404
3.374903
3.377628
3.368221
3.352283
3.333076
3.309059
3.286404
3.263685
3.245184
3.234148
3.227131
3.224077
3.222103
3.221853
3.224947
3.222029
3.215786
3.205090
3.194740
3.188478
3.182919
3.183624
3.186810
3.192091
3.202168
3.212452
3.222546
3.226374
3.225273
3.221573
3.211540
3.200638
3.186178
3.173506
3.167728
3.165693
3.169022
3.173401
3.181061
3.194843
3.211004
3.226528
3.236876
3.245037
3.253002
3.255898
3.254595
3.244894
3.231369
3.219814
3.205505
3.192593
3.176571
3.160944
3.149920
3.139803
3.133045
3.125799
3.120089
3.120113
3.122080
3.126850
3.129519
3.133490
3.139524
3.142136
3.143982
3.139315
3.133183
3.128359
3.121979
3.114914
3.098541
3.078720
3.061996
3.047577
3.038256
3.031301
3.032051
3.045582
3.067532
3.095606
3.124304
3.151711
3.176611
3.191950
3.196642
3.187162
3.168449
3.148300
3.132198
3.124950
3.119324
3.119183
3.127832
3.138296
3.150331
3.158466
3.163322
3.169882
3.176289
3.183529
3.188742
3.194771
3.204908
3.214607
3.225883
3.232843
3.236893
3.242521
3.248833
3.257938
3.268227
3.282421
3.303818
3.325159
3.347338
3.361336
3.371460
3.379513
3.382795
3.382603
3.378685
3.373753
3.372490
3.368254
3.364170
3.357082
3.349026
3.341646
3.331676
3.321461
3.308567
3.297243
3.292236
3.289583
3.289164
3.286797
3.285583
3.292782
3.307426
3.330507
3.355505
3.379955
3.403820
3.418428
3.422970
3.412575
3.391769
3.370014
3.347788
3.331211
3.319469
3.318237
3.328648
3.344311
3.365231
3.385859
3.404472
3.425007
3.439995
3.449432
3.449768
3.444572
3.439772
3.433760
3.429384
3.423834
3.420408
3.422520
3.418200
3.410374
3.395826
3.379633
3.366356
3.352345
3.340826
3.333485
3.331106
3.336395
3.344494
3.355711
3.364365
3.371761
3.376654
3.370970
3.356186
3.333447
3.308218
3.286015
3.267044
3.254183
3.245636
3.244621
3.254442
3.269489
3.288338
3.306513
3.321075
3.332508
3.342602
3.352526
3.347204
3.328840
3.307003
3.282131
3.257069
3.228548
3.202980
3.189571
3.186550
3.194408
3.201992
3.208519
3.217058
3.220970
3.218735
3.207170
3.192154
3.180641
3.172916
3.172150
3.173939
3.178846
3.186827
3.191641
3.192028
3.183704
3.170517
3.157593
3.146475
3.142548
3.139771
3.141558
3.153294
3.167181
3.184023
3.200743
3.217846
3.236475
3.247627
3.253971
3.253635
3.250988
3.247677
3.243807
3.243580
3.244122
3.245802
3.251696
3.258459
3.266737
3.270987
3.272726
3.274529
3.272575
3.271652
3.268574
3.266447
3.267765
3.261356
3.250729
3.234402
3.217165
3.204000
3.189728
3.180019
3.174944
3.175507
3.184280
3.195816
3.210243
3.223534
3.237562
3.252773
3.264713
3.273890
3.276783
3.275364
3.273563
3.266796
3.257179
3.253557
3.249168
3.247040
3.250278
3.260036
3.263481
3.259159
3.249657
3.232906
3.209446
3.176556
3.142881
3.117050
3.100281
3.097645
3.102999
3.115423
3.134624
3.153351
3.169544
3.177208
3.177050
3.173157
3.164244
3.155075
3.145248
3.139870
3.142946
3.145542
3.148754
3.151400
3.156729
3.168003
3.177395
3.188053
3.199375
3.212440
3.230074
3.245014
3.257895
3.263578
3.265358
3.264952
3.253246
3.233929
3.207714
3.179224
3.155228
3.133316
3.117928
3.105038
3.098593
3.102383
3.110909
3.123682
3.134892
3.144447
3.155220
3.159702
3.158636
3.147009
3.128531
3.110304
3.094036
3.081284
3.068508
3.061163
3.063751
3.073971
3.092718
3.109615
3.125862
3.143997
3.159658
3.172026
3.176342
3.176208
3.178062
3.182560
3.190170
3.196480
3.201786
3.209745
3.214176
3.214598
3.206413
3.194252
3.184479
3.174486
3.166571
3.158844
3.154001
3.156307
3.155727
3.154116
3.150352
3.148899
3.150631
3.151089
3.152830
3.154705
3.157444
3.163715
3.167952
3.171890
3.167053
3.156353
3.146257
3.132923
3.119793
3.107119
3.100731
3.103256
3.112040
3.128258
3.145845
3.164089
3.184025
3.201172
3.213804
3.211630
3.197685
3.179274
3.155361
3.131527
3.106647
3.086933
3.075596
3.071363
3.074001
3.073715
3.073347
3.073532
3.070717
3.066662
3.057568
3.048899
3.046295
3.048832
3.057415
3.062893
3.066528
3.070713
3.070026
3.067219
3.060465
3.051641
3.048010
3.048508
3.056211
3.061827
3.066879
3.072685
3.077095
3.082140
3.083282
3.086329
3.096189
3.115656
3.145201
3.181438
3.206123
3.218203
3.216217
3.204176
3.180584
3.152742
3.130693
3.116581
3.115562
3.124840
3.142679
3.167732
3.191336
3.211920
3.225056
3.232088
3.236521
3.238640
3.240562
3.240681
3.239784
3.239677
3.231089
3.216679
3.195650
3.173855
3.156788
3.142893
3.135494
3.133448
3.140282
3.156876
3.177834
3.201448
3.217810
3.228491
3.235958
3.237686
3.233395
3.224098
3.212185
3.204987
3.203415
3.207129
3.205719
3.200254
3.193546
3.182276
3.168058
3.147827
3.125113
3.105822
3.090267
3.081839
3.075504
3.072989
3.075096
3.079266
3.084644
3.085701
3.084106
3.083549
3.079521
3.074535
3.066042
3.057566
3.052614
3.048685
3.046274
3.041460
3.036375
3.034277
3.031616
3.028385
3.023785
3.019566
3.019817
3.019039
3.017969
3.014738
3.012295
3.012678
3.012939
3.014563
3.013851
3.014090
3.019915
3.026922
3.036880
3.045246
3.054146
3.065079
3.072639
3.078609
3.079845
3.078367
3.078724
3.077715
3.077217
3.075802
3.075056
3.077452
3.077887
3.079107
3.077393
3.074596
3.074562
3.075691
3.078026
3.081549
3.087351
3.099001
3.110867
3.123127
3.132904
3.141361
3.149328
3.154051
3.154907
3.150894
3.145901
3.144051
3.142849
3.146286
3.145905
3.144819
3.146835
3.150690
3.156250
3.160946
3.168259
3.182619
3.199251
3.220022
3.239805
3.257698
3.272137
3.277122
3.274315
3.263176
3.247766
3.233042
3.216690
3.202797
3.190315
3.180935
3.176268
3.174017
3.175890
3.177105
3.178574
3.182135
3.185764
3.190071
3.191729
3.192320
3.194775
3.195955
3.196470
3.192654
3.186434
3.181458
3.174751
3.169384
3.162598
3.156940
3.159321
3.173162
3.196604
3.224813
3.254581
3.281864
3.301466
3.313484
3.314989
3.309591
3.303883
3.297560
3.292892
3.287542
3.283045
3.280458
3.274632
3.268520
3.265182
3.262341
3.260281
3.257540
3.255198
3.249941
3.243267
3.237112
3.228874
3.219564
3.202049
3.180309
3.160404
3.142166
3.127584
3.113667
3.103966
3.101276
3.102711
3.106203
3.107355
3.107454
3.108995
3.107040
3.103931
3.093563
3.080917
3.070335
3.061607
3.056759
3.052427
3.049929
3.051882
3.048670
3.043034
3.034248
3.022936
3.014395
3.004894
2.996479
2.990191
2.989555
2.996378
3.006264
3.019941
3.032408
3.043999
3.054762
3.061012
3.064482
3.062279
3.058537
3.057770
3.057051
3.058949
3.061394
3.064751
3.071310
3.074986
3.075439
3.070223
3.061901
3.053530
3.043247
3.033787
3.025892
3.022419
3.024426
3.025110
3.025253
3.023882
3.020622
3.017540
3.012495
3.008604
3.003695
3.002602
3.006977
3.010735
3.017059
3.023136
3.029863
3.039291
3.047256
3.056192
3.063164
3.071533
3.082373
3.092228
3.102591
3.109756
3.115044
3.119965
3.119576
3.114601
3.106445
3.099106
3.096058
3.095119
3.098869
3.106735
3.121622
3.140953
3.160664
3.181244
3.197325
3.209167
3.219568
3.220375
3.214890
3.205957
3.198269
3.194437
3.192205
3.194443
3.197830
3.203033
3.211308
3.219284
3.228436
3.231714
3.228474
3.222385
3.213003
3.203638
3.193577
3.186930
3.187704
3.193882
3.205372
3.220116
3.237343
3.259192
3.277027
3.289911
3.295712
3.296284
3.295095
3.290319
3.285456
3.284491
3.290768
3.303791
3.315613
3.327047
3.335686
3.340931
3.345425
3.345148
3.346766
3.352835
3.367962
3.391804
3.420177
3.448864
3.473227
3.490467
3.499701
3.494785
3.479269
3.457468
3.434782
3.417456
3.403477
3.395771
3.391846
3.394310
3.403589
3.413563
3.423422
3.427761
3.427879
3.425711
3.415939
3.400311
3.381613
3.363297
3.347843
3.333546
3.323864
3.317358
3.313210
3.313055
3.310429
3.303574
3.291351
3.277933
3.264807
3.250568
3.237171
3.227077
3.221567
3.221693
3.223761
3.227634
3.229557
3.230663
3.230267
3.222816
3.209042
3.189611
3.168718
3.152475
3.138157
3.127678
3.121946
3.120749
3.125465
3.132797
3.140419
3.142845
3.139467
3.131508
3.118935
3.102051
3.082424
3.064375
3.049011
3.037720
3.032770
3.030775
3.032419
3.039515
3.045914
3.050713
3.052456
3.051567
3.049042
3.040768
3.030224
3.017818
3.006002
3.000111
2.999439
3.003428
3.010223
3.020325
3.035259
3.051474
3.067909
3.082315
3.094719
3.107166
3.115213
3.119699
3.120514
3.118618
3.115753
3.113039
3.112726
3.113401
3.116693
3.123314
3.127567
3.130150
3.130226
3.127939
3.124603
3.118860
3.112541
3.108269
3.104952
3.105858
3.106243
3.106197
3.104994
3.103706
3.101925
3.098038
3.093521
3.088572
3.084778
3.084789
3.084373
3.084152
3.084614
3.086355
3.089716
3.094116
3.101196
3.108486
3.118034
3.130680
3.142366
3.154102
3.160517
3.162680
3.162426
3.158489
3.154047
3.148037
3.142071
3.137566
3.133289
3.130903
3.127174
3.123617
3.122122
3.118870
3.115625
3.111053
3.107567
3.105822
3.104752
3.103991
3.102409
3.102495
3.105698
3.108635
3.110363
3.108170
3.103437
3.101330
3.101099
3.101757
3.103703
3.107798
3.115404
3.128471
3.141783
3.153145
3.163475
3.171759
3.175325
3.174919
3.170677
3.166075
3.163898
3.163977
3.168299
3.174320
3.182098
3.192289
3.200016
3.203697
3.203697
3.200319
3.194944
3.188091
3.180792
3.174419
3.170717
3.171040
3.172377
3.173317
3.171913
3.168814
3.164703
3.157883
3.150028
3.140766
3.131170
3.122437
3.116686
3.112148
3.106339
3.100121
3.095856
3.092850
3.092457
3.092026
3.091572
3.091753
3.091564
3.090418
3.088266
3.085669
3.082523
3.077717
3.071165
3.062340
3.053131
3.045500
3.037121
3.028307
3.020060
3.012474
3.007402
3.005236
3.005617
3.008659
3.013153
3.019375
3.026821
3.034451
3.037245
3.035543
3.031168
3.023834
3.015862
3.006248
2.997496
2.991693
2.989035
2.990524
2.993696
2.999100
3.005848
3.011236
3.015694
3.016857
3.015146
3.012533
3.009014
3.005865
3.003960
3.004105
3.006737
3.010365
3.014484
3.017996
3.022041
3.026012
3.029497
3.033964
3.036577
3.040676
3.046301
3.052238
3.058155
3.063400
3.066540
3.068851
3.069983
3.070318
3.067822
3.063087
3.059174
3.055017
3.053013
3.050861
3.050724
3.053007
3.057833
3.064926
3.072220
3.079884
3.088654
3.096952
3.104950
3.111015
3.115635
3.120382
3.123192
3.126270
3.127565
3.128525
3.131672
3.135309
3.140579
3.145527
3.152134
3.162586
3.174305
3.187468
3.199955
3.209906
3.218761
3.226315
3.231222
3.233339
3.233219
3.232357
3.231022
3.229904
3.229559
3.230917
3.235014
3.239933
3.245470
3.251440
3.258595
3.267076
3.275593
3.282881
3.288069
3.291996
3.295856
3.298798
3.300926
3.300951
3.299028
3.296234
3.294079
3.293060
3.291878
3.292255
3.293924
3.296984
3.302818
3.307381
3.311447
3.315624
3.319090
3.321022
3.321907
3.320988
3.319653
3.316910
3.313911
3.311445
3.308832
3.307846
3.307047
3.306797
3.307802
3.307327
3.306177
3.303696
3.300894
3.296143
3.290646
3.285200
3.281162
3.277952
3.275219
3.273678
3.270729
3.265865
3.259892
3.253326
3.246651
3.239355
3.230263
3.221439
3.212555
3.204519
3.199200
3.195274
3.191462
3.187370
3.182972
3.179657
3.175631
3.170816
3.165966
3.159826
3.155134
3.150652
3.145855
3.141413
3.137207
3.132898
3.128645
3.124290
3.118607
3.112453
3.106388
3.101345
3.096647
3.091833
3.087147
3.083136
3.080276
3.077866
3.075274
3.071529
3.068398
3.065044
3.061279
3.057606
3.053860
3.050928
3.049316
3.048010
3.047707
3.047773
3.047722
3.047558
3.046947
3.046928
3.048277
3.049383
3.049549
3.049898
3.049980
3.049747
3.050556
3.051655
3.053885
3.056465
3.058994
3.061705
3.064482
3.067427
3.071661
3.075489
3.079094
3.081234
3.084343
3.086807
3.087599
3.087561
3.088718
3.091352
3.094732
3.097771
3.100555
3.103588
3.106318
3.108440
3.111645
3.114796
3.117767
3.120110
3.122822
3.126459
3.131170
3.135025
3.138546
3.142187
3.145542
3.149940
3.154039
3.158104
3.161001
3.163919
3.167355
3.170712
3.174789
3.177254
3.180077
3.183804
3.187464
3.191616
3.196581
3.201122
3.204556
3.207930
3.211298
3.214478
3.216600
3.219576
3.222775
3.225632
3.229082
3.231422
3.233677
3.236506
3.239491
3.242336
3.245983
3.249748
3.252928
3.254749
3.257145
3.260216
3.263165
3.266167
3.269398
3.273949
3.278030
3.281420
3.284357
3.286955
3.289537
3.292234
3.294870
3.298082
3.301657
3.305687
3.309856
3.313900
3.317921
3.321842
3.325615
3.328911
3.331696
3.334362
3.336981
3.338680
3.339836
3.341862
3.344822
3.348278
3.352175
3.355721
3.358450
3.361599
3.366276
3.372166
3.378754
3.384201
3.389931
3.394760
3.399769
3.404867
3.409651
3.414677
3.420166
3.425467
3.429337
3.433311
3.437492
3.441696
3.448030
3.454992
3.461857
3.467987
3.473484
3.478249
3.483198
3.488066
3.493383
3.498901
3.505171
3.511845
3.519066
3.526419
3.532852
3.538282
3.543718
3.549330
3.555840
3.562813
3.570547
3.578960
3.586761
3.594416
3.601479
3.608311
3.615351
3.620892
3.627117
3.632565
3.639822
3.647186
3.654846
3.664236
3.673496
3.682812
3.691967
3.700600
3.708248
3.716009
3.723240
3.731182
3.738895
3.747040
3.754805
3.763023
3.771446
3.779591
3.789377
3.798859
3.809366
3.819773
3.829863
3.840355
3.850477
3.861706
3.872498
3.882797
3.892338
3.901325
3.910721
3.919315
3.927252
3.936020
3.945072
3.955139
3.964827
3.974686
3.985559
3.997112
4.009363
4.020744
4.030712
4.040907
4.050768
4.060509
4.069199
4.076471
4.085930
4.097569
4.110167
4.124168
4.137297
4.150185
4.162334
4.174744
4.185452
4.195196
4.205147
4.214983
4.225142
4.236095
4.246675
4.257242
4.268757
4.280746
4.293039
4.304024
4.315487
4.326782
4.337772
4.348955
4.359005
4.369745
4.380198
4.393978
4.410009
4.424599
4.439022
4.452244
4.467171
4.481859
4.493378
4.504194
4.513693
4.525183
4.537548
4.550076
4.563801
4.579954
4.597254
4.614113
4.627995
4.641850
4.653404
4.663980
4.674484
4.684505
4.696653
4.709610
4.724728
4.741285
4.757797
4.775114
4.791523
4.808187
4.823990
4.837749
4.850319
4.863157
4.876968
4.890217
4.902466
4.916075
4.930080
4.945759
4.960732
4.975254
4.989815
5.004196
5.018982
5.032822
5.045340
5.059635
5.075827
5.093481
5.111622
5.128538
5.145641
5.161530
5.177727
5.193453
5.206772
5.219967
5.233894
5.248272
5.262619
5.275764
5.287678
5.297976
5.309906
5.323116
5.339548
5.357904
5.374956
5.392605
5.409760
5.425102
5.437166
5.446659
5.456310
5.466120
5.476255
5.488232
5.502171
5.519716
5.539158
5.558693
5.579334
5.598064
5.618366
5.640154
5.662964
5.685757
5.706417
5.727560
5.748165
5.765980
5.783205
5.798882
5.815807
5.832798
5.849457
5.864262
5.880322
5.898735
5.919903
5.940948
5.961887
5.981831
6.001360
6.020279
6.037741
6.054169
6.069250
6.085367
6.101807
6.116276
6.131855
6.148003
6.167524
6.190174
6.212864
6.235981
6.258354
6.280895
6.302826
6.321983
6.339891
6.356237
6.372927
6.388748
6.402458
6.417297
6.432835
6.450066
6.468260
6.484739
6.501846
6.518784
6.536320
6.554462
6.571943
6.589169
6.605854
6.623518
6.640482
6.656307
6.672028
6.686234
6.703846
6.724178
6.744499
6.765305
6.785879
6.806789
6.827827
6.845741
6.862040
6.876625
6.892004
6.906105
6.918640
6.932846
6.948149
6.964733
6.982361
6.998333
7.013699
7.027533
7.040279
7.051395
7.060163
7.070763
7.082485
7.096172
7.111744
7.126722
7.141926
7.155956
7.169937
7.181126
7.189104
7.194632
7.199039
7.203327
7.207176
7.209967
7.212009
7.210657
7.208683
7.205563
7.199774
7.193325
7.184929
7.176275
7.166294
7.153900
7.144089
7.135687
7.129896
7.124516
7.118330
7.113741
7.108953
7.101227
7.091970
7.078714
7.066666
7.054611
7.044746
7.036232
7.027813
7.020962
7.014627
7.007740
6.998714
6.985361
6.970785
6.954987
6.941372
6.931259
6.922096
6.913473
6.904631
6.896561
6.887968
6.875313
6.860912
6.843683
6.828846
6.817858
6.809160
6.803434
6.801304
6.803591
6.807196
6.808178
6.805630
6.799450
6.790724
6.780354
6.767620
6.752766
6.736446
6.717720
6.705143
6.696964
6.691959
6.688585
6.685247
6.683361
6.680719
6.680117
6.679920
6.677999
6.676975
6.675140
6.673016
6.669380
6.664856
6.658716
6.649982
6.642994
6.637959
6.640003
6.648472
6.658367
6.665253
6.666662
6.663971
6.656263
6.643190
6.630041
6.619406
6.615629
6.617531
6.624874
6.637547
6.653084
6.671297
6.687199
6.697186
6.701460
6.701473
6.696442
6.693544
6.693569
6.698191
6.706451
6.719454
6.735474
6.751127
6.766815
6.780033
6.788635
6.795988
6.802879
6.810974
6.819525
6.827831
6.839018
6.852331
6.868084
6.884678
6.902113
6.919262
6.931499
6.942284
6.951380
6.961096
6.969662
6.975857
6.983025
6.990620
6.999815
7.008514
7.014673
7.021461
7.028259
7.037363
7.046093
7.052750
7.058695
7.061897
7.067993
7.073362
7.075331
7.075497
7.073490
7.069521
7.063297
7.054504
7.046223
7.037483
7.031464
7.027552
7.023838
7.021990
7.021006
7.021521
7.022123
7.019606
7.016365
7.011280
7.006567
7.001535
6.995584
6.991796
6.990950
6.993349
6.996387
6.995850
6.993532
6.987873
6.979675
6.968153
6.952801
6.937103
6.920795
6.903435
6.887749
6.873989
6.864742
6.857746
6.858452
6.864130
6.871075
6.879883
6.887445
6.894768
6.898706
6.894848
6.885487
6.871527
6.858465
6.846832
6.835018
6.827499
6.822945
6.822720
6.823847
6.821280
6.815197
6.803814
6.788845
6.770950
6.749901
6.729357
6.712051
6.700199
6.693554
6.690741
6.694897
6.702095
6.712864
6.722906
6.728209
6.729288
6.725483
6.718319
6.705532
6.686302
6.665703
6.643946
6.625071
6.609653
6.597807
6.594755
6.598305
6.607265
6.618210
6.626736
6.633110
6.635147
6.635166
6.631256
6.621403
6.611864
6.603230
6.598177
6.596119
6.593821
6.595619
6.600510
6.606506
6.608198
6.604252
6.596909
6.585367
6.572113
6.554861
6.533943
6.513977
6.496433
6.480177
6.472578
6.469891
6.473328
6.478434
6.484320
6.488791
6.487942
6.481762
6.469810
6.451820
6.428860
6.405069
6.390713
6.383640
6.385462
6.392963
6.401518
6.413017
6.421841
6.427540
6.427265
6.418779
6.407185
6.395027
6.390980
6.393129
6.400684
6.416195
6.435394
6.455597
6.473614
6.486023
6.493061
6.492573
6.490177
6.485682
6.476696
6.468315
6.461380
6.460094
6.461594
6.461689
6.463192
6.463638
6.463747
6.462305
6.458183
6.455194
6.453510
6.453449
6.453516
6.451618
6.451637
6.450481
6.455345
6.465540
6.476374
6.488226
6.499012
6.509396
6.517109
6.517796
6.512184
6.500643
6.487480
6.474136
6.461540
6.458481
6.464924
6.481668
6.504406
6.526888
6.549225
6.567303
6.581602
6.589527
6.589355
6.590502
6.593735
6.600180
6.609230
6.618397
6.629559
6.640240
6.649326
6.654266
6.652575
6.647902
6.639797
6.630852
6.621765
6.611450
6.606836
6.606087
6.610554
6.615063
6.617277
6.619961
6.619207
6.617237
6.613163
6.605583
6.603294
6.606104
6.615234
6.627869
6.640942
6.655991
6.669102
6.679499
6.685539
6.684086
6.678400
6.668724
6.661465
6.656574
6.652784
6.654217
6.657394
6.666460
6.675770
6.682404
6.689541
6.695126
6.704201
6.714348
6.722612
6.733150
6.744223
6.757881
6.770813
6.780594
6.789558
6.795799
6.805859
6.816294
6.822233
6.825001
6.824821
6.825235
6.823740
6.815186
6.803154
6.787367
6.772297
6.757795
6.741982
6.722853
6.705465
6.692455
6.688141
6.687975
6.698952
6.716747
6.741426
6.767693
6.790077
6.807974
6.817266
6.817379
6.806250
6.783852
6.759357
6.735741
6.718626
6.709291
6.707113
6.709255
6.717449
6.731977
6.748367
6.758801
6.765526
6.767092
6.768188
6.767881
6.762840
6.756155
6.747561
6.743813
6.742527
6.739597
6.736546
6.732838
6.730782
6.726896
6.717487
6.707813
6.696928
6.687853
6.679632
6.670866
6.663912
6.659983
6.662010
6.665697
6.668076
6.676245
6.686054
6.698341
6.707645
6.712502
6.716166
6.715948
6.713488
6.706360
6.694204
6.683697
6.676067
6.675432
6.680847
6.688564
6.703487
6.722858
6.745438
6.767157
6.782455
6.793804
6.798523
6.799526
6.794334
6.781654
6.767971
6.756233
6.748760
6.744051
6.739079
6.737137
6.737602
6.745386
6.756010
6.765141
6.774721
6.783676
6.790806
6.798735
6.804592
6.809492
6.811304
6.812513
6.811285
6.806183
6.804970
6.808550
6.816822
6.827269
6.836329
6.845293
6.850950
6.855810
6.858179
6.857279
6.857368
6.856968
6.860489
6.867012
6.875360
6.892559
6.913755
6.937401
6.958942
6.975372
6.989058
6.997450
7.002344
7.002583
6.996197
6.986996
6.976906
6.971901
6.970966
6.970827
6.974020
6.978596
6.988295
7.000324
7.009483
7.017818
7.024303
7.033117
7.043135
7.051758
7.063324
7.074947
7.089140
7.102634
7.110748
7.117510
7.121698
7.125433
7.125835
7.121277
7.115776
7.109371
7.104435
7.101200
7.096298
7.092802
7.089840
7.096834
7.109642
7.122459
7.137226
7.151957
7.167101
7.179346
7.183243
7.177166
7.160532
7.134922
7.108185
7.090977
7.081497
7.076235
7.081135
7.094273
7.108438
7.117001
7.115080
7.106594
7.091900
7.071970
7.051750
7.033777
7.028799
7.036194
7.050657
7.069609
7.087975
7.105896
7.119041
7.122757
7.120609
7.112827
7.104317
7.094990
7.085484
7.081213
7.080498
7.084583
7.090073
7.092522
7.099056
7.107880
7.113884
7.121256
7.126448
7.132839
7.137135
7.135044
7.129303
7.118999
7.108822
7.097260
7.087395
7.079987
7.071533
7.066898
7.064690
7.066608
7.069012
7.068300
7.073717
7.082884
7.096973
7.113396
7.128313
7.143782
7.155647
7.164536
7.168907
7.166740
7.167379
7.171881
7.182062
7.196278
7.211613
7.231125
7.251749
7.275013
7.296158
7.311497
7.324169
7.334099
7.348497
7.365648
7.381779
7.397631
7.411993
7.424793
7.434006
7.432745
7.425034
7.410725
7.397985
7.388990
7.380636
7.376377
7.376463
7.382879
7.389320
7.391666
7.391851
7.386707
7.385773
7.388714
7.392990
7.400555
7.410238
7.423574
7.436008
7.441195
7.439402
7.430525
7.419250
7.404903
7.388180
7.376795
7.371778
7.369865
7.373915
7.381428
7.393492
7.405281
7.417889
7.428720
7.433928
7.438242
7.439005
7.439125
7.436291
7.427252
7.415915
7.401600
7.388468
7.372887
7.354128
7.338030
7.323282
7.313042
7.307064
7.300678
7.298803
7.298708
7.303940
7.310694
7.315174
7.320957
7.324945
7.324820
7.323973
7.319206
7.314455
7.310087
7.314266
7.323910
7.332500
7.342842
7.353401
7.367172
7.378397
7.384041
7.387163
7.384813
7.381340
7.376425
7.368935
7.362146
7.356520
7.353844
7.353298
7.350214
7.346037
7.339157
7.333071
7.325077
7.313965
7.303448
7.292599
7.285080
7.279163
7.271948
7.265793
7.258684
7.253160
7.244339
7.228720
7.214645
7.202484
7.191942
7.181494
7.169254
7.160366
7.151270
7.143232
7.134104
7.121458
7.109747
7.098608
7.091610
7.085754
7.078259
7.071011
7.061541
7.052391
7.041969
7.026365
7.011946
6.996449
6.982624
6.969494
6.955519
6.946915
6.941601
6.942081
6.944818
6.945137
6.945248
6.942406
6.937735
6.928360
6.912380
6.889698
6.861198
6.840759
6.829893
6.825245
6.827600
6.832893
6.844440
6.857857
6.867800
6.872501
6.868137
6.857128
6.839928
6.815203
6.789568
6.765041
6.746975
6.734726
6.724052
6.716270
6.708279
6.703310
6.698181
6.689251
6.681566
6.673462
6.667171
6.660879
6.650749
6.639397
6.626183
6.613316
6.598980
6.581760
6.567734
6.555490
6.548231
6.544781
6.541117
6.545967
6.557501
6.574308
6.591469
6.604616
6.617161
6.626680
6.634653
6.637936
6.633131
6.624605
6.611778
6.597260
6.580574
6.562376
6.553150
6.551151
6.558531
6.570847
6.581869
6.595566
6.608831
6.620285
6.627140
6.626163
6.623857
6.620110
6.620468
6.623621
6.626392
6.633741
6.643618
6.655960
6.666496
6.671846
6.673500
6.671169
6.669186
6.666624
6.662109
6.666389
6.678274
6.698761
6.722782
6.744030
6.765766
6.783630
6.797707
6.804188
6.798630
6.787777
6.772432
6.757824
6.742622
6.723701
6.707718
6.691463
6.677822
6.665556
6.650925
6.636951
6.625221
6.618061
6.613485
6.607552
6.609068
6.613995
6.621599
6.627163
6.626299
6.618134
6.601543
6.577213
6.547907
6.514055
6.481243
6.452919
6.438704
6.438295
6.446968
6.463501
6.482761
6.503380
6.519646
6.526052
6.524286
6.513536
6.498684
6.477936
6.452290
6.428453
6.405478
6.388687
6.376129
6.365540
6.359764
6.356899
6.357483
6.360178
6.360388
6.360683
6.358232
6.355091
6.348495
6.336334
6.323650
6.309631
6.301987
6.298203
6.294674
6.295271
6.297808
6.303675
6.310732
6.313383
6.315496
6.315163
6.315590
6.315331
6.311935
6.311693
6.311634
6.314342
6.317764
6.318748
6.324211
6.331837
6.341190
6.349669
6.353455
6.356544
6.354475
6.348694
6.336235
6.315907
6.298056
6.282578
6.272537
6.266832
6.263323
6.263329
6.262878
6.256721
6.244019
6.222942
6.197151
6.167637
6.134113
6.104939
6.081135
6.067593
6.062471
6.060501
6.061401
6.061771
6.068727
6.078270
6.089193
6.098225
6.103003
6.105457
6.103676
6.098869
6.087244
6.065695
6.040981
6.012487
5.988811
5.971624
5.958992
5.958426
5.965984
5.979610
5.994532
6.004000
6.009441
6.007778
5.999619
5.979668
5.947411
5.910368
5.872032
5.844547
5.827286
5.817778
5.819666
5.828783
5.844025
5.860193
5.871162
5.876379
5.875532
5.873547
5.869158
5.861874
5.861519
5.866440
5.876913
5.889109
5.899784
5.910282
5.915894
5.916702
5.911436
5.898027
5.884079
5.870588
5.862371
5.856461
5.851288
5.851431
5.853548
5.859436
5.867136
5.873585
5.884550
5.899494
5.918665
5.937275
5.952663
5.966444
5.974777
5.980240
5.981739
5.977461
5.973082
5.970419
5.975216
5.985491
5.998863
6.018929
6.043224
6.070749
6.097563
6.118374
6.137293
6.154350
6.171618
6.186392
6.196308
6.207645
6.219189
6.235161
6.252560
6.269325
6.286133
6.300631
6.315298
6.326668
6.330481
6.335426
6.339680
6.345758
6.351276
6.352898
6.355989
6.359331
6.363823
6.365601
6.363388
6.360300
6.356892
6.356449
6.357475
6.358547
6.367846
6.381771
6.400278
6.418167
6.432365
6.444775
6.450211
6.451628
6.447506
6.435663
6.427658
6.423052
6.425369
6.432657
6.440922
6.454376
6.469347
6.484829
6.496262
6.500336
6.499191
6.492752
6.487703
6.481300
6.470200
6.459007
6.447304
6.436661
6.424562
6.407764
6.395683
6.385433
6.380535
6.377707
6.371843
6.365402
6.356470
6.346973
6.335888
6.319447
6.301456
6.282562
6.267921
6.256454
6.244781
6.236332
6.227249
6.215191
6.205162
6.196909
6.191513
6.188423
6.194334
6.206596
6.221048
6.236378
6.250275
6.260355
6.270443
6.278702
6.287365
6.292480
6.297293
6.299894
6.297401
6.292055
6.283779
6.275291
6.266253
6.253263
6.239691
6.225931
6.211094
6.205141
6.206438
6.210819
6.218912
6.226860
6.236343
6.244473
6.251347
6.253290
6.253996
6.253639
6.249865
6.252317
6.259190
6.271149
6.285442
6.296732
6.305315
6.308880
6.308464
6.302584
6.290741
6.278343
6.266268
6.259064
6.257637
6.259140
6.261015
6.271284
6.292004
6.316908
6.338974
6.359184
6.374914
6.388306
6.396576
6.399158
6.396088
6.385229
6.372879
6.359388
6.342375
6.325626
6.310389
6.301304
6.294281
6.286888
6.280794
6.273129
6.262676
6.247894
6.229465
6.214439
6.202305
6.195038
6.191498
6.190393
6.195318
6.201887
6.210220
6.214113
6.209549
6.199646
6.182718
6.163130
6.141947
6.119789
6.106337
6.101269
6.106598
6.117840
6.131035
6.145138
6.157324
6.168846
6.178566
6.183443
6.181168
6.177631
6.177814
6.181051
6.184675
6.189743
6.194418
6.204226
6.214973
6.220209
6.222961
6.221680
6.214741
6.204678
6.190575
6.175711
6.160744
6.149122
6.140690
6.134203
6.136572
6.145405
6.160622
6.177198
6.189146
6.199776
6.206413
6.210869
6.210470
6.204990
6.197983
6.189358
6.182430
6.177099
6.172016
6.170721
6.171864
6.177340
6.185688
6.193254
6.201138
6.208488
6.217728
6.228321
6.237747
6.247961
6.256870
6.266661
6.274767
6.278961
6.280552
6.279682
6.277527
6.273300
6.264685
6.259184
6.257450
6.261606
6.268703
6.275986
6.283567
6.289299
6.293381
6.294064
6.289007
6.276693
6.261656
6.244919
6.233196
6.226768
6.231081
6.244923
6.267252
6.294300
6.321339
6.348465
6.370590
6.386564
6.394726
6.393764
6.387703
6.378290
6.370987
6.366192
6.362474
6.365206
6.374271
6.389170
6.404612
6.416813
6.427372
6.434418
6.438114
6.438507
6.434437
6.433338
6.435671
6.442490
6.450470
6.458488
6.467510
6.474657
6.481302
6.485577
6.485706
6.486462
6.487560
6.491117
6.494028
6.494169
6.492672
6.487940
6.479172
6.464205
6.442345
6.421633
6.401714
6.386154
6.374739
6.365028
6.360058
6.357803
6.353413
6.347977
6.340317
6.333206
6.325521
6.321453
6.321468
6.322081
6.326775
6.331751
6.338480
6.344589
6.345053
6.341473
6.331587
6.317751
6.300316
6.279919
6.265224
6.257008
6.256239
6.260569
6.267958
6.278080
6.288254
6.297874
6.305563
6.309317
6.312004
6.313061
6.319323
6.328669
6.337719
6.347942
6.357519
6.367046
6.376104
6.380480
6.380350
6.375278
6.369238
6.361965
6.351990
6.343906
6.335613
6.334362
6.341200
6.350479
6.360933
6.369152
6.377497
6.382017
6.381313
6.377466
6.370543
6.364326
6.357544
6.349056
6.346466
6.348238
6.355097
6.364992
6.375792
6.390219
6.404831
6.420113
6.433594
6.442614
6.450197
6.455433
6.457558
6.456295
6.448807
6.437992
6.424061
6.409769
6.397486
6.385763
6.378654
6.376007
6.380480
6.390333
6.400766
6.411839
6.422493
6.431915
6.438648
6.439663
6.436237
6.428242
6.418951
6.409464
6.399673
6.391109
6.384823
6.386402
6.392315
6.399050
6.403934
6.403954
6.401014
6.394196
6.381216
6.365320
6.346111
6.326595
6.307854
6.290794
6.280901
6.278160
6.283302
6.291988
6.300262
6.307220
6.311007
6.311357
6.308050
6.299982
6.290255
6.279675
6.274342
6.273315
6.273808
6.278112
6.283298
6.290428
6.296623
6.299721
6.300663
6.296930
6.295031
6.295166
6.294003
6.293282
6.293365
6.295870
6.298828
6.300911
6.302662
6.300659
6.293724
6.287439
6.282303
6.284639
6.294230
6.310225
6.329330
6.349115
6.369759
6.389347
6.404179
6.415310
6.422268
6.426611
6.428318
6.433254
6.441196
6.449110
6.459240
6.470488
6.483345
6.494911
6.501646
6.504276
6.502287
6.497038
6.487965
6.475336
6.465189
6.457516
6.455273
6.457701
6.462023
6.468468
6.474695
6.479000
6.479788
6.475294
6.467178
6.456337
6.448006
6.441608
6.435711
6.432621
6.431438
6.431620
6.430553
6.424370
6.414974
6.403221
6.391745
6.380814
6.370705
6.365803
6.365921
6.369980
6.373611
6.375809
6.376324
6.373158
6.368332
6.363180
6.354919
6.345140
6.332796
6.320606
6.307917
6.293974
6.282555
6.272268
6.264801
6.258915
6.253950
6.251108
6.249865
6.250481
6.251755
6.253149
6.255133
6.257677
6.264511
6.273350
6.282104
6.290922
6.297977
6.304287
6.308060
6.308405
6.306019
6.300297
6.294712
6.290089
6.285938
6.285385
6.287918
6.293289
6.300280
6.306423
6.313789
6.321430
6.328773
6.333755
6.335041
6.335094
6.332558
6.330318
6.327553
6.322002
6.318344
6.316486
6.317028
6.319405
6.321957
6.324549
6.326807
6.328957
6.329258
6.328243
6.328701
6.330715
6.338367
6.349621
6.361919
6.375006
6.387543
6.400404
6.412098
6.419535
6.423588
6.423426
6.420965
6.417824
6.412603
6.408287
6.404352
6.403164
6.403410
6.403456
6.406347
6.410799
6.416082
6.420761
6.422688
6.422712
6.419003
6.412123
6.403074
6.393938
6.385698
6.378727
6.375317
6.375456
6.378807
6.383717
6.389446
6.396107
6.399818
6.397421
6.390499
6.379082
6.367249
6.355076
6.342236
6.330843
6.321497
6.314884
6.309792
6.304274
6.298315
6.290895
6.285103
6.279980
6.275543
6.273729
6.273972
6.276783
6.280783
6.284540
6.289137
6.292961
6.295950
6.298018
6.297668
6.299213
6.302023
6.305489
6.307812
6.308184
6.308680
6.307388
6.305826
6.302702
6.296789
6.290110
6.283237
6.276993
6.270294
6.262419
6.256330
6.250706
6.245525
6.240499
6.234484
6.228277
6.222004
6.216496
6.211243
6.205868
6.200731
6.197203
6.194626
6.193419
6.191570
6.188835
6.184124
6.181149
6.178204
6.173901
6.170130
6.166908
6.163773
6.159498
6.153584
6.146202
6.137094
6.127836
6.118612
6.108841
6.100353
6.093708
6.089680
6.087440
6.085724
6.085493
6.085957
6.088017
6.090843
6.092457
6.094009
6.094769
6.095627
6.096689
6.098568
6.101746
6.106119
6.111095
6.115784
6.118879
6.120293
6.120426
6.118452
6.114523
6.110079
6.105902
6.102474
6.100073
6.099527
6.100004
6.102249
6.105923
6.112043
6.119244
6.126806
6.134514
6.141678
6.148607
6.154337
6.157637
6.159389
6.159735
6.158983
6.158737
6.158993
6.159321
6.160072
6.161377
6.163296
6.165157
6.168585
6.171724
6.175411
6.178936
6.181416
6.182644
6.182501
6.182823
6.181871
6.180410
6.179485
6.179176
6.180080
6.182274
6.184956
6.189554
6.195250
6.201115
6.206427
6.212025
6.217659
6.222286
6.227280
6.231440
6.233620
6.235178
6.237240
6.240976
6.245743
6.249361
6.253033
6.256447
6.260376
6.263779
6.266293
6.268955
6.270731
6.272287
6.274830
6.277142
6.279745
6.282331
6.283895
6.284107
6.283590
6.283113
6.282272
6.280754
6.280527
6.280266
6.280960
6.282436
6.284588
6.286251
6.287357
6.289227
6.291010
6.292397
6.293877
6.295197
6.296402
6.297184
6.298180
6.298958
6.299191
6.300282
6.302917
6.306206
6.309355
6.311550
6.313568
6.314316
6.314312
6.314503
6.314453
6.313400
6.312731
6.314554
6.317701
6.320589
6.323757
6.326305
6.328545
6.329794
6.330173
6.330318
6.330074
6.329391
6.329023
6.328419
6.327324
6.326908
6.327600
6.328445
6.329006
6.329418
6.328562
6.328018
6.327766
6.326647
6.326178
6.326122
6.326752
6.327925
6.328690
6.328751
6.327593
6.326977
6.326344
6.325306
6.324884
6.325388
6.325306
6.325302
6.325642
6.325111
6.324833
6.324499
6.324673
6.324039
6.323118
6.321487
6.319050
6.316994
6.315102
6.313663
6.312391
6.310751
6.309582
6.308372
6.306934
6.304853
6.301958
6.299385
6.296501
6.294252
6.291821
6.290026
6.288067
6.286390
6.284407
6.283516
6.282688
6.282167
6.281271
6.280365
6.279058
6.277565
6.275537
6.273439
6.271244
6.269045
6.266907
6.265028
6.262852
6.260984
6.259230
6.257704
6.256565
6.254942
6.252844
6.251858
6.250479
6.248732
6.246500
6.244232
6.241674
6.238922
6.237194
6.235302
6.232491
6.229694
6.227205
6.224506
6.222876
6.221237
6.218979
6.215866
6.212160
6.209585
6.207972
6.204519
6.200731
6.197269
6.194857
6.192400
6.190037
6.186863
6.183157
6.179459
6.175648
6.171701
6.167728
6.163815
6.160000
6.156219
6.152575
6.149595
6.145332
6.140709
6.135860
6.131247
6.127483
6.123287
6.119345
6.115570
6.110779
6.106266
6.101460
6.097754
6.094109
6.090708
6.086544
6.082100
6.077690
6.072483
6.066925
6.061562
6.056065
6.051117
6.046972
6.042416
6.036215
6.029564
6.023262
6.017765
6.011940
6.005676
5.998646
5.992289
5.985252
5.979042
5.971918
5.965405
5.960398
5.955935
5.951237
5.945349
5.939747
5.935946
5.931568
5.925396
5.917233
5.908508
5.899979
5.891243
5.883438
5.876028
5.869968
5.865107
5.858822
5.851688
5.843025
5.832996
5.821804
5.811016
5.801384
5.793079
5.786211
5.778984
5.771717
5.764456
5.755880
5.748644
5.741842
5.735268
5.727806
5.717890
5.707523
5.696812
5.685886
5.674709
5.662895
5.651808
5.642620
5.634968
5.627687
5.619587
5.610836
5.602318
5.593500
5.584564
5.574818
5.565948
5.557632
5.548916
5.538872
5.527269
5.515190
5.503595
5.492716
5.482080
5.471104
5.461046
5.452673
5.443676
5.433958
5.422365
5.409967
5.398144
5.385517
5.373648
5.360989
5.348358
5.336956
5.326336
5.317093
5.307114
5.296238
5.285376
5.273663
5.261612
5.248487
5.234430
5.220778
5.206963
5.194157
5.181145
5.168758
5.157347
5.146812
5.137331
5.126907
5.116632
5.106440
5.094360
5.079584
5.063210
5.046356
5.030487
5.016386
5.003643
4.991051
4.979914
4.970486
4.961136
4.950039
4.936657
4.921516
4.907267
4.892160
4.877060
4.862392
4.848637
4.837517
4.826777
4.816408
4.803972
4.791233
4.779518
4.765972
4.752785
4.738716
4.724651
4.712297
4.700100
4.687286
4.672161
4.655575
4.640463
4.623737
4.607191
4.590485
4.576134
4.563608
4.551685
4.540897
4.528381
4.514584
4.500235
4.485758
4.470881
4.454966
4.438744
4.423042
4.409246
4.397259
4.385334
4.373844
4.362579
4.347898
4.330887
4.314402
4.298086
4.280834
4.262718
4.245146
4.227781
4.213177
4.200359
4.189106
4.178762
4.167101
4.154152
4.142000
4.129059
4.116180
4.102476
4.086670
4.071054
4.055477
4.040892
4.025005
4.007265
3.990147
3.973305
3.956554
3.939022
3.921450
3.905308
3.888723
3.871651
3.856228
3.841324
3.826347
3.810339
3.793259
3.773182
3.752832
3.734020
3.714245
3.693951
3.674156
3.656931
3.641188
3.624603
3.607967
3.591301
3.574978
3.560238
3.545515
3.531282
3.514910
3.499218
3.485088
3.471817
3.459471
3.444403
3.426926
3.409416
3.390457
3.373299
3.354311
3.336845
3.324146
3.314434
3.306770
3.299564
3.292736
3.287058
3.280125
3.271885
3.260195
3.245731
3.230927
3.216066
3.200478
3.185631
3.171967
3.160397
3.147413
3.134121
3.120155
3.107538
3.097637
3.090157
3.089233
3.093489
3.101990
3.116333
3.128569
3.136007
3.142502
3.147011
3.150244
3.147297
3.141788
3.135012
3.133261
3.136511
3.146801
3.172432
3.213284
3.267464
3.327131
3.379627
3.419981
3.443638
3.447599
3.435616
3.411659
3.382374
3.351374
3.323927
3.306183
3.292290
3.283222
3.277445
3.275415
3.278368
3.283752
3.294312
3.305584
3.317902
3.332083
3.343315
3.352308
3.359554
3.367407
3.376007
3.382845
3.388998
3.393080
3.395956
3.399115
3.400455
3.400101
3.393288
3.382647
3.370420
3.355648
3.339167
3.320284
3.303335
3.289072
3.276752
3.265762
3.253323
3.240412
3.228559
3.214350
3.197754
3.174669
3.147764
3.121870
3.095718
3.071861
3.049212
3.031149
3.018379
3.008556
3.002073
2.996119
2.992498
2.992571
2.992315
2.990700
2.982578
2.969158
2.954128
2.938507
2.925835
2.914028
2.907673
2.910763
2.919786
2.935104
2.954082
2.975067
2.998125
3.018351
3.036415
3.046902
3.050844
3.052732
3.056833
3.064764
3.077179
3.087990
3.097702
3.108109
3.122149
3.137636
3.155499
3.173241
3.190266
3.204903
3.214802
3.223743
3.234138
3.244415
3.255428
3.265629
3.277424
3.292294
3.308355
3.325840
3.341246
3.356064
3.369253
3.378242
3.384232
3.382332
3.374071
3.364508
3.351860
3.339760
3.325769
3.313103
3.305807
3.301712
3.299875
3.297539
3.295788
3.294279
3.289875
3.283522
3.272020
3.256872
3.242666
3.225914
3.209238
3.190151
3.170837
3.155281
3.141499
3.129578
3.115185
3.102028
3.092617
3.084810
3.079399
3.073956
3.070251
3.070026
3.072971
3.080254
3.083324
3.083803
3.081451
3.074675
3.064926
3.053686
3.042650
3.029480
3.015528
3.003059
2.990494
2.979853
2.972803
2.967461
2.965500
2.966927
2.973476
2.987122
3.003819
3.021391
3.032589
3.036968
3.036087
3.028313
3.015137
2.998049
2.983171
2.975500
2.973927
2.980459
2.991467
3.006699
3.027552
3.047485
3.064863
3.076868
3.084625
3.088768
3.088806
3.087154
3.084270
3.082119
3.082779
3.084316
3.087822
3.090113
3.090809
3.091171
3.084896
3.073397
3.057775
3.042511
3.031452
3.024708
3.024323
3.028900
3.040152
3.057491
3.078527
3.100634
3.114634
3.121136
3.124317
3.121662
3.114574
3.101788
3.087162
3.078072
3.072977
3.071617
3.071033
3.070812
3.073206
3.074982
3.074968
3.069225
3.059700
3.050224
3.039351
3.029633
3.019279
3.012012
3.008469
3.006075
3.005095
3.001757
2.997915
2.995304
2.990200
2.984552
2.977934
2.972771
2.974373
2.979612
2.988613
2.997999
3.009010
3.021936
3.030968
3.036251
3.033916
3.026615
3.017601
3.004944
2.991177
2.974064
2.957844
2.946781
2.938910
2.933771
2.926888
2.919447
2.913416
2.906078
2.899323
2.892027
2.886221
2.883577
2.881939
2.883101
2.885803
2.891447
2.902054
2.912733
2.923977
2.932169
2.938364
2.944468
2.946819
2.947735
2.941032
2.929386
2.917233
2.910025
2.910915
2.911140
2.911196
2.916729
2.931936
2.952839
2.975746
2.994013
3.009508
3.020964
3.031216
3.039362
3.048670
3.061073
3.074577
3.088295
3.094805
3.094570
3.089069
3.077957
3.065302
3.053684
3.041786
3.034056
3.028858
3.026867
3.026756
3.028681
3.033209
3.041653
3.053242
3.067904
3.069811
3.061893
3.051342
3.042534
3.037846
3.038071
3.042423
3.046026
3.050097
3.047783
3.040257
3.028481
3.009201
2.983616
2.952862
2.922897
2.903574
2.893532
2.896706
2.907608
2.924612
2.944687
2.960051
2.968683
2.967075
2.958447
2.946777
2.933599
2.923281
2.914198
2.909658
2.910381
2.911934
2.915642
2.915775
2.913389
2.911673
2.907478
2.901972
2.897913
2.891264
2.884735
2.875891
2.867233
2.856062
2.845259
2.836657
2.827698
2.818888
2.806919
2.794590
2.784567
2.774796
2.767849
2.761097
2.757092
2.757679
2.761135
2.767542
2.774544
2.782509
2.794540
2.804850
2.811377
2.811924
2.808878
2.805252
2.798840
2.792051
2.784580
2.779036
2.779457
2.781603
2.786283
2.790581
2.795506
2.803450
2.810080
2.820036
2.824030
2.824038
2.826553
2.829370
2.833319
2.835049
2.837437
2.845543
2.854673
2.864458
2.869986
2.873745
2.876970
2.873869
2.867193
2.852764
2.834541
2.819576
2.805225
2.794937
2.786558
2.783340
2.786301
2.793877
2.806921
2.818951
2.832039
2.847179
2.858685
2.868929
2.875273
2.879553
2.885628
2.891674
2.899487
2.900734
2.897175
2.896378
2.896509
2.898130
2.899170
2.902878
2.914049
2.928286
2.948301
2.969587
2.990982
3.012846
3.029751
3.039932
3.040962
3.035095
3.025711
3.013018
3.000660
2.982563
2.963627
2.948454
2.935154
2.927198
2.928049
2.934364
2.947746
2.964575
2.986279
3.009003
3.031525
3.055639
3.074039
3.087351
3.087444
3.079613
3.070499
3.060471
3.053141
3.047678
3.045544
3.050821
3.061445
3.079271
3.093971
3.109358
3.127773
3.145325
3.161873
3.171930
3.175941
3.178379
3.178671
3.180920
3.181519
3.181334
3.184349
3.188644
3.194439
3.195116
3.191223
3.187101
3.180729
3.174694
3.162840
3.148926
3.139601
3.134556
3.135233
3.136158
3.139936
3.150866
3.164227
3.178480
3.189121
3.197252
3.204298
3.207306
3.205816
3.203661
3.197515
3.191998
3.184765
3.178967
3.166647
3.151764
3.139715
3.128620
3.120235
3.114647
3.116093
3.126907
3.144932
3.169186
3.192551
3.213722
3.232430
3.239248
3.234650
3.215902
3.190777
3.164377
3.135777
3.111641
3.089972
3.074686
3.067732
3.063370
3.064106
3.064240
3.064785
3.067944
3.070156
3.073730
3.071133
3.066525
3.063915
3.061953
3.060040
3.056555
3.054941
3.059315
3.066463
3.078030
3.084352
3.088432
3.092381
3.094410
3.096743
3.093798
3.091511
3.093416
3.101233
3.113691
3.127382
3.142582
3.159370
3.171644
3.178263
3.181841
3.170540
3.148582
3.123598
3.102167
3.074490
3.044380
3.020676
3.002190
2.989721
2.978188
2.972519
2.974874
2.982792
2.997986
3.013315
3.027016
3.040602
3.048435
3.051870
3.047314
3.039906
3.033928
3.024424
3.015541
3.001318
2.986784
2.977924
2.970596
2.967501
2.966789
2.972610
2.989792
3.011395
3.036673
3.061571
3.085419
3.106764
3.119862
3.124857
3.117197
3.102985
3.089344
3.076801
3.068483
3.060205
3.055716
3.057476
3.060406
3.063858
3.064346
3.064890
3.069803
3.070366
3.070107
3.066090
3.061409
3.061405
3.064392
3.071079
3.079365
3.091171
3.108036
3.125238
3.142872
3.155563
3.162556
3.169138
3.178223
3.192499
3.211842
3.220177
3.220808
3.221247
3.219723
3.211685
3.202301
3.207312
3.241184
3.320053
3.439653
3.589268
3.752552
3.903622
4.021814
4.094866
4.112921
4.081974
4.007671
3.913012
3.815224
3.729498
3.664291
3.617476
3.590961
3.578939
3.582176
3.606365
3.643177
3.690258
3.741081
3.793282
3.844322
3.887014
3.923641
3.950232
3.970318
3.988264
3.999813
4.007740
4.008133
4.004211
4.001989
3.993908
3.981531
3.964052
3.947079
3.933554
3.920649
3.909210
3.896406
3.884842
3.873928
3.853579
3.824007
3.784431
3.737835
3.688255
3.632488
3.577261
3.522312
3.472847
3.431625
3.393982
3.359951
3.320744
3.277863
3.234898
3.189880
3.145029
3.096729
3.048868
3.007530
2.970432
2.939760
2.911646
2.889357
2.875397
2.863443
2.855141
2.843094
2.831182
2.821341
2.810583
2.803385
2.791079
2.778412
2.771782
2.765360
2.762213
2.758709
2.758495
2.766798
2.779499
2.796793
2.814251
2.832375
2.853485
2.866116
2.872814
2.874365
2.876749
2.885006
2.897686
2.919283
2.948229
2.983532
3.026743
3.071251
3.117073
3.153393
3.180590
3.203682
3.223904
3.245926
3.268147
3.294899
3.332157
3.372763
3.416740
3.455833
3.490355
3.519989
3.540730
3.552418
3.553789
3.547880
3.542648
3.530365
3.517256
3.502277
3.489132
3.482449
3.479918
3.484289
3.492485
3.504574
3.521698
3.530682
3.531872
3.522789
3.506372
3.486988
3.462719
3.436451
3.410133
3.389305
3.377907
3.371828
3.371475
3.369217
3.366348
3.365583
3.360731
3.353638
3.343428
3.332638
3.324965
3.323202
3.317205
3.302536
3.285074
3.268747
3.249910
3.232487
3.206713
3.177467
3.151953
3.129570
3.111877
3.095139
3.082895
3.077679
3.076027
3.078121
3.081541
3.086075
3.093933
3.099045
3.100288
3.102016
3.107826
3.117865
3.120750
3.119305
3.118980
3.113155
3.104774
3.095648
3.094406
3.106108
3.139269
3.200724
3.279659
3.366985
3.449055
3.518917
3.572220
3.597834
3.597963
3.569450
3.523300
3.476021
3.431290
3.397030
3.373989
3.366394
3.375210
3.396305
3.427902
3.460798
3.493883
3.526482
3.553801
3.575741
3.585171
3.585411
3.581825
3.575603
3.570168
3.562218
3.557825
3.561703
3.569735
3.583702
3.599405
3.617756
3.639359
3.658836
3.677111
3.688833
3.695395
3.700146
3.698349
3.693829
3.683144
3.670139
3.657045
3.636192
3.610775
3.581009
3.552784
3.529457
3.509274
3.493940
3.481598
3.472889
3.469654
3.460670
3.447701
3.426516
3.401546
3.377625
3.351006
3.326443
3.303816
3.288357
3.282797
3.283117
3.287254
3.291889
3.295742
3.299894
3.292959
3.277224
3.253420
3.229006
3.207481
3.188841
3.176376
3.169140
3.168941
3.178389
3.193565
3.214188
3.234375
3.253859
3.274006
3.281622
3.278522
3.263824
3.243843
3.226587
3.207245
3.192135
3.181181
3.177753
3.183014
3.191048
3.202715
3.212353
3.221138
3.228951
3.228733
3.221569
3.208851
3.193779
3.182051
3.171257
3.163258
3.160301
3.175352
3.211388
3.260662
3.317644
3.372019
3.417648
3.452545
3.462635
3.446999
3.409088
3.360489
3.315323
3.275862
3.250620
3.243324
3.256252
3.289278
3.333603
3.383850
3.430777
3.471222
3.503674
3.520111
3.523502
3.513729
3.496662
3.480577
3.464951
3.454456
3.446213
3.443695
3.449139
3.458038
3.470926
3.481960
3.489349
3.495214
3.495937
3.493374
3.476833
3.452374
3.427040
3.400173
3.375608
3.352335
3.332836
3.317869
3.304150
3.292969
3.285131
3.280682
3.280602
3.278847
3.277571
3.270943
3.260483
3.248928
3.233990
3.217159
3.198624
3.181925
3.171766
3.163702
3.157654
3.150780
3.146362
3.145348
3.148153
3.155556
3.166885
3.175650
3.174894
3.157825
3.131367
3.101994
3.068493
3.033001
2.992123
2.950001
2.913256
2.882614
2.865971
2.865215
2.882523
2.911507
2.950634
2.996452
3.037251
3.068233
3.081760
3.080574
3.070015
3.049961
3.027975
3.007410
2.994083
2.993002
3.001080
3.017181
3.037729
3.062067
3.092764
3.117979
3.139036
3.153391
3.165283
3.176596
3.183956
3.190853
3.196508
3.205048
3.217407
3.224464
3.227535
3.224098
3.220181
3.217133
3.213852
3.214434
3.215322
3.219719
3.231144
3.245642
3.261301
3.273745
3.284006
3.293388
3.293415
3.286102
3.272923
3.260071
3.252777
3.249554
3.252586
3.265289
3.286581
3.314363
3.338919
3.358883
3.371725
3.378281
3.379824
3.371078
3.354719
3.329781
3.301197
3.272650
3.237606
3.200026
3.160118
3.122051
3.093906
3.101063
3.185061
3.339090
3.545046
3.778477
4.007566
4.203176
4.338505
4.403942
4.398048
4.329853
4.228329
4.120403
4.020576
3.939556
3.876980
3.837925
3.815252
3.808006
3.816072
3.831547
3.853523
3.877993
3.904772
3.934769
3.965433
3.998468
4.030453
4.065487
4.106514
4.143574
4.175690
4.199799
4.215452
4.224701
4.224831
4.218624
4.201212
4.177979
4.153782
4.126129
4.096582
4.063198
4.030216
4.000774
3.973457
3.950397
3.927528
3.905725
3.884851
3.859234
3.828873
3.785763
3.732029
3.675425
3.615446
3.555931
3.496113
3.438927
3.388638
3.347733
3.317011
3.292875
3.271023
3.251617
3.224495
3.190897
3.143799
3.087576
3.029062
2.970335
2.913765
2.857246
2.809057
2.774498
2.754343
2.748270
2.750864
2.760153
2.774841
2.787956
2.796894
2.796135
2.786625
2.772842
2.754107
2.734386
2.712788
2.692242
2.677965
2.663221
2.651138
2.641888
2.637672
2.639048
2.643747
2.652737
2.664906
2.683983
2.710934
2.741659
2.775974
2.809158
2.840897
2.871418
2.895779
2.916842
2.927370
2.931498
2.936672
2.943325
2.954048
2.971848
2.995655
3.026588
3.067293
3.118517
3.177349
3.239384
3.299311
3.348053
3.373957
3.372417
3.353851
3.329578
3.323114
3.344200
3.387774
3.447954
3.515512
3.577198
3.623896
3.643606
3.635834
3.606279
3.563425
3.519455
3.478413
3.445885
3.426636
3.417595
3.420238
3.428036
3.441845
3.462654
3.479675
3.493145
3.503325
3.513365
3.526333
3.539736
3.556366
3.574295
3.592875
3.612789
3.622005
3.620838
3.607454
3.585939
3.560566
3.532288
3.505802
3.486404
3.471125
3.460672
3.449131
3.435343
3.415346
3.391323
3.366161
3.336861
3.307880
3.282795
3.259769
3.240570
3.221191
3.204113
3.187515
3.173347
3.163166
3.152840
3.142303
3.128647
3.113892
3.102434
3.090582
3.077484
3.066170
3.058357
3.044964
3.022909
2.996988
2.968512
2.942999
2.916981
2.895020
2.894821
2.925322
2.988775
3.077047
3.172148
3.260750
3.328524
3.369341
3.380129
3.361145
3.323881
3.276779
3.233021
3.202118
3.183210
3.176472
3.183502
3.198154
3.219151
3.242020
3.266037
3.290340
3.317513
3.347361
3.374632
3.400795
3.427202
3.454620
3.484360
3.511009
3.534288
3.550583
3.563362
3.575039
3.582397
3.588295
3.589975
3.589190
3.590652
3.589195
3.586117
3.582844
3.582506
3.585014
3.585354
3.586697
3.586624
3.585854
3.587074
3.585529
3.582525
3.573612
3.559153
3.541353
3.518448
3.491945
3.465471
3.436663
3.407125
3.373917
3.340321
3.305271
3.271778
3.243725
3.216295
3.189045
3.160686
3.133221
3.109726
3.082817
3.054230
3.023222
2.993572
2.966787
2.941999
2.920549
2.900961
2.885872
2.870438
2.854305
2.841585
2.829838
2.818956
2.810246
2.800385
2.791388
2.782412
2.775074
2.772673
2.773613
2.779053
2.781445
2.782921
2.787224
2.793810
2.803558
2.819521
2.837894
2.861174
2.884438
2.907990
2.925013
2.938213
2.949722
2.957438
2.962917
2.971430
2.986038
3.004333
3.025190
3.051584
3.080620
3.112850
3.146412
3.175413
3.200266
3.218998
3.233730
3.246025
3.253984
3.258579
3.257561
3.253654
3.250933
3.247772
3.246546
3.244038
3.241089
3.240364
3.240654
3.243610
3.247194
3.253529
3.264175
3.275042
3.286552
3.291731
3.293020
3.293245
3.289921
3.284437
3.275177
3.265961
3.261978
3.260374
3.262981
3.266247
3.270699
3.277367
3.280952
3.281471
3.276531
3.267807
3.257864
3.241657
3.221996
3.200630
3.182001
3.165173
3.152819
3.148413
3.148291
3.151562
3.161165
3.167906
3.173151
3.173916
3.171547
3.169661
3.166309
3.163277
3.158701
3.156261
3.158451
3.157681
3.155998
3.152512
3.148851
3.146046
3.140991
3.135437
3.130215
3.126707
3.128824
3.128029
3.126675
3.122713
3.118916
3.115843
3.111990
3.108727
3.106806
3.107550
3.117054
3.132561
3.151707
3.171709
3.191870
3.212162
3.230093
3.247997
3.266897
3.286600
3.308096
3.324301
3.335972
3.344734
3.350597
3.355923
3.359011
3.361681
3.364605
3.370878
3.381859
3.395111
3.410265
3.425760
3.440752
3.452826
3.461239
3.466902
3.469925
3.471563
3.474655
3.476713
3.479891
3.481236
3.482395
3.485601
3.487387
3.487556
3.484138
3.478123
3.473261
3.467939
3.462259
3.451097
3.436872
3.422600
3.407251
3.391281
3.372498
3.354561
3.339727
3.326912
3.316578
3.307093
3.299450
3.292599
3.282719
3.271200
3.255596
3.239418
3.225178
3.210075
3.194189
3.177944
3.163898
3.152931
3.144894
3.138754
3.130512
3.121418
3.115047
3.109867
3.106750
3.103958
3.102325
3.104038
3.106730
3.111115
3.114775
3.119041
3.125114
3.129963
3.132467
3.130360
3.125988
3.121357
3.114960
3.108398
3.101543
3.096476
3.094873
3.095081
3.098154
3.100412
3.103111
3.108614
3.113934
3.120344
3.125038
3.130741
3.139027
3.146687
3.154507
3.160797
3.165648
3.170376
3.174011
3.178284
3.178118
3.176201
3.175966
3.178562
3.183807
3.189413
3.195837
3.204124
3.212082
3.220310
3.226702
3.231333
3.235260
3.235699
3.233757
3.228971
3.221558
3.215731
3.207363
3.197632
3.186008
3.174421
3.165739
3.158619
3.153971
3.150951
3.150383
3.152843
3.155260
3.156849
3.154873
3.150043
3.143272
3.135414
3.126982
3.117590
3.110218
3.105797
3.102913
3.103025
3.104391
3.107740
3.115904
3.124640
3.133955
3.142513
3.149998
3.157887
3.164459
3.169966
3.169872
3.166502
3.161631
3.156012
3.150427
3.142567
3.134192
3.127157
3.121758
3.119205
3.114990
3.110062
3.105587
3.101112
3.095903
3.088732
3.083508
3.081230
3.080999
3.082582
3.083725
3.085289
3.088057
3.089895
3.090996
3.093437
3.098450
3.106668
3.112831
3.117882
3.119949
3.120699
3.123348
3.125849
3.128157
3.127346
3.127369
3.132511
3.142349
3.155338
3.167345
3.178225
3.187450
3.192192
3.192560
3.188381
3.181438
3.176094
3.171871
3.172192
3.173382
3.176369
3.181206
3.185703
3.188904
3.188906
3.186819
3.184023
3.179682
3.173756
3.167830
3.162001
3.157291
3.152597
3.147947
3.143200
3.138666
3.135111
3.130112
3.123789
3.116631
3.110312
3.107126
3.104729
3.103132
3.102379
3.102478
3.103184
3.103851
3.104248
3.104544
3.105118
3.106764
3.110220
3.110062
3.105495
3.099863
3.094923
3.091286
3.087957
3.087141
3.091873
3.103550
3.118767
3.135529
3.150982
3.162556
3.169437
3.169842
3.165070
3.156538
3.146210
3.137857
3.130846
3.127720
3.128273
3.132315
3.139858
3.149685
3.158300
3.159946
3.156870
3.152391
3.146627
3.141014
3.134935
3.128767
3.123692
3.120064
3.117851
3.116533
3.116798
3.120419
3.125505
3.132828
3.138464
3.142241
3.144476
3.143810
3.141224
3.136784
3.132587
3.128765
3.125252
3.121912
3.118475
3.116262
3.114563
3.111259
3.105585
3.097782
3.089157
3.081972
3.076574
3.072252
3.068182
3.065994
3.066099
3.067581
3.071453
3.074570
3.076817
3.078833
3.080187
3.080671
3.080132
3.079147
3.079796
3.080524
3.081905
3.083418
3.086521
3.092163
3.099707
3.108475
3.118765
3.131748
3.145685
3.157795
3.169209
3.178230
3.185923
3.192837
3.198376
3.202446
3.204346
3.204611
3.204279
3.204613
3.205824
3.208065
3.211174
3.216152
3.222580
3.231256
3.241943
3.253061
3.264553
3.274372
3.282974
3.288372
3.290682
3.290903
3.290089
3.288712
3.286667
3.286034
3.287033
3.288977
3.292042
3.296169
3.300312
3.305456
3.309134
3.312572
3.317295
3.321466
3.324619
3.326769
3.329697
3.331070
3.330477
3.329731
3.328371
3.326881
3.325050
3.323326
3.322723
3.323441
3.324480
3.325384
3.324041
3.322113
3.318766
3.314468
3.309517
3.302443
3.295538
3.289364
3.284243
3.279974
3.275635
3.271343
3.266851
3.261938
3.257175
3.252789
3.248238
3.242134
3.235731
3.228580
3.221510
3.215410
3.208628
3.200867
3.193436
3.186604
3.180840
3.176281
3.172436
3.167633
3.162167
3.157047
3.153393
3.149633
3.145203
3.140461
3.136349
3.132275
3.128193
3.123600
3.118670
3.114746
3.111370
3.108072
3.104015
3.100214
3.096184
3.092003
3.087296
3.083271
3.079475
3.076595
3.074522
3.073288
3.071909
3.071453
3.071140
3.071205
3.071688
3.072178
3.071697
3.070986
3.071985
3.072947
3.073519
3.075294
3.076664
3.078487
3.081348
3.084595
3.088268
3.093069
3.098122
3.103006
3.107021
3.109884
3.112574
3.115608
3.118450
3.121168
3.123901
3.126375
3.128975
3.132601
3.135181
3.137224
3.139460
3.141785
3.144680
3.147713
3.151043
3.153938
3.156641
3.158813
3.161028
3.163416
3.165724
3.167980
3.170702
3.173178
3.175840
3.178205
3.180113
3.181896
3.183167
3.184805
3.187429
3.190081
3.191851
3.193645
3.196159
3.198940
3.201412
3.205250
3.208687
3.211483
3.213676
3.216295
3.219048
3.222359
3.225723
3.228516
3.231394
3.234966
3.239100
3.243160
3.246334
3.249115
3.251440
3.253941
3.256559
3.259033
3.261642
3.265017
3.269356
3.273735
3.276306
3.277655
3.279568
3.281361
3.284304
3.287182
3.288868
3.290924
3.295063
3.299246
3.302853
3.306320
3.309649
3.313190
3.316965
3.319267
3.321932
3.324982
3.328735
3.332581
3.335188
3.337572
3.341093
3.344772
3.348221
3.351601
3.356148
3.360775
3.365448
3.371210
3.377522
3.384010
3.389313
3.394157
3.398602
3.402847
3.407322
3.411728
3.416502
3.421440
3.426250
3.431713
3.436493
3.441853
3.447796
3.453949
3.459148
3.463839
3.468235
3.472870
3.478878
3.485748
3.492702
3.499939
3.507090
3.513775
3.520309
3.526787
3.533199
3.539455
3.544842
3.551855
3.559029
3.565819
3.573301
3.581196
3.589174
3.597584
3.605198
3.612556
3.618923
3.624283
3.630188
3.637756
3.645725
3.653488
3.660851
3.668013
3.675785
3.682816
3.690563
3.697475
3.703247
3.708353
3.715954
3.723785
3.732925
3.742947
3.753832
3.765135
3.775232
3.784277
3.792171
3.799543
3.806116
3.813114
3.821440
3.830030
3.840107
3.851494
3.862984
3.873951
3.883818
3.894747
3.905102
3.915613
3.925398
3.933640
3.942776
3.953068
3.962616
3.972229
3.981728
3.991768
4.002268
4.012072
4.021210
4.030006
4.041054
4.052679
4.063625
4.075947
4.089098
4.101025
4.113054
4.124489
4.135477
4.144451
4.153490
4.162951
4.172232
4.182434
4.193409
4.205515
4.217545
4.227947
4.239187
4.250328
4.261955
4.273159
4.284050
4.295780
4.308691
4.321573
4.333775
4.345701
4.357426
4.368736
4.380276
4.392099
4.403639
4.414917
4.426058
4.437340
4.447407
4.456594
4.467342
4.479156
4.491058
4.503307
4.515526
4.529161
4.541405
4.554173
4.567848
4.580456
4.593069
4.604979
4.618580
4.634268
4.649714
4.665930
4.682461
4.700167
4.717354
4.731958
4.744608
4.754688
4.765324
4.776859
4.788160
4.800529
4.814146
4.828825
4.843786
4.857447
4.872543
4.887882
4.903643
4.920395
4.936634
4.953674
4.969988
4.987106
5.003870
5.017920
5.029583
5.040285
5.051456
5.062851
5.072813
5.086060
5.101797
5.120064
5.139431
5.157703
5.175743
5.191772
5.207006
5.221636
5.235100
5.248966
5.262718
5.277409
5.293186
5.309116
5.326948
5.345200
5.364395
5.383533
5.400515
5.417536
5.433945
5.450838
5.465908
5.480362
5.494984
5.508636
5.525501
5.544140
5.562969
5.582277
5.601475
5.620991
5.639526
5.654755
5.670240
5.686388
5.701494
5.715559
5.728827
5.740864
5.751287
5.760311
5.775431
5.795317
5.817711
5.840540
5.863422
5.883526
5.896652
5.903992
5.908834
5.914480
5.923378
5.933804
5.947357
5.963726
5.984734
6.009415
6.033405
6.055700
6.075628
6.094620
6.113472
6.131231
6.149212
6.166307
6.184391
6.202032
6.218044
6.235401
6.252413
6.272032
6.292648
6.315132
6.338161
6.359295
6.380119
6.399704
6.415771
6.430094
6.444267
6.461052
6.478405
6.495335
6.515240
6.538019
6.560850
6.582077
6.600613
6.621077
6.643103
6.664814
6.684433
6.702503
6.724224
6.746532
6.768669
6.790617
6.811705
6.832909
6.852699
6.871672
6.888500
6.903479
6.919258
6.934290
6.950813
6.968636
6.986868
7.004974
7.021748
7.040674
7.060984
7.079239
7.095440
7.109592
7.122211
7.133093
7.140388
7.144897
7.147074
7.151995
7.159023
7.167435
7.177319
7.188566
7.201984
7.215790
7.226326
7.234200
7.238619
7.241333
7.241192
7.238333
7.236877
7.236280
7.237423
7.239496
7.240503
7.240046
7.236864
7.231226
7.222050
7.207989
7.191616
7.173128
7.155003
7.138332
7.122400
7.109440
7.098532
7.092226
7.088295
7.082245
7.074949
7.066181
7.056627
7.044502
7.030573
7.014208
6.995966
6.978512
6.962194
6.946922
6.934181
6.924028
6.916748
6.909035
6.899557
6.888731
6.876148
6.865175
6.855238
6.845045
6.833307
6.818621
6.805746
6.794243
6.781521
6.767139
6.754688
6.746758
6.742517
6.737885
6.733185
6.727343
6.723116
6.718475
6.709030
6.698427
6.687531
6.677778
6.669769
6.661537
6.654045
6.648129
6.645164
6.642954
6.640081
6.637686
6.634594
6.631947
6.628466
6.622204
6.615314
6.607956
6.602909
6.598732
6.593607
6.590330
6.588287
6.588108
6.588285
6.587496
6.587629
6.589180
6.597841
6.610703
6.625174
6.642826
6.660984
6.680378
6.699162
6.713684
6.721895
6.722256
6.716324
6.704443
6.695999
6.694622
6.698410
6.707478
6.719711
6.732643
6.746838
6.761904
6.782253
6.805252
6.825743
6.842621
6.855755
6.867113
6.874813
6.878328
6.881628
6.885633
6.896702
6.911983
6.928516
6.947838
6.968611
6.989775
7.008354
7.021887
7.032547
7.039824
7.048618
7.057281
7.065096
7.073145
7.080462
7.089359
7.097557
7.102949
7.105366
7.105028
7.104385
7.101686
7.097477
7.093273
7.088221
7.084806
7.080132
7.072014
7.066820
7.061796
7.057625
7.050755
7.040216
7.029150
7.016945
7.005669
6.994087
6.980152
6.966492
6.953064
6.945293
6.941799
6.941849
6.944170
6.944942
6.946899
6.947739
6.944439
6.937006
6.924740
6.911053
6.895857
6.877422
6.860767
6.846031
6.834192
6.823242
6.810738
6.799696
6.789057
6.781948
6.776985
6.772629
6.771135
6.771034
6.773964
6.775419
6.773760
6.772413
6.769266
6.766956
6.763523
6.757128
6.752548
6.750080
6.746868
6.743155
6.737719
6.733330
6.727142
6.720486
6.710510
6.696539
6.686575
6.678907
6.671795
6.664009
6.654999
6.644049
6.631697
6.616764
6.607914
6.604862
6.606335
6.610880
6.620693
6.634729
6.648552
6.663544
6.679726
6.697289
6.712555
6.722879
6.725956
6.713287
6.688967
6.656708
6.619793
6.589117
6.569826
6.565855
6.574421
6.590061
6.612904
6.636610
6.657114
6.669670
6.672848
6.670435
6.662617
6.653660
6.643402
6.632252
6.623329
6.615559
6.609144
6.600624
6.587955
6.568861
6.551704
6.538506
6.527729
6.516178
6.507324
6.499176
6.491219
6.481159
6.468466
6.455357
6.443859
6.434423
6.425360
6.415451
6.408289
6.402420
6.400135
6.398186
6.393688
6.388046
6.379303
6.371973
6.364229
6.353703
6.342581
6.332161
6.326736
6.325558
6.325176
6.333366
6.347813
6.367672
6.388432
6.405058
6.418736
6.425652
6.428234
6.425249
6.415043
6.402798
6.389389
6.380215
6.375404
6.372702
6.375843
6.382381
6.393526
6.405663
6.412935
6.415014
6.412830
6.409149
6.402248
6.391275
6.384153
6.381634
6.387569
6.399271
6.411516
6.422291
6.433338
6.445072
6.452904
6.453936
6.449039
6.436823
6.422935
6.412813
6.406336
6.405046
6.407930
6.412792
6.425314
6.444780
6.470575
6.498777
6.529469
6.559982
6.584538
6.601698
6.613110
6.621189
6.622215
6.615427
6.603218
6.585197
6.561436
6.542723
6.531395
6.531239
6.539305
6.556038
6.578556
6.601637
6.625904
6.647694
6.664303
6.672459
6.670437
6.665920
6.658100
6.651199
6.642929
6.633608
6.629875
6.629189
6.631830
6.633951
6.633530
6.632719
6.632141
6.637575
6.646311
6.654215
6.663906
6.673016
6.683493
6.692913
6.694569
6.691799
6.684963
6.680984
6.679279
6.677559
6.678381
6.681763
6.689465
6.697956
6.703831
6.708477
6.709541
6.707623
6.710594
6.717804
6.730091
6.745586
6.765587
6.785709
6.801491
6.812191
6.815195
6.816376
6.815756
6.809490
6.801546
6.791813
6.783209
6.774042
6.760693
6.746094
6.729776
6.713312
6.695272
6.676838
6.662758
6.652691
6.653624
6.663540
6.675686
6.690159
6.702539
6.712820
6.717171
6.712370
6.695578
6.674164
6.655970
6.641392
6.629978
6.625185
6.626282
6.634277
6.644043
6.647812
6.646027
6.638613
6.633463
6.632496
6.634443
6.641943
6.654406
6.672029
6.689003
6.698997
6.702116
6.696365
6.689430
6.680470
6.669754
6.661228
6.655476
6.657076
6.662518
6.666027
6.667393
6.664341
6.661245
6.656956
6.649418
6.641537
6.635277
6.635429
6.639492
6.643452
6.650457
6.657085
6.664303
6.670378
6.672649
6.673321
6.672710
6.672577
6.672754
6.670389
6.668304
6.667114
6.669949
6.677494
6.685699
6.696899
6.708885
6.723309
6.736040
6.743574
6.748640
6.750542
6.752487
6.753422
6.749947
6.747154
6.746246
6.748819
6.753675
6.756119
6.763367
6.774677
6.791073
6.809383
6.825047
6.841141
6.853838
6.864262
6.871334
6.873102
6.876764
6.879711
6.887590
6.897942
6.907570
6.920881
6.934101
6.949364
6.962482
6.966969
6.967743
6.964851
6.956873
6.944876
6.929363
6.921673
6.921251
6.929512
6.941410
6.952957
6.971037
6.992407
7.016533
7.039539
7.056072
7.068594
7.075605
7.077562
7.073650
7.062464
7.046890
7.026901
7.000940
6.981144
6.969116
6.967010
6.970833
6.980703
6.994154
7.007694
7.019651
7.027149
7.031000
7.029018
7.019899
7.015396
7.015514
7.024307
7.037535
7.051256
7.065578
7.075758
7.080881
7.078674
7.066870
7.050835
7.032654
7.022991
7.022448
7.027958
7.040340
7.055996
7.075268
7.093668
7.103815
7.108133
7.105858
7.101406
7.095100
7.084583
7.076271
7.069284
7.068327
7.070156
7.069824
7.068682
7.065441
7.061445
7.055351
7.044706
7.038227
7.036827
7.043270
7.054596
7.066099
7.078308
7.087215
7.095823
7.100117
7.097197
7.090796
7.080927
7.073298
7.067711
7.063559
7.069916
7.084417
7.105938
7.128973
7.148891
7.167309
7.181425
7.191629
7.196638
7.194504
7.195625
7.201134
7.213680
7.228168
7.242441
7.258213
7.271250
7.281923
7.285330
7.279825
7.268286
7.253197
7.242607
7.236347
7.232340
7.233608
7.237579
7.246891
7.255913
7.259975
7.261101
7.257561
7.252331
7.245926
7.237610
7.236343
7.242733
7.257923
7.275578
7.292191
7.308388
7.319519
7.327160
7.328825
7.322359
7.314768
7.307112
7.304127
7.305975
7.310934
7.321354
7.334253
7.350910
7.367685
7.379343
7.391548
7.402811
7.412851
7.419289
7.419712
7.416893
7.408102
7.395531
7.379150
7.358644
7.343239
7.333450
7.332506
7.338783
7.347206
7.359926
7.371643
7.381596
7.388817
7.389994
7.389643
7.387112
7.382505
7.374954
7.373158
7.382549
7.397938
7.411650
7.425060
7.435196
7.442345
7.445288
7.449675
7.455042
7.458372
7.464401
7.473104
7.487543
7.504238
7.518417
7.530870
7.540159
7.548782
7.554998
7.555977
7.561989
7.572025
7.584398
7.595688
7.600960
7.602314
7.595612
7.583977
7.566608
7.542257
7.516682
7.490887
7.470140
7.454197
7.441446
7.438965
7.444530
7.456844
7.469149
7.477726
7.482851
7.482624
7.475203
7.461596
7.439547
7.419151
7.402384
7.391888
7.387062
7.385395
7.389675
7.395489
7.402390
7.406319
7.402435
7.399733
7.396091
7.387615
7.379414
7.371204
7.364187
7.356171
7.347569
7.335381
7.315893
7.299568
7.284557
7.275608
7.270836
7.267342
7.269337
7.272755
7.275812
7.274567
7.266022
7.252270
7.232792
7.216373
7.202972
7.190804
7.182487
7.176174
7.174768
7.173954
7.168842
7.160711
7.148468
7.139065
7.132610
7.124922
7.119614
7.116108
7.115383
7.113949
7.106140
7.094719
7.078133
7.058983
7.037346
7.013433
6.996403
6.987392
6.987617
6.994091
7.000290
7.005041
7.003925
6.998707
6.987383
6.968037
6.946676
6.924181
6.906309
6.893320
6.882141
6.876198
6.872967
6.879791
6.892471
6.906530
6.922863
6.936825
6.950783
6.960567
6.958832
6.947990
6.928617
6.905415
6.877552
6.846741
6.818314
6.794710
6.785374
6.786221
6.791105
6.800299
6.809830
6.819532
6.824173
6.819403
6.804192
6.777126
6.754250
6.736326
6.718092
6.699579
6.685860
6.675835
6.668732
6.656189
6.636799
6.605556
6.565041
6.519543
6.475546
6.444883
6.429827
6.433487
6.453707
6.483068
6.516685
6.545834
6.571976
6.588612
6.590784
6.584412
6.569708
6.553022
6.533142
6.508646
6.479452
6.444851
6.408035
6.374338
6.349026
6.334917
6.329700
6.334135
6.343311
6.352962
6.366205
6.378031
6.388706
6.393723
6.389385
6.380447
6.368160
6.359383
6.355427
6.355999
6.365023
6.381342
6.406082
6.434652
6.460314
6.485382
6.506784
6.531166
6.556622
6.579685
6.601665
6.620621
6.637506
6.649490
6.654055
6.651144
6.640049
6.626614
6.611650
6.597324
6.588131
6.585247
6.597231
6.619858
6.645729
6.672888
6.698162
6.721628
6.742310
6.757130
6.768112
6.774754
6.787056
6.801718
6.813953
6.825388
6.836187
6.848852
6.860836
6.866867
6.865465
6.856672
6.850132
6.846077
6.840805
6.838757
6.839209
6.844282
6.849701
6.849926
6.845999
6.837873
6.829121
6.818954
6.805765
6.798347
6.796246
6.799740
6.803732
6.802975
6.797073
6.784195
6.765623
6.739693
6.707439
6.669342
6.625313
6.593302
6.573318
6.560093
6.554100
6.551479
6.552038
6.549437
6.536209
6.511574
6.476093
6.436502
6.393513
6.350998
6.316425
6.290573
6.278231
6.276066
6.275520
6.277061
6.276230
6.277798
6.277779
6.271667
6.263710
6.251715
6.238476
6.221964
6.197531
6.169502
6.137321
6.107033
6.078987
6.052122
6.036730
6.031723
6.037882
6.049488
6.058937
6.065771
6.066418
6.060482
6.046507
6.033928
6.021790
6.009922
6.004349
6.005222
6.011482
6.023182
6.037752
6.052179
6.060972
6.065422
6.065825
6.060820
6.055910
6.054207
6.058237
6.068727
6.079468
6.097155
6.117689
6.134436
6.147038
6.153002
6.154680
6.150040
6.135944
6.116867
6.094666
6.081352
6.075382
6.075212
6.083193
6.097893
6.118565
6.138416
6.153057
6.162321
6.162663
6.159058
6.150188
6.134941
6.118992
6.104956
6.101772
6.108135
6.117971
6.127794
6.134029
6.138729
6.140154
6.134233
6.123280
6.108734
6.095947
6.086388
6.079618
6.082153
6.093163
6.110497
6.127798
6.139511
6.145639
6.140797
6.129667
6.112659
6.088848
6.065544
6.044716
6.029957
6.018438
6.009857
6.006643
6.006544
6.016676
6.033285
6.049442
6.066219
6.082621
6.098616
6.110489
6.113045
6.109341
6.099579
6.093485
6.091959
6.094040
6.103439
6.117958
6.137953
6.161196
6.180344
6.195345
6.203953
6.213676
6.225380
6.237562
6.251947
6.268442
6.289352
6.311026
6.327938
6.342438
6.352997
6.360870
6.366692
6.367962
6.368572
6.370285
6.376488
6.384380
6.390182
6.395725
6.399586
6.404617
6.410156
6.411150
6.411371
6.410074
6.414196
6.421082
6.427269
6.429178
6.426548
6.426788
6.428070
6.425110
6.421787
6.417694
6.419250
6.424332
6.429813
6.437147
6.443527
6.450842
6.456024
6.456926
6.456432
6.454784
6.454889
6.456867
6.457386
6.462538
6.470644
6.486191
6.505245
6.522808
6.540863
6.556602
6.569859
6.576134
6.573259
6.563837
6.546658
6.527920
6.508961
6.488358
6.465061
6.440971
6.419622
6.401127
6.382030
6.365702
6.352423
6.347296
6.348118
6.351242
6.360153
6.371723
6.386734
6.398598
6.402590
6.401806
6.393604
6.381355
6.363422
6.339668
6.316990
6.297077
6.285517
6.281281
6.281506
6.287636
6.297129
6.306034
6.321220
6.343937
6.367966
6.388145
6.407444
6.424278
6.440638
6.454485
6.462782
6.467970
6.466621
6.456423
6.442499
6.424580
6.407585
6.392788
6.379679
6.371639
6.367489
6.370478
6.377106
6.382000
6.382298
6.385319
6.395548
6.408012
6.418644
6.429314
6.438133
6.444733
6.446093
6.438540
6.424314
6.404995
6.384878
6.364458
6.344227
6.329897
6.320456
6.318680
6.321838
6.326494
6.333454
6.340830
6.349077
6.354944
6.356373
6.359821
6.365414
6.373669
6.381723
6.385151
6.388779
6.389534
6.387241
6.379955
6.364384
6.345232
6.322708
6.301006
6.279638
6.259422
6.244524
6.234070
6.233315
6.240723
6.250973
6.264303
6.276764
6.288166
6.296520
6.296644
6.289318
6.275835
6.262329
6.250113
6.238728
6.230434
6.225643
6.228506
6.233664
6.236717
6.238457
6.236412
6.234295
6.230511
6.225033
6.223755
6.225969
6.228697
6.239208
6.255196
6.273567
6.290873
6.309223
6.324747
6.332512
6.334162
6.329088
6.323917
6.318110
6.307547
6.296085
6.284714
6.277912
6.275150
6.273897
6.274004
6.272617
6.273729
6.274710
6.273281
6.271179
6.267883
6.265602
6.262796
6.263048
6.263533
6.260834
6.259594
6.257734
6.258261
6.258028
6.255432
6.248934
6.242762
6.236353
6.232979
6.230125
6.226175
6.225246
6.226814
6.234299
6.245350
6.260685
6.277048
6.291260
6.305914
6.320114
6.332764
6.339928
6.340607
6.337734
6.330837
6.324909
6.318924
6.312027
6.309071
6.309757
6.314583
6.319921
6.322615
6.325127
6.324268
6.322775
6.320646
6.315350
6.311367
6.308228
6.309345
6.312418
6.315662
6.321701
6.329670
6.341162
6.353302
6.363274
6.373100
6.381605
6.385117
6.382561
6.377922
6.376074
6.375061
6.374565
6.373034
6.370312
6.367941
6.367262
6.370415
6.374302
6.376137
6.378479
6.380625
6.385517
6.391590
6.395615
6.400795
6.406805
6.419191
6.434097
6.447285
6.460655
6.472313
6.483700
6.493820
6.498919
6.498978
6.492956
6.483889
6.470642
6.453125
6.434902
6.416914
6.403080
6.392590
6.383640
6.378578
6.375429
6.377314
6.382103
6.386627
6.391134
6.394344
6.397593
6.398067
6.394346
6.388369
6.380104
6.371254
6.361290
6.351524
6.344177
6.337454
6.332954
6.330164
6.326427
6.322998
6.318184
6.314915
6.311203
6.305977
6.302586
6.298922
6.298096
6.299557
6.301044
6.305660
6.311152
6.319992
6.330204
6.337158
6.344244
6.349628
6.353966
6.356609
6.355980
6.358532
6.364750
6.372721
6.379690
6.383347
6.385826
6.385620
6.384142
6.379795
6.372005
6.364273
6.356682
6.351936
6.348743
6.346092
6.348335
6.353809
6.363567
6.373554
6.381298
6.386848
6.388807
6.390400
6.390398
6.388641
6.387379
6.386873
6.388443
6.390968
6.391869
6.394642
6.397924
6.400803
6.399481
6.393997
6.389809
6.385464
6.383722
6.381166
6.376162
6.374775
6.374599
6.373234
6.370199
6.365450
6.360701
6.356104
6.349657
6.340645
6.329649
6.325901
6.328178
6.334816
6.341156
6.344614
6.347410
6.344555
6.333666
6.311897
6.279247
6.245979
6.216013
6.193821
6.180065
6.173340
6.173908
6.178684
6.183498
6.185276
6.181051
6.173706
6.163944
6.154463
6.145756
6.137173
6.131710
6.129730
6.130280
6.130489
6.128780
6.128117
6.126369
6.129044
6.133902
6.138018
6.141258
6.143770
6.147228
6.150757
6.152004
6.152603
6.151400
6.153111
6.157806
6.163258
6.170956
6.180584
6.194363
6.209795
6.224239
6.239031
6.251308
6.262367
6.273424
6.284647
6.296627
6.309227
6.323582
6.337597
6.350437
6.366196
6.382658
6.399998
6.415426
6.427704
6.438721
6.449310
6.456297
6.460398
6.461592
6.467974
6.479265
6.495256
6.512621
6.529085
6.546188
6.562893
6.578531
6.590319
6.595097
6.594019
6.587801
6.580019
6.569807
6.556850
6.543392
6.530357
6.520594
6.511681
6.501818
6.495804
6.491856
6.489773
6.487900
6.484241
6.479706
6.473238
6.465500
6.454515
6.440008
6.424194
6.406584
6.389854
6.374205
6.358557
6.347660
6.342527
6.341650
6.343767
6.346317
6.348265
6.348759
6.346100
6.338390
6.325523
6.310699
6.292206
6.276693
6.264887
6.253164
6.244064
6.235640
6.228081
6.219788
6.209229
6.198244
6.186922
6.174461
6.165310
6.158897
6.157715
6.159939
6.165958
6.176208
6.186144
6.196426
6.204540
6.211576
6.216370
6.217651
6.216568
6.213764
6.215469
6.221035
6.228151
6.236469
6.245892
6.257793
6.269554
6.278595
6.285465
6.289726
6.292688
6.292639
6.291592
6.290096
6.289139
6.290016
6.292301
6.294453
6.299271
6.306881
6.317051
6.327963
6.337475
6.346886
6.354389
6.360998
6.365309
6.365192
6.363522
6.360779
6.359770
6.359421
6.358402
6.360548
6.364750
6.373238
6.383003
6.391256
6.400835
6.411175
6.421787
6.431704
6.438442
6.444294
6.447973
6.450300
6.450581
6.449116
6.446066
6.442589
6.439926
6.437824
6.435020
6.433872
6.433218
6.432812
6.432755
6.430977
6.430960
6.431351
6.432344
6.432884
6.430819
6.427769
6.422451
6.416674
6.410446
6.402779
6.394638
6.387079
6.380642
6.374758
6.368717
6.364807
6.362061
6.360100
6.356985
6.351938
6.346336
6.339396
6.329508
6.318186
6.306156
6.296461
6.288525
6.281788
6.275974
6.271397
6.269451
6.269226
6.270081
6.272236
6.273357
6.274767
6.276667
6.278751
6.282454
6.287477
6.294605
6.302090
6.309669
6.316120
6.319424
6.319893
6.316080
6.310040
6.301653
6.291737
6.283770
6.277750
6.273651
6.270037
6.267723
6.266306
6.263105
6.257990
6.251089
6.241169
6.230606
6.219986
6.208557
6.196939
6.186810
6.182163
6.181683
6.185413
6.189461
6.193378
6.195946
6.197144
6.197489
6.193909
6.186138
6.175537
6.163555
6.151573
6.139248
6.126730
6.116913
6.110172
6.106121
6.103945
6.101505
6.101084
6.100340
6.100826
6.102430
6.102388
6.101828
6.101162
6.100653
6.099964
6.098228
6.096760
6.096210
6.097446
6.100008
6.102688
6.107111
6.112267
6.117977
6.123772
6.128027
6.132133
6.135361
6.137577
6.139538
6.140991
6.141541
6.142429
6.144070
6.145477
6.144819
6.145866
6.147087
6.148481
6.150249
6.153793
6.158409
6.163532
6.169491
6.175692
6.181404
6.187782
6.195297
6.204731
6.214310
6.222593
6.230473
6.237068
6.243095
6.247467
6.249928
6.253506
6.257286
6.261204
6.265583
6.269501
6.272575
6.276129
6.280201
6.283585
6.286566
6.289650
6.292534
6.294565
6.296062
6.295309
6.294403
6.293953
6.293468
6.293371
6.292358
6.291697
6.290922
6.290266
6.290091
6.290426
6.292048
6.293657
6.296249
6.298887
6.301418
6.303661
6.305500
6.308815
6.312229
6.314430
6.316685
6.318972
6.321342
6.323601
6.324493
6.324051
6.323299
6.323957
6.325104
6.326181
6.327625
6.329689
6.331890
6.333845
6.335133
6.336115
6.335293
6.334284
6.332224
6.328621
6.325369
6.323044
6.322222
6.321957
6.320715
6.319523
6.319693
6.321220
6.323126
6.323690
6.324167
6.324642
6.325573
6.327074
6.327515
6.326866
6.325485
6.324921
6.324923
6.324903
6.325489
6.327106
6.329576
6.332235
6.334377
6.336277
6.338255
6.340633
6.343086
6.344685
6.346432
6.348881
6.351589
6.354513
6.356554
6.357830
6.358822
6.359470
6.359823
6.361570
6.362946
6.365246
6.367884
6.370890
6.373262
6.375397
6.377773
6.379772
6.382063
6.383789
6.384514
6.384903
6.385303
6.385979
6.386078
6.386158
6.385975
6.385548
6.384230
6.383690
6.382366
6.380320
6.378477
6.376526
6.375034
6.372940
6.370293
6.367588
6.364666
6.361065
6.358105
6.355381
6.352016
6.348518
6.344936
6.342440
6.340431
6.338453
6.336105
6.333227
6.331051
6.328831
6.326178
6.323740
6.321222
6.319202
6.317078
6.315125
6.312750
6.310493
6.309196
6.306744
6.303995
6.301880
6.300467
6.298584
6.296797
6.294031
6.291336
6.289219
6.287622
6.285374
6.283001
6.280827
6.278906
6.276283
6.274473
6.272533
6.270561
6.268866
6.267151
6.265394
6.264099
6.262535
6.261236
6.259853
6.257860
6.255865
6.252678
6.249256
6.246243
6.244278
6.241636
6.238495
6.235075
6.232748
6.229820
6.227631
6.224216
6.221216
6.217730
6.214268
6.210775
6.207088
6.203554
6.200737
6.198273
6.195942
6.192892
6.189816
6.187286
6.183842
6.180458
6.175949
6.171923
6.168020
6.163849
6.159443
6.154625
6.150209
6.145481
6.140320
6.135891
6.131397
6.125923
6.120621
6.115427
6.110558
6.105974
6.101639
6.096514
6.090832
6.084579
6.078945
6.073364
6.068176
6.062067
6.055574
6.049337
6.042686
6.036577
6.031866
6.026627
6.021564
6.016514
6.010090
6.003277
5.995924
5.988987
5.983074
5.977436
5.971966
5.966846
5.960716
5.953785
5.945742
5.937044
5.928341
5.919903
5.912313
5.905058
5.898163
5.891113
5.884068
5.877338
5.871014
5.863930
5.855740
5.846119
5.837086
5.828035
5.819084
5.809393
5.800287
5.793282
5.785883
5.778458
5.770592
5.762396
5.754393
5.745922
5.738262
5.729513
5.720194
5.711498
5.702339
5.692898
5.682394
5.671764
5.661631
5.652063
5.642487
5.632870
5.624235
5.616541
5.607574
5.598892
5.590250
5.580326
5.571041
5.560970
5.550287
5.539734
5.529039
5.517523
5.505623
5.494459
5.484266
5.474682
5.466293
5.457010
5.447964
5.438530
5.427612
5.417274
5.406494
5.394958
5.383158
5.372532
5.362663
5.353085
5.345081
5.337128
5.330173
5.323277
5.315504
5.307716
5.298750
5.289354
5.281002
5.272442
5.264011
5.253363
5.241016
5.229431
5.217442
5.204266
5.189011
5.174387
5.162039
5.151396
5.142147
5.132313
5.121452
5.110188
5.098537
5.086769
5.073357
5.058853
5.044056
5.029152
5.015089
5.000658
4.987333
4.975498
4.964067
4.953604
4.942932
4.932165
4.921463
4.910427
4.898399
4.887182
4.875109
4.861927
4.847149
4.832479
4.817144
4.801825
4.787418
4.773760
4.761229
4.747591
4.732883
4.719522
4.705593
4.691269
4.677164
4.663181
4.651194
4.640327
4.630512
4.621468
4.611378
4.601221
4.590590
4.579327
4.566540
4.552391
4.540140
4.526369
4.510336
4.492191
4.474274
4.458374
4.443083
4.428862
4.415241
4.401970
4.390184
4.377960
4.366566
4.354420
4.342260
4.329037
4.312380
4.294262
4.273323
4.252806
4.233801
4.215599
4.197868
4.179317
4.162827
4.148455
4.133730
4.118845
4.102993
4.086397
4.069521
4.052248
4.035770
4.018431
4.000824
3.984394
3.968094
3.952539
3.935347
3.917789
3.901808
3.885708
3.871241
3.855450
3.839344
3.824766
3.808376
3.789846
3.768238
3.745285
3.724392
3.705023
3.686573
3.667759
3.650532
3.635754
3.621063
3.606857
3.590916
3.572868
3.556099
3.538425
3.520107
3.500433
3.481581
3.465767
3.451187
3.437473
3.422512
3.407677
3.394594
3.381508
3.369101
3.355906
3.341978
3.330305
3.318502
3.306458
3.294142
3.282169
3.271486
3.260704
3.250340
3.238239
3.225601
3.213911
3.201843
3.190231
3.177063
3.164936
3.156416
3.148100
3.141039
3.133366
3.126993
3.123865
3.122015
3.120451
3.116417
3.112669
3.110630
3.107929
3.106775
3.104977
3.103687
3.105438
3.109425
3.116343
3.124941
3.135101
3.144390
3.148048
3.147581
3.142691
3.135178
3.126154
3.117121
3.109238
3.102619
3.099344
3.097843
3.096321
3.094688
3.093145
3.093510
3.096901
3.099182
3.101397
3.102514
3.102522
3.103558
3.102381
3.100006
3.096615
3.094017
3.093559
3.093740
3.096920
3.101707
3.106575
3.112318
3.117178
3.120916
3.122442
3.124104
3.127310
3.129871
3.132385
3.133076
3.132156
3.132221
3.130667
3.129406
3.126354
3.124506
3.125515
3.127401
3.132290
3.134941
3.137074
3.139797
3.139296
3.136585
3.127201
3.112236
3.097494
3.081045
3.065853
3.050583
3.038773
3.032902
3.032265
3.036602
3.042881
3.049612
3.057327
3.065071
3.072872
3.077843
3.082115
3.088680
3.095667
3.103559
3.110828
3.118896
3.129320
3.137941
3.144619
3.149488
3.154610
3.160778
3.166996
3.174026
3.178911
3.183764
3.192303
3.202656
3.215132
3.226986
3.237104
3.246096
3.251923
3.255890
3.254547
3.250425
3.247166
3.244015
3.243467
3.242472
3.242996
3.247749
3.253208
3.261950
3.272400
3.285620
3.302750
3.320557
3.337133
3.351379
3.357464
3.356007
3.346451
3.333679
3.320534
3.306549
3.292534
3.278601
3.266602
3.255898
3.246738
3.239471
3.228825
3.215698
3.199562
3.182934
3.167524
3.151724
3.137228
3.123741
3.112309
3.104494
3.097551
3.091549
3.085285
3.078537
3.072994
3.067001
3.061993
3.051571
3.039448
3.029919
3.019876
3.011093
3.003920
2.999439
3.001595
3.008705
3.020447
3.032898
3.045633
3.059391
3.064610
3.062267
3.051653
3.037064
3.022478
3.009697
3.000515
2.995735
2.997646
3.005503
3.015560
3.026236
3.036535
3.047220
3.059065
3.065588
3.066452
3.063429
3.059212
3.057642
3.057316
3.061876
3.068226
3.077808
3.092373
3.108898
3.127934
3.143892
3.155729
3.165438
3.169018
3.167297
3.155579
3.137756
3.119354
3.100201
3.083683
3.067837
3.054869
3.049753
3.050121
3.054169
3.058033
3.060377
3.064495
3.061954
3.055412
3.044004
3.032236
3.027473
3.027132
3.033817
3.045162
3.060562
3.079723
3.093441
3.099976
3.096836
3.085421
3.070498
3.051125
3.032402
3.017002
3.008825
3.010389
3.017702
3.028709
3.040104
3.050838
3.062412
3.066227
3.064650
3.058374
3.049553
3.042479
3.035282
3.030125
3.027721
3.030493
3.041538
3.055639
3.072208
3.082502
3.088089
3.090601
3.087757
3.080471
3.069002
3.055590
3.044178
3.034143
3.027153
3.019344
3.013823
3.012375
3.006382
2.995518
2.980785
2.963198
2.946321
2.930014
2.917988
2.907173
2.900990
2.902842
2.909111
2.918175
2.921808
2.922531
2.922443
2.919842
2.915859
2.913687
2.911520
2.911285
2.910625
2.911240
2.914495
2.918512
2.924282
2.925131
2.921543
2.912703
2.904356
2.897800
2.891327
2.890495
2.894487
2.905518
2.925158
2.944633
2.963566
2.979385
2.992889
3.004910
3.011593
3.018618
3.028841
3.038567
3.050610
3.060930
3.069702
3.072893
3.071909
3.069466
3.056658
3.038189
3.014633
2.992054
2.974207
2.959293
2.950531
2.946342
2.950174
2.963905
2.981768
3.000240
3.015095
3.027050
3.037376
3.041628
3.042643
3.033249
3.017574
3.000355
2.980883
2.962013
2.943506
2.927418
2.916557
2.908754
2.904354
2.900681
2.898199
2.898712
2.893602
2.884678
2.870796
2.854750
2.841654
2.831383
2.827221
2.828789
2.837460
2.853205
2.872276
2.893604
2.909262
2.918995
2.924871
2.921337
2.910885
2.895134
2.875471
2.857922
2.838264
2.817648
2.794800
2.774828
2.760923
2.748432
2.738859
2.730221
2.725002
2.724659
2.725407
2.726889
2.727453
2.727261
2.729492
2.725164
2.715240
2.705908
2.702322
2.706200
2.716047
2.732790
2.751850
2.772055
2.792685
2.810266
2.822859
2.826021
2.823124
2.819229
2.815899
2.817984
2.821629
2.830360
2.845877
2.864052
2.885084
2.901581
2.913849
2.925900
2.936626
2.947313
2.953846
2.960056
2.969032
2.977306
2.986021
2.991476
2.992741
2.991112
2.979424
2.959484
2.932755
2.904469
2.879984
2.858240
2.843561
2.834003
2.832485
2.841702
2.854900
2.872248
2.882484
2.888084
2.889090
2.884144
2.876766
2.866352
2.856428
2.852945
2.854540
2.863199
2.873466
2.885582
2.899937
2.905989
2.906002
2.897381
2.884274
2.871471
2.857803
2.849907
2.845716
2.849964
2.864000
2.879543
2.894508
2.910835
2.923777
2.933064
2.935858
2.931768
2.922134
2.910578
2.902519
2.897488
2.896059
2.900177
2.911728
2.929972
2.953110
2.969376
2.974602
2.974073
2.972757
2.964069
2.951328
2.935436
2.925228
2.927197
2.936657
2.957563
2.986841
3.023670
3.066856
3.101582
3.124201
3.131330
3.128006
3.119511
3.105206
3.092558
3.084007
3.085495
3.098339
3.118383
3.142986
3.161592
3.173311
3.180531
3.180283
3.174938
3.162117
3.149467
3.143253
3.141712
3.148615
3.158827
3.171257
3.188688
3.200329
3.204403
3.198826
3.189516
3.181646
3.174307
3.172033
3.173531
3.179443
3.192606
3.202724
3.207302
3.203764
3.194489
3.183176
3.168428
3.152521
3.141405
3.134317
3.132307
3.133850
3.140146
3.145313
3.151138
3.160322
3.167656
3.176210
3.182220
3.187824
3.196651
3.196617
3.189899
3.174557
3.154356
3.134214
3.111710
3.092274
3.075388
3.063000
3.057991
3.057165
3.059137
3.064018
3.072697
3.076958
3.078999
3.082272
3.088058
3.098185
3.114012
3.122482
3.124069
3.108391
3.080467
3.048042
3.013155
2.977955
2.941359
2.906994
2.884541
2.874586
2.882063
2.904285
2.938766
2.983700
3.026093
3.060535
3.082069
3.092113
3.094738
3.086691
3.074135
3.063061
3.054562
3.050108
3.041302
3.029541
3.010342
2.987020
2.963440
2.937584
2.915667
2.904348
2.906853
2.923546
2.939583
2.952187
2.959604
2.964525
2.967392
2.963799
2.956470
2.946358
2.944252
2.955858
2.972975
2.996180
3.018471
3.039623
3.059830
3.071167
3.073523
3.068903
3.063503
3.064802
3.071642
3.086582
3.103477
3.122620
3.145840
3.162483
3.174686
3.180264
3.180088
3.178955
3.175755
3.174149
3.177507
3.183630
3.193386
3.203676
3.215694
3.231815
3.239830
3.241823
3.239006
3.232508
3.223755
3.215086
3.210602
3.208584
3.210232
3.212004
3.214489
3.219822
3.223209
3.224880
3.217413
3.202686
3.187752
3.172552
3.159939
3.148994
3.143385
3.146666
3.155922
3.171551
3.182747
3.188766
3.192579
3.190731
3.183876
3.171461
3.155630
3.145920
3.139587
3.136616
3.127476
3.113789
3.099625
3.079803
3.056391
3.028748
3.003073
2.988163
2.984364
2.993204
3.009108
3.030819
3.057516
3.083080
3.105026
3.113146
3.111301
3.106768
3.099701
3.094177
3.089983
3.092310
3.106833
3.130472
3.162477
3.198093
3.237055
3.277859
3.307735
3.325871
3.337261
3.345634
3.354374
3.363333
3.375273
3.382401
3.386030
3.388603
3.388226
3.384695
3.373594
3.359116
3.349571
3.343050
3.342106
3.340509
3.341099
3.346674
3.354738
3.362873
3.366230
3.367191
3.369900
3.372177
3.377110
3.376091
3.369564
3.362579
3.354160
3.344273
3.328381
3.311274
3.298470
3.291241
3.288736
3.287451
3.286106
3.288090
3.282740
3.272999
3.257006
3.239494
3.224363
3.209723
3.198317
3.188656
3.184282
3.185575
3.185320
3.185791
3.182848
3.179504
3.178322
3.167576
3.149889
3.128258
3.107841
3.093445
3.081694
3.078983
3.080570
3.089424
3.109791
3.128691
3.144876
3.153000
3.154842
3.154097
3.148132
3.142290
3.138710
3.142204
3.156315
3.175301
3.197918
3.215717
3.227890
3.238880
3.246414
3.252123
3.253271
3.254755
3.261709
3.269796
3.280617
3.289263
3.296749
3.305645
3.309738
3.309555
3.298096
3.279333
3.259136
3.238871
3.222874
3.208542
3.200962
3.204464
3.216274
3.234407
3.259571
3.283424
3.304993
3.312832
3.309788
3.296120
3.275785
3.255377
3.235535
3.223087
3.222921
3.233028
3.253307
3.275824
3.299988
3.316429
3.324184
3.328087
3.329304
3.324301
3.312037
3.297636
3.288799
3.284292
3.285868
3.295582
3.305954
3.315638
3.319990
3.320976
3.307251
3.283016
3.255585
3.225925
3.199272
3.176908
3.162674
3.161346
3.169102
3.187080
3.208143
3.229158
3.250118
3.269499
3.283051
3.291103
3.291042
3.286993
3.277878
3.266726
3.252472
3.238012
3.228424
3.222050
3.221569
3.224701
3.235147
3.256130
3.281361
3.308361
3.329895
3.347380
3.362722
3.369997
3.371922
3.366621
3.357439
3.350267
3.340744
3.331936
3.321510
3.310284
3.301655
3.291018
3.280575
3.267231
3.254450
3.247442
3.241518
3.238632
3.232552
3.225765
3.222019
3.217354
3.212955
3.205109
3.198792
3.198156
3.199900
3.206091
3.213453
3.224325
3.240253
3.253868
3.266506
3.272848
3.279957
3.290749
3.299545
3.309004
3.316603
3.324493
3.335705
3.344210
3.352015
3.355362
3.355572
3.357693
3.356937
3.355396
3.351648
3.350262
3.356106
3.365915
3.380619
3.395586
3.410292
3.427448
3.440172
3.449600
3.450842
3.448973
3.448660
3.444059
3.436701
3.426531
3.418598
3.416924
3.416327
3.419287
3.420544
3.424606
3.433479
3.448923
3.470654
3.483770
3.486862
3.486042
3.477234
3.466343
3.449356
3.429327
3.413376
3.401104
3.392033
3.381748
3.373878
3.371382
3.372742
3.377945
3.377575
3.372108
3.365749
3.356834
3.348225
3.334442
3.317894
3.302879
3.288336
3.276798
3.267841
3.265579
3.271698
3.273718
3.272736
3.267673
3.261616
3.257320
3.248993
3.239019
3.228748
3.222025
3.221420
3.221855
3.222973
3.220015
3.216019
3.214287
3.211132
3.207790
3.202698
3.198984
3.199656
3.201290
3.204979
3.204182
3.201614
3.200184
3.195141
3.186644
3.173800
3.159773
3.148838
3.137913
3.128799
3.120110
3.115473
3.116846
3.120642
3.125839
3.127800
3.130760
3.136835
3.140068
3.143198
3.141983
3.139164
3.139881
3.139366
3.140297
3.133280
3.122349
3.112204
3.100803
3.092976
3.083536
3.077778
3.082561
3.093641
3.115423
3.139822
3.165424
3.191399
3.210047
3.220835
3.220074
3.212023
3.203251
3.193909
3.184910
3.176323
3.170433
3.169594
3.176849
3.192423
3.201015
3.202286
3.202587
3.200886
3.198589
3.192001
3.185846
3.188326
3.196213
3.210712
3.225920
3.241274
3.257393
3.267954
3.275946
3.276772
3.274181
3.273046
3.273466
3.278305
3.283691
3.291399
3.304302
3.315178
3.327082
3.334446
3.337374
3.340330
3.339193
3.336845
3.331167
3.323559
3.318077
3.309977
3.301241
3.283594
3.261345
3.240082
3.216536
3.194817
3.172710
3.156204
3.150620
3.152540
3.162304
3.175587
3.189985
3.206060
3.217070
3.223091
3.220322
3.210352
3.198318
3.183737
3.170383
3.155895
3.145411
3.141899
3.141756
3.146936
3.148811
3.149284
3.153625
3.160175
3.168457
3.173429
3.179655
3.190895
3.202408
3.216208
3.227264
3.236122
3.243488
3.245275
3.240818
3.222467
3.195679
3.166851
3.138519
3.115034
3.096355
3.085106
3.087034
3.099432
3.121971
3.144104
3.163450
3.178474
3.185131
3.183826
3.179142
3.175230
3.172264
3.170279
3.174398
3.182688
3.195763
3.214832
3.233730
3.249903
3.260649
3.268829
3.279383
3.283630
3.284653
3.282927
3.282143
3.285515
3.289297
3.296373
3.300198
3.303232
3.309616
3.313105
3.312948
3.306675
3.298035
3.288897
3.275251
3.261168
3.247448
3.237465
3.232193
3.228329
3.227207
3.223072
3.219296
3.218374
3.214287
3.208488
3.199192
3.189306
3.181622
3.173216
3.166132
3.158268
3.151485
3.149055
3.144617
3.140873
3.134708
3.127146
3.122654
3.119736
3.117886
3.114170
3.111191
3.112240
3.115562
3.123264
3.131306
3.138502
3.148361
3.151472
3.147331
3.134914
3.118538
3.102339
3.084332
3.069447
3.057119
3.049440
3.048208
3.047373
3.047226
3.044357
3.039389
3.037086
3.034527
3.033503
3.031290
3.032646
3.040447
3.047928
3.055075
3.062935
3.063148
3.058157
3.053122
3.052372
3.054966
3.061089
3.072111
3.083857
3.097116
3.107166
3.114492
3.122797
3.122112
3.116693
3.106358
3.095953
3.090456
3.087067
3.089064
3.093422
3.103054
3.118515
3.138046
3.159222
3.171656
3.177603
3.178978
3.173801
3.165539
3.146416
3.120247
3.095230
3.071461
3.053734
3.045256
3.044220
3.052994
3.073341
3.103413
3.129906
3.151644
3.169432
3.179020
3.180458
3.167131
3.143595
3.121746
3.105614
3.100830
3.110430
3.135359
3.172009
3.210358
3.247786
3.277464
3.296879
3.308128
3.304874
3.293379
3.276943
3.262140
3.254787
3.252419
3.259361
3.271587
3.288782
3.310604
3.330685
3.348305
3.359722
3.364071
3.365051
3.359566
3.349342
3.334698
3.318401
3.304956
3.294649
3.290461
3.289129
3.293610
3.302107
3.309490
3.316238
3.315306
3.310080
3.301414
3.287687
3.272091
3.252281
3.233328
3.220213
3.211704
3.208660
3.206844
3.206909
3.210567
3.210720
3.209370
3.201973
3.191048
3.181206
3.171576
3.164276
3.156717
3.152311
3.152571
3.159609
3.164644
3.163132
3.158268
3.153793
3.149044
3.144617
3.139244
3.133657
3.133064
3.138533
3.151358
3.166779
3.182808
3.199289
3.212299
3.220135
3.217020
3.204481
3.189613
3.172157
3.156120
3.138134
3.122070
3.113384
3.108427
3.106647
3.105810
3.107029
3.112312
3.117495
3.124693
3.131544
3.138134
3.147797
3.155468
3.162382
3.163689
3.162895
3.162361
3.161192
3.161224
3.154675
3.144459
3.137413
3.132746
3.130486
3.134991
3.144495
3.159998
3.177893
3.198196
3.221333
3.241486
3.258434
3.267361
3.269798
3.259928
3.240089
3.217331
3.193565
3.170767
3.147562
3.126457
3.111715
3.101616
3.097691
3.094910
3.094589
3.096333
3.091753
3.081310
3.063280
3.040113
3.017258
3.002277
2.995243
2.995779
3.003702
3.019089
3.036789
3.053801
3.062492
3.065327
3.066931
3.065615
3.062725
3.058273
3.054867
3.055801
3.060732
3.069176
3.072330
3.071774
3.071911
3.069592
3.067152
3.063847
3.064814
3.073280
3.086376
3.103542
3.120865
3.138294
3.156851
3.167805
3.173229
3.171505
3.166576
3.162434
3.159203
3.159115
3.162596
3.169060
3.178482
3.183725
3.183548
3.174850
3.162109
3.148716
3.134510
3.123367
3.115311
3.110170
3.110601
3.115456
3.123074
3.130816
3.139563
3.149612
3.155735
3.158657
3.158058
3.154781
3.153475
3.154469
3.157366
3.162224
3.169338
3.179405
3.187407
3.193722
3.194818
3.193838
3.190411
3.183567
3.176655
3.171295
3.169621
3.174232
3.182693
3.194527
3.205500
3.217020
3.230160
3.240366
3.249153
3.250893
3.249260
3.248859
3.248104
3.248594
3.247944
3.248503
3.253725
3.263407
3.276613
3.288633
3.297834
3.306047
3.306198
3.299633
3.284788
3.266754
3.250435
3.236162
3.227219
3.223478
3.226002
3.234673
3.241224
3.246088
3.248217
3.247353
3.246908
3.247034
3.251736
3.262127
3.278463
3.300331
3.322823
3.343040
3.357712
3.366365
3.370872
3.365776
3.355202
3.343447
3.333309
3.330360
3.332273
3.338795
3.345028
3.353485
3.367365
3.385315
3.405783
3.425476
3.444008
3.464014
3.481964
3.496910
3.506119
3.511431
3.515766
3.518923
3.521252
3.521049
3.518656
3.517256
3.515169
3.515396
3.512392
3.506853
3.502445
3.496326
3.488121
3.478512
3.469534
3.463629
3.459469
3.456654
3.451187
3.443214
3.433802
3.421108
3.406927
3.394136
3.383812
3.377079
3.371878
3.363745
3.352545
3.340736
3.330090
3.316074
3.299616
3.281250
3.262581
3.242867
3.224895
3.210640
3.198929
3.191296
3.182774
3.174015
3.168175
3.163498
3.161293
3.162146
3.164007
3.166603
3.167698
3.168877
3.164604
3.157232
3.147095
3.132524
3.116905
3.099720
3.082340
3.068535
3.059568
3.055813
3.052692
3.050306
3.049362
3.047749
3.045902
3.043972
3.039928
3.037399
3.036507
3.038942
3.046459
3.054047
3.062677
3.070833
3.076973
3.079277
3.080456
3.083952
3.090334
3.099649
3.108253
3.117964
3.130177
3.140696
3.148909
3.151596
3.151798
3.152933
3.156330
3.162434
3.169249
3.177979
3.188366
3.196669
3.202564
3.207281
3.206938
3.202763
3.195793
3.189142
3.183121
3.179762
3.179762
3.181440
3.184761
3.188601
3.192366
3.197445
3.199257
3.198162
3.194248
3.190470
3.188988
3.189985
3.194122
3.199997
3.209480
3.222294
3.232700
3.239864
3.242947
3.244249
3.244465
3.243580
3.241827
3.237743
3.234463
3.231930
3.228445
3.223475
3.216465
3.208445
3.200329
3.192421
3.184557
3.176292
3.169250
3.164314
3.157639
3.150070
3.142811
3.136988
3.133350
3.129208
3.127346
3.125614
3.125175
3.127499
3.129385
3.132498
3.137999
3.142309
3.146227
3.149368
3.152290
3.156536
3.162348
3.166964
3.170671
3.173960
3.175373
3.180374
3.192410
3.209791
3.229923
3.250881
3.267391
3.280575
3.287218
3.286648
3.277922
3.265095
3.252981
3.241880
3.233826
3.229675
3.227837
3.229151
3.230402
3.232124
3.233269
3.234415
3.235447
3.235973
3.235147
3.233747
3.233360
3.233509
3.230345
3.226505
3.221827
3.215836
3.209475
3.202068
3.195950
3.193096
3.190979
3.191566
3.191856
3.191835
3.191845
3.190041
3.187969
3.183773
3.178734
3.173649
3.165665
3.156090
3.146870
3.137835
3.127424
3.117790
3.111748
3.108543
3.107672
3.108692
3.108784
3.107159
3.104225
3.101891
3.097631
3.091986
3.087263
3.081715
3.075951
3.070097
3.063782
3.059612
3.055927
3.052206
3.045589
3.037182
3.028414
3.019667
3.011553
3.004627
3.000294
2.999882
3.003311
3.010046
3.019905
3.029158
3.037102
3.043653
3.048534
3.049089
3.046816
3.044380
3.041689
3.038425
3.036594
3.036381
3.038919
3.042593
3.048759
3.057230
3.067644
3.079233
3.089418
3.098946
3.107031
3.113890
3.118576
3.120239
3.121748
3.122303
3.122711
3.124126
3.126865
3.130512
3.134876
3.140549
3.147869
3.155985
3.164415
3.173046
3.180561
3.188583
3.195379
3.201044
3.205956
3.211271
3.215763
3.219490
3.223436
3.229641
3.237421
3.246859
3.256891
3.268032
3.279303
3.290508
3.301773
3.309479
3.311987
3.310900
3.308592
3.305847
3.302120
3.298866
3.297752
3.297396
3.299091
3.301979
3.305405
3.307388
3.308739
3.310555
3.309845
3.309677
3.309399
3.310036
3.310768
3.311853
3.313616
3.315742
3.317913
3.321669
3.324869
3.328339
3.331480
3.334894
3.337559
3.337879
3.336525
3.334888
3.333132
3.331564
3.329752
3.328493
3.329449
3.333445
3.337978
3.343037
3.348629
3.353333
3.356651
3.359137
3.359684
3.358482
3.356903
3.353317
3.350224
3.347126
3.344286
3.341343
3.337526
3.335243
3.333597
3.332516
3.331303
3.330101
3.329039
3.326712
3.324614
3.321987
3.318899
3.314777
3.309517
3.304237
3.298466
3.292686
3.288090
3.283504
3.278313
3.273344
3.268860
3.265293
3.262192
3.259695
3.256023
3.251163
3.245773
3.240557
3.235662
3.230362
3.224796
3.219383
3.213274
3.208082
3.203163
3.198387
3.193333
3.187971
3.183622
3.180082
3.176184
3.172743
3.167915
3.163303
3.158796
3.155672
3.152802
3.149895
3.147480
3.144312
3.140617
3.136841
3.133247
3.129862
3.126593
3.123413
3.120554
3.118601
3.116703
3.115046
3.114475
3.115257
3.116682
3.117830
3.118309
3.118174
3.117704
3.117750
3.117926
3.119648
3.121931
3.125011
3.128586
3.133198
3.137650
3.141533
3.145235
3.149796
3.153660
3.157064
3.160212
3.163826
3.167446
3.171606
3.175419
3.178848
3.182604
3.184818
3.186493
3.186901
3.187601
3.188955
3.189705
3.190758
3.192350
3.194639
3.197691
3.200203
3.201925
3.204884
3.207350
3.209570
3.212158
3.214226
3.216303
3.218082
3.220325
3.222334
3.224104
3.226566
3.228470
3.230494
3.233442
3.235683
3.237555
3.239258
3.241816
3.244217
3.245852
3.247778
3.249889
3.251949
3.253344
3.255270
3.257277
3.260193
3.262949
3.265671
3.269318
3.272858
3.275948
3.278305
3.281038
3.283941
3.285559
3.287186
3.289181
3.291058
3.292877
3.295708
3.298622
3.302050
3.305796
3.309483
3.313248
3.316881
3.320190
3.322954
3.325905
3.329096
3.332237
3.336163
3.338829
3.341360
3.343908
3.347063
3.350584
3.354496
3.358727
3.363123
3.367420
3.371365
3.375435
3.379543
3.382175
3.384529
3.388060
3.392908
3.398117
3.403025
3.406876
3.410992
3.415085
3.419535
3.423538
3.427887
3.431835
3.436268
3.441183
3.445990
3.451063
3.455151
3.460133
3.465574
3.470882
3.476910
3.483343
3.490408
3.497341
3.504000
3.510517
3.517250
3.522388
3.527443
3.533125
3.540194
3.546476
3.552580
3.557758
3.563110
3.569277
3.576357
3.582857
3.589661
3.595612
3.601120
3.606537
3.613348
3.621162
3.629910
3.639181
3.648323
3.657705
3.665459
3.672356
3.680676
3.688278
3.696327
3.703941
3.711128
3.717247
3.724815
3.733938
3.742550
3.749565
3.757015
3.763927
3.772276
3.780205
3.788044
3.796204
3.804276
3.813398
3.823269
3.832962
3.842606
3.851988
3.861620
3.870411
3.880108
3.889038
3.896957
3.906096
3.915567
3.925200
3.935501
3.945055
3.955080
3.964649
3.973103
3.980865
3.989487
3.998554
4.007853
4.016788
4.025764
4.033657
4.040577
4.047169
4.052544
4.060787
4.070862
4.081757
4.093143
4.103212
4.113369
4.122183
4.131252
4.141352
4.150324
4.158100
4.166187
4.175814
4.186449
4.200113
4.214615
4.228458
4.241808
4.252438
4.259636
4.266083
4.272514
4.279984
4.288626
4.297512
4.307838
4.319288
4.333706
4.348804
4.364956
4.381565
4.397268
4.412796
4.426554
4.437687
4.449619
4.461731
4.474535
4.487459
4.500715
4.515589
4.528908
4.542400
4.556160
4.567822
4.578722
4.589842
4.600719
4.610447
4.620304
4.632584
4.646542
4.662201
4.678278
4.693697
4.709757
4.721485
4.727444
4.728621
4.727571
4.727562
4.729864
4.738035
4.752449
4.770384
4.791527
4.813452
4.834839
4.852837
4.867094
4.880741
4.893827
4.908009
4.922890
4.940241
4.959179
4.978340
4.998560
5.017797
5.037014
5.055075
5.070820
5.087128
5.103432
5.119038
5.133118
5.146744
5.160646
5.175283
5.189129
5.204000
5.219257
5.234348
5.249636
5.263578
5.279739
5.298338
5.317310
5.336109
5.354736
5.373077
5.389938
5.406267
5.421143
5.434649
5.448048
5.461514
5.478037
5.496552
5.515591
5.534353
5.553501
5.573301
5.591352
5.606585
5.621017
5.634460
5.648508
5.663206
5.676785
5.690355
5.703535
5.719149
5.735302
5.749535
5.763966
5.779030
5.797131
5.817108
5.835989
5.856159
5.876484
5.897255
5.917044
5.934847
5.950584
5.966515
5.983400
6.001495
6.018801
6.037216
6.056801
6.075279
6.094015
6.112381
6.131748
6.149807
6.169697
6.189901
6.208591
6.227539
6.245323
6.263691
6.282499
6.300053
6.317753
6.335270
6.353104
6.370621
6.386805
6.403030
6.417843
6.430756
6.444534
6.458414
6.476604
6.498453
6.522480
6.546278
6.568218
6.589432
6.607510
6.624481
6.638668
6.649410
6.660120
6.672375
6.686544
6.701923
6.718071
6.736286
6.755562
6.776545
6.797287
6.815876
6.833399
6.849216
6.864674
6.879276
6.890961
6.904434
6.919945
6.937462
6.955528
6.971960
6.989477
7.005566
7.022877
7.038975
7.051807
7.064339
7.076054
7.086353
7.096720
7.105637
7.115730
7.126225
7.138046
7.149364
7.158955
7.170147
7.181702
7.193968
7.206135
7.217297
7.229940
7.242867
7.256880
7.270987
7.284010
7.296265
7.305622
7.313070
7.316181
7.313478
7.307884
7.299738
7.291567
7.282858
7.272987
7.263260
7.254019
7.243368
7.230675
7.217171
7.207436
7.201897
7.200024
7.199173
7.197330
7.195044
7.188179
7.176035
7.155910
7.127226
7.095764
7.065590
7.040752
7.021240
7.008276
7.004240
7.007837
7.016680
7.023508
7.026142
7.023870
7.014652
7.001209
6.983812
6.961018
6.937077
6.913074
6.892546
6.874945
6.858955
6.846188
6.835812
6.830122
6.826435
6.820433
6.816931
6.815170
6.813726
6.811329
6.805862
6.798378
6.785803
6.771622
6.754623
6.733612
6.714754
6.700016
6.690237
6.684340
6.679901
6.677937
6.675331
6.670582
6.663073
6.652138
6.640480
6.627485
6.616297
6.607189
6.599239
6.597929
6.601133
6.609695
6.621319
6.633522
6.648226
6.661552
6.672438
6.679417
6.681015
6.680155
6.678162
6.678150
6.679077
6.679411
6.684597
6.693630
6.707016
6.721258
6.734669
6.746788
6.757553
6.768198
6.777468
6.784056
6.791599
6.799660
6.811335
6.825588
6.840187
6.857470
6.876085
6.896982
6.917124
6.934429
6.951393
6.966438
6.981865
6.995985
7.007616
7.019047
7.029907
7.042576
7.056486
7.070486
7.085842
7.101997
7.118305
7.132721
7.146931
7.160559
7.170259
7.179459
7.187307
7.192127
7.199556
7.210119
7.224251
7.239346
7.252991
7.266037
7.275600
7.281643
7.282570
7.277363
7.268400
7.255608
7.240997
7.225054
7.207300
7.192715
7.181133
7.174406
7.170267
7.167530
7.167553
7.167801
7.166729
7.163189
7.154568
7.144938
7.133770
7.125511
7.120369
7.115250
7.109720
7.103178
7.095709
7.085781
7.070927
7.051178
7.026840
6.999807
6.972458
6.942816
6.920456
6.906607
6.902361
6.905649
6.912189
6.921093
6.927952
6.931581
6.929665
6.920300
6.905661
6.887255
6.869167
6.852226
6.834967
6.819849
6.807476
6.801319
6.798565
6.794937
6.791342
6.785732
6.779726
6.770060
6.753414
6.734610
6.714386
6.698177
6.685362
6.675945
6.672876
6.673477
6.679790
6.688370
6.695454
6.700449
6.700485
6.701525
6.703335
6.705975
6.706343
6.702465
6.697651
6.692123
6.683559
6.671202
6.656725
6.649147
6.647289
6.647921
6.651762
6.657896
6.668568
6.680918
6.688204
6.688395
6.678444
6.666901
6.655228
6.643278
6.634880
6.632153
6.636932
6.645449
6.652809
6.656254
6.651993
6.642189
6.626572
6.605133
6.583221
6.562027
6.547508
6.538433
6.530828
6.530077
6.533043
6.538170
6.542263
6.540249
6.535206
6.526352
6.517086
6.506302
6.492033
6.478619
6.466072
6.457758
6.450825
6.443195
6.438583
6.434883
6.435890
6.439135
6.439941
6.442450
6.445641
6.452387
6.460665
6.467924
6.476707
6.485374
6.495899
6.505461
6.510096
6.511902
6.510422
6.507545
6.502401
6.493229
6.484186
6.475985
6.472692
6.471397
6.468937
6.467302
6.463964
6.465359
6.468884
6.471100
6.475542
6.479202
6.485937
6.491644
6.493431
6.493114
6.490582
6.488535
6.487505
6.485077
6.486912
6.490704
6.499681
6.511009
6.519295
6.524418
6.525900
6.525650
6.523771
6.518572
6.513412
6.510103
6.512278
6.519346
6.527575
6.538258
6.550009
6.563007
6.574049
6.579952
6.585667
6.589746
6.595341
6.601820
6.606236
6.612514
6.619049
6.627346
6.634171
6.637302
6.640806
6.641968
6.643024
6.644321
6.643145
6.641674
6.637850
6.635082
6.630201
6.620626
6.616060
6.614019
6.616926
6.623493
6.628725
6.636341
6.644485
6.653654
6.662327
6.667160
6.671463
6.673489
6.677237
6.681147
6.683926
6.689108
6.695297
6.703728
6.712715
6.718351
6.723030
6.725977
6.725819
6.726387
6.726746
6.730564
6.734726
6.742487
6.752811
6.762484
6.774292
6.786774
6.801125
6.813366
6.822121
6.829681
6.833364
6.837917
6.840973
6.839668
6.837053
6.832869
6.829353
6.826122
6.819496
6.807688
6.796337
6.784468
6.773834
6.762600
6.753632
6.746048
6.741917
6.738640
6.733868
6.735104
6.740395
6.750757
6.760302
6.767765
6.776623
6.782759
6.788633
6.789715
6.784601
6.777748
6.768763
6.762512
6.759632
6.757809
6.759842
6.763771
6.771408
6.780369
6.786152
6.790005
6.791658
6.797264
6.804626
6.808102
6.811863
6.815378
6.821243
6.825008
6.821362
6.813200
6.800274
6.786613
6.771683
6.753838
6.738977
6.727312
6.723230
6.723223
6.722630
6.724857
6.726948
6.730558
6.734119
6.733809
6.733122
6.731121
6.730709
6.729408
6.724720
6.721123
6.717983
6.718161
6.718750
6.717617
6.716751
6.714823
6.718716
6.726631
6.734974
6.745260
6.754391
6.766493
6.777523
6.781982
6.781391
6.776508
6.774137
6.772223
6.769371
6.769203
6.770239
6.776215
6.783161
6.785538
6.784058
6.777321
6.773035
6.770914
6.768044
6.767921
6.770153
6.776699
6.783978
6.788588
6.794388
6.798340
6.804285
6.811123
6.816082
6.822224
6.830599
6.841681
6.851513
6.855585
6.857758
6.856716
6.859152
6.864336
6.868496
6.875431
6.884602
6.896946
6.909874
6.920105
6.930462
6.938198
6.943750
6.946756
6.945499
6.945457
6.948196
6.956167
6.965673
6.975121
6.985380
6.993713
7.001213
7.003735
6.998405
6.991579
6.979797
6.967087
6.953592
6.938448
6.927710
6.920647
6.920677
6.926422
6.933012
6.943672
6.956026
6.969986
6.982403
6.991306
7.000006
7.005707
7.012669
7.019176
7.021458
7.024057
7.025299
7.027569
7.029741
7.029675
7.030275
7.030573
7.034338
7.040079
7.044739
7.053028
7.063257
7.078281
7.095818
7.111816
7.127167
7.140982
7.154907
7.167513
7.174969
7.180706
7.184668
7.184420
7.183569
7.180744
7.184504
7.191591
7.202997
7.215694
7.222979
7.225645
7.219870
7.209431
7.193623
7.174318
7.158455
7.147884
7.146133
7.152546
7.161915
7.170616
7.174665
7.181816
7.188761
7.192116
7.193951
7.193741
7.193613
7.172352
7.104172
6.991320
6.848988
6.704613
6.575346
6.475658
6.423923
6.421333
6.464897
6.537380
6.616098
6.687250
6.740561
6.773846
6.786690
6.776596
6.750298
6.711304
6.670090
6.630404
6.592041
6.558208
6.526062
6.498753
6.471733
6.440153
6.405848
6.369194
6.335649
6.306950
6.282040
6.266247
6.256603
6.256344
6.260212
6.263391
6.272987
6.284771
6.298552
6.311014
6.319616
6.329559
6.341385
6.357113
6.376442
6.396408
6.421957
6.451508
6.488924
6.530954
6.573124
6.617603
6.661251
6.707333
6.753479
6.796650
6.845102
6.897099
6.954670
7.014561
7.071360
7.127048
7.179134
7.228901
7.274906
7.314915
7.353537
7.390606
7.430267
7.471731
7.512960
7.553452
7.591400
7.630066
7.666313
7.695805
7.727329
7.758251
7.789753
7.819592
7.842981
7.858521
7.866146
7.868782
7.866495
7.859575
7.854052
7.850590
7.859554
7.877684
7.899166
7.925270
7.950230
7.973122
7.990133
7.998016
7.997988
7.990320
7.980145
7.967976
7.953762
7.944403
7.937767
7.932978
7.926672
7.914730
7.896603
7.871250
7.843460
7.812422
7.776518
7.740730
7.704948
7.674374
7.647156
7.620298
7.598944
7.581110
7.565121
7.547222
7.523338
7.496349
7.465773
7.434523
7.402288
7.368414
7.341431
7.320707
7.306713
7.295673
7.283289
7.265018
7.237411
7.206221
7.169077
7.125309
7.080744
7.038433
7.006304
6.982807
6.964851
6.960123
6.961620
6.966856
6.968651
6.961344
6.943661
6.914825
6.879131
6.838337
6.794355
6.754292
6.719963
6.702229
6.698343
6.703444
6.712185
6.726154
6.745337
6.762081
6.770435
6.770069
6.760471
6.746078
6.724520
6.695530
6.666836
6.642172
6.623837
6.611387
6.603676
6.604740
6.612158
6.628086
6.649563
6.670370
6.691643
6.710348
6.734121
6.757988
6.775192
6.787632
6.792974
6.793976
6.788969
6.776505
6.761494
6.745703
6.739079
6.741201
6.754711
6.777023
6.802830
6.832418
6.861010
6.889370
6.914635
6.932861
6.946331
6.954508
6.958582
6.963181
6.967384
6.979099
6.996096
7.011894
7.027481
7.040674
7.052195
7.058323
7.055687
7.047062
7.032642
7.023222
7.017830
7.016886
7.017992
7.019382
7.023968
7.027781
7.027145
7.025185
7.019339
7.012543
7.004244
6.992077
6.979786
6.966465
6.956219
6.947289
6.935478
6.931416
6.932327
6.939318
6.948204
6.954128
6.956532
6.952227
6.943846
6.930546
6.911320
6.891565
6.871546
6.859953
6.855347
6.851854
6.849861
6.844723
6.832960
6.812334
6.781796
6.750830
6.720564
6.696054
6.676327
6.659443
6.649414
6.642719
6.638517
6.632078
6.619164
6.602247
6.580872
6.559507
6.539413
6.529850
6.528303
6.530800
6.539227
6.551046
6.561747
6.570986
6.577435
6.580330
6.577671
6.566990
6.552437
6.535149
6.514248
6.495548
6.479950
6.475544
6.478191
6.485584
6.494301
6.504042
6.511383
6.511074
6.507109
6.497776
6.483440
6.474335
6.471287
6.476768
6.489166
6.502638
6.519531
6.534422
6.545610
6.550539
6.547298
6.539202
6.528666
6.519142
6.512497
6.507084
6.513233
6.527548
6.550915
6.577030
6.600321
6.621498
6.636591
6.648003
6.652395
6.646309
6.635662
6.622858
6.610395
6.598070
6.583578
6.572144
6.560986
6.553452
6.547314
6.540028
6.535700
6.530516
6.526936
6.522583
6.514778
6.500711
6.479073
6.458302
6.443726
6.431526
6.427952
6.429955
6.436348
6.442257
6.444427
6.441444
6.426331
6.402395
6.367764
6.323511
6.284468
6.254921
6.241123
6.241032
6.251003
6.269032
6.286251
6.299828
6.303282
6.291481
6.274487
6.255096
6.238710
6.225143
6.213127
6.204405
6.195995
6.187492
6.174454
6.154934
6.137106
6.119177
6.103201
6.086487
6.067322
6.051233
6.035883
6.021528
6.007853
5.992420
5.979313
5.968601
5.962673
5.959606
5.955933
5.957123
5.960396
5.967360
5.973890
5.975580
5.975218
5.970894
5.971455
5.973827
5.971867
5.967026
5.957872
5.950344
5.941448
5.927927
5.914461
5.900131
5.889063
5.881014
5.872784
5.874382
5.883333
5.900309
5.920433
5.937414
5.952883
5.962229
5.966127
5.963531
5.952957
5.940554
5.927889
5.921822
5.922283
5.926685
5.939709
5.957821
5.986034
6.019489
6.049969
6.077724
6.100378
6.119370
6.132275
6.135054
6.132607
6.124493
6.114939
6.104912
6.093006
6.090376
6.095161
6.108391
6.125122
6.140312
6.156555
6.168674
6.178226
6.181953
6.176634
6.167870
6.157730
6.152525
6.151089
6.150139
6.152613
6.156517
6.161861
6.165241
6.162889
6.159096
6.154013
6.152340
6.152220
6.150429
6.150421
6.150616
6.153908
6.157650
6.158646
6.164618
6.174000
6.188086
6.202675
6.214996
6.226938
6.236237
6.243422
6.245710
6.241604
6.239532
6.239956
6.244192
6.249981
6.254692
6.259396
6.260843
6.261169
6.257353
6.248650
6.243999
6.244236
6.250092
6.259710
6.269215
6.281136
6.290894
6.297462
6.299334
6.295240
6.289291
6.282520
6.283848
6.291903
6.302097
6.316450
6.332058
6.348549
6.364136
6.373421
6.378605
6.378124
6.376423
6.372818
6.367914
6.371220
6.381317
6.400414
6.425602
6.449793
6.472694
6.491163
6.505022
6.509764
6.502605
6.488352
6.468880
6.453398
6.443100
6.436428
6.435581
6.438370
6.444973
6.451738
6.453522
6.450115
6.440821
6.430017
6.418655
6.405678
6.397434
6.394424
6.394409
6.393944
6.396164
6.402962
6.410208
6.415222
6.414341
6.405796
6.392609
6.374847
6.359211
6.344910
6.330532
6.321838
6.319080
6.325150
6.338577
6.355545
6.374859
6.392284
6.407490
6.415058
6.412628
6.407116
6.397404
6.388416
6.378633
6.365797
6.354721
6.343660
6.338118
6.334156
6.327810
6.321510
6.314568
6.309368
6.302671
6.290758
6.278593
6.266270
6.258669
6.254339
6.251307
6.250786
6.252764
6.258675
6.263653
6.264965
6.269077
6.274376
6.282455
6.289043
6.292822
6.295710
6.296579
6.295670
6.290636
6.281042
6.274094
6.269787
6.271666
6.279545
6.291290
6.309456
6.330906
6.348915
6.364857
6.375908
6.383629
6.386259
6.390217
6.395006
6.397190
6.398792
6.399765
6.401224
6.399900
6.390837
6.377514
6.360317
6.343241
6.326788
6.311092
6.302067
6.300451
6.309576
6.325150
6.342377
6.360485
6.375072
6.387077
6.393967
6.392538
6.386597
6.376999
6.367111
6.355131
6.341187
6.330093
6.320309
6.311724
6.304110
6.294115
6.285885
6.276794
6.271301
6.267754
6.264503
6.266285
6.269592
6.275013
6.279957
6.282528
6.284706
6.284410
6.285343
6.285480
6.281971
6.278175
6.272949
6.268923
6.262634
6.253307
6.240587
6.223814
6.213209
6.207432
6.202803
6.202145
6.204565
6.211037
6.219967
6.225147
6.227730
6.225336
6.221508
6.215843
6.207998
6.202591
6.199495
6.202133
6.209724
6.217606
6.226887
6.235222
6.244738
6.253216
6.256756
6.259918
6.261272
6.264484
6.269026
6.272751
6.279503
6.287350
6.299421
6.313423
6.326252
6.339006
6.349812
6.360336
6.369026
6.373375
6.376038
6.375504
6.375303
6.374592
6.369438
6.363504
6.356979
6.356865
6.362843
6.370428
6.382050
6.394737
6.408014
6.416399
6.415033
6.407497
6.393251
6.377270
6.359873
6.342871
6.336596
6.340282
6.354435
6.374870
6.397102
6.419327
6.437370
6.451084
6.458567
6.458622
6.457510
6.454742
6.452145
6.450245
6.447426
6.441341
6.431351
6.419193
6.404671
6.386494
6.365492
6.344444
6.333195
6.330721
6.333445
6.344856
6.361267
6.382246
6.404137
6.422554
6.437101
6.444992
6.446535
6.439278
6.423653
6.403353
6.381474
6.360973
6.342972
6.326914
6.315777
6.307999
6.309643
6.317516
6.325214
6.333235
6.339729
6.347107
6.352377
6.350914
6.345255
6.334780
6.323627
6.313023
6.302263
6.294872
6.292095
6.296452
6.305622
6.316111
6.329113
6.342009
6.356159
6.368847
6.377001
6.385729
6.394798
6.404760
6.413277
6.417641
6.420813
6.420195
6.417397
6.410999
6.399666
6.387470
6.376175
6.369667
6.367243
6.368881
6.377668
6.390627
6.407982
6.425919
6.441803
6.458750
6.475430
6.491077
6.505035
6.514935
6.522446
6.525501
6.526550
6.524218
6.517509
6.509644
6.500420
6.493114
6.486376
6.478470
6.473568
6.469501
6.467552
6.466143
6.461658
6.456507
6.448986
6.442314
6.434933
6.425989
6.418060
6.409557
6.407341
6.409451
6.412437
6.418581
6.426331
6.435669
6.443308
6.446152
6.446526
6.442631
6.440197
6.438747
6.437107
6.438276
6.439409
6.441154
6.441708
6.438293
6.431534
6.422131
6.413023
6.403971
6.395966
6.394194
6.397156
6.404125
6.413761
6.422764
6.429897
6.434418
6.437069
6.436123
6.430405
6.422470
6.413280
6.406178
6.400944
6.396685
6.395399
6.395050
6.395706
6.393824
6.387177
6.381151
6.376078
6.373131
6.370867
6.367826
6.363525
6.357306
6.350906
6.343233
6.333315
6.324480
6.316113
6.312946
6.314604
6.318047
6.324257
6.331636
6.338556
6.342331
6.339968
6.335924
6.334173
6.335773
6.339750
6.342878
6.347832
6.354008
6.361742
6.368561
6.370306
6.366619
6.358391
6.347696
6.335815
6.323200
6.314766
6.311733
6.320040
6.336521
6.356224
6.377884
6.398134
6.417351
6.431450
6.436752
6.436115
6.429924
6.422976
6.416389
6.410780
6.409298
6.411854
6.422445
6.439114
6.455952
6.473984
6.489782
6.499981
6.503582
6.498968
6.493107
6.486839
6.478973
6.471134
6.462723
6.456720
6.452145
6.448202
6.442268
6.432974
6.423210
6.413382
6.405375
6.398190
6.391003
6.385878
6.381731
6.376459
6.372501
6.368618
6.367113
6.366941
6.369831
6.374416
6.377941
6.379297
6.379776
6.378706
6.374662
6.366455
6.358059
6.350140
6.344385
6.338758
6.332985
6.331816
6.332972
6.337513
6.343319
6.346848
6.346922
6.344358
6.339649
6.331081
6.318871
6.306572
6.294735
6.285309
6.279219
6.274288
6.272831
6.273449
6.276472
6.279873
6.280922
6.283274
6.285751
6.289865
6.295151
6.300728
6.307333
6.313469
6.319630
6.323641
6.324549
6.325808
6.326027
6.328585
6.333855
6.339931
6.346741
6.353035
6.359327
6.363743
6.365723
6.365757
6.362963
6.360680
6.358715
6.356688
6.357235
6.359627
6.365147
6.371975
6.377649
6.385614
6.394081
6.402653
6.408749
6.411564
6.412771
6.411581
6.410952
6.410446
6.408363
6.405674
6.402725
6.401842
6.401855
6.401546
6.401579
6.401766
6.402361
6.404213
6.406437
6.410572
6.415535
6.423494
6.432652
6.441952
6.451473
6.460632
6.470524
6.478096
6.482258
6.484051
6.483845
6.482403
6.479858
6.474579
6.468884
6.463911
6.460993
6.459167
6.457382
6.457417
6.458483
6.460014
6.461578
6.460602
6.458361
6.454288
6.452175
6.451618
6.450039
6.449314
6.449142
6.450369
6.451977
6.451893
6.450205
6.446007
6.438997
6.431463
6.422176
6.415434
6.410778
6.407963
6.406002
6.403889
6.401451
6.396824
6.391602
6.384846
6.375532
6.365459
6.355705
6.348286
6.343571
6.340633
6.339428
6.340908
6.344494
6.347702
6.350178
6.352396
6.353722
6.356483
6.361168
6.365486
6.371107
6.377220
6.383381
6.387379
6.387810
6.384396
6.377129
6.368639
6.359804
6.348972
6.340794
6.335981
6.334335
6.333933
6.333477
6.331518
6.327553
6.322710
6.316824
6.308470
6.298597
6.287899
6.278164
6.269901
6.262051
6.256464
6.253174
6.252125
6.252476
6.252579
6.251938
6.249859
6.247704
6.244255
6.236645
6.229183
6.221809
6.215950
6.209450
6.202562
6.197481
6.194256
6.192322
6.190220
6.186996
6.183176
6.177654
6.173098
6.168842
6.163828
6.159828
6.156574
6.154839
6.153715
6.152996
6.153770
6.155043
6.157932
6.160364
6.162989
6.166639
6.170511
6.175440
6.180721
6.185263
6.190403
6.195936
6.202007
6.206913
6.210587
6.214903
6.217909
6.220478
6.222057
6.222885
6.223316
6.222944
6.223019
6.223516
6.224249
6.226715
6.230026
6.234398
6.239073
6.243359
6.247112
6.251116
6.255331
6.258591
6.263273
6.269014
6.274582
6.280020
6.284895
6.289310
6.294165
6.296989
6.298740
6.299004
6.297596
6.296072
6.293350
6.291012
6.289246
6.289173
6.288969
6.288517
6.287598
6.285736
6.283386
6.281136
6.278830
6.277039
6.275974
6.275459
6.275848
6.275227
6.275034
6.275650
6.276808
6.279715
6.283688
6.288034
6.291817
6.293085
6.292580
6.291645
6.290760
6.290573
6.290520
6.290794
6.292086
6.294165
6.295761
6.297359
6.298901
6.299570
6.299797
6.299059
6.298843
6.298134
6.296551
6.294792
6.292498
6.291162
6.289791
6.288355
6.287464
6.285822
6.285143
6.284449
6.283609
6.283993
6.285347
6.287487
6.291016
6.293726
6.296005
6.297775
6.298616
6.300344
6.301907
6.304464
6.307190
6.309710
6.313217
6.316271
6.320053
6.323164
6.324829
6.325222
6.325560
6.327114
6.329851
6.332829
6.335629
6.338694
6.341629
6.344091
6.346783
6.350166
6.353033
6.355572
6.358292
6.360186
6.362078
6.363464
6.364717
6.366682
6.369568
6.372215
6.375162
6.377922
6.380388
6.383011
6.384499
6.385250
6.386410
6.387142
6.387674
6.388630
6.390148
6.391470
6.392040
6.392096
6.393265
6.395073
6.396843
6.397755
6.398708
6.399323
6.399382
6.398846
6.398218
6.397600
6.396667
6.395748
6.394691
6.393192
6.391891
6.389711
6.387453
6.385796
6.384287
6.382685
6.380608
6.378601
6.376656
6.374313
6.372673
6.371147
6.369064
6.366394
6.362762
6.359497
6.355497
6.351824
6.348320
6.344297
6.340580
6.337601
6.335777
6.334431
6.332565
6.330631
6.328300
6.325157
6.322308
6.319157
6.316366
6.313314
6.310368
6.307171
6.303959
6.300205
6.296110
6.292803
6.290417
6.288050
6.285503
6.282253
6.279961
6.278467
6.276150
6.273617
6.270153
6.267452
6.265203
6.263111
6.261364
6.259563
6.257717
6.254807
6.252026
6.249924
6.248047
6.246239
6.243984
6.241619
6.238840
6.235178
6.231386
6.226231
6.221424
6.217306
6.213730
6.211395
6.209263
6.208162
6.207487
6.205017
6.201344
6.196533
6.191467
6.186508
6.181961
6.179440
6.179142
6.179636
6.179123
6.176226
6.171261
6.164301
6.156372
6.148226
6.140387
6.133270
6.127146
6.122332
6.117599
6.112654
6.107655
6.102348
6.096966
6.091335
6.085711
6.080416
6.075373
6.069433
6.063013
6.056616
6.050915
6.045036
6.038193
6.031363
6.025724
6.020058
6.014935
6.009365
6.004616
5.999184
5.992968
5.985634
5.977591
5.970306
5.962904
5.956419
5.949659
5.943043
5.936766
5.929398
5.921722
5.912437
5.903290
5.892641
5.882809
5.874649
5.867140
5.860083
5.852734
5.845402
5.838602
5.831657
5.824223
5.816742
5.809175
5.801636
5.792313
5.783947
5.775869
5.767326
5.759010
5.750050
5.740797
5.730867
5.719967
5.709953
5.699892
5.690145
5.679655
5.669622
5.660004
5.651272
5.643833
5.635530
5.626034
5.616119
5.604824
5.593578
5.583187
5.573015
5.563700
5.554190
5.543955
5.534031
5.524368
5.515038
5.506304
5.499018
5.491966
5.484165
5.476006
5.464725
5.452564
5.440403
5.426702
5.413509
5.400700
5.388199
5.374086
5.359373
5.345734
5.332811
5.320883
5.309191
5.298534
5.288897
5.279163
5.269829
5.258820
5.247288
5.236080
5.223122
5.209570
5.195984
5.183674
5.170826
5.157681
5.144291
5.132391
5.121891
5.111712
5.100655
5.089464
5.075399
5.060059
5.045853
5.031303
5.016533
5.002050
4.987892
4.974876
4.963749
4.953634
4.944098
4.934784
4.924814
4.911661
4.897022
4.881340
4.865822
4.850676
4.835520
4.820984
4.808760
4.797686
4.787188
4.774895
4.763798
4.753828
4.741613
4.727436
4.710867
4.694002
4.678062
4.662477
4.647894
4.633820
4.620632
4.608889
4.596924
4.584513
4.569717
4.553156
4.537178
4.521238
4.505674
4.488831
4.473457
4.460842
4.448360
4.436104
4.421846
4.407459
4.393644
4.379230
4.364517
4.346979
4.327427
4.306759
4.286179
4.266359
4.246426
4.228416
4.213161
4.198484
4.185045
4.170547
4.155750
4.141386
4.126053
4.110491
4.092545
4.073483
4.054918
4.036060
4.017889
3.999517
3.981853
3.964897
3.949543
3.934841
3.919182
3.903690
3.888884
3.874128
3.858965
3.843071
3.826191
3.807602
3.788799
3.771526
3.754091
3.737352
3.722095
3.705292
3.689075
3.672113
3.655968
3.638437
3.620689
3.603714
3.586830
3.570133
3.555580
3.540785
3.526335
3.510632
3.494272
3.479519
3.466114
3.453474
3.437452
3.418886
3.400085
3.381351
3.364431
3.347113
3.330978
3.316780
3.304140
3.294834
3.285217
3.276535
3.268639
3.259413
3.249113
3.236923
3.223476
3.208935
3.194225
3.181925
3.170080
3.161180
3.155792
3.150827
3.148224
3.143757
3.139423
3.134710
3.131947
3.132030
3.132143
3.134056
3.138927
3.144371
3.150063
3.154669
3.158936
3.161238
3.162918
3.164484
3.164555
3.163113
3.156021
3.146641
3.138016
3.128941
3.121073
3.112099
3.104939
3.103430
3.106108
3.112255
3.121876
3.131483
3.140358
3.145855
3.148041
3.143843
3.134201
3.125582
3.117470
3.111248
3.108543
3.110149
3.118031
3.129063
3.142824
3.155571
3.167160
3.177750
3.182438
3.184181
3.182890
3.180489
3.178558
3.177071
3.177837
3.182396
3.188614
3.197672
3.206573
3.213932
3.221062
3.222845
3.219856
3.211824
3.202106
3.192823
3.181335
3.171486
3.162518
3.156214
3.150291
3.145775
3.144033
3.141628
3.140087
3.139353
3.136532
3.133301
3.126343
3.117105
3.108389
3.100843
3.095211
3.090691
3.089573
3.093552
3.100952
3.111879
3.123493
3.134775
3.144331
3.152197
3.160168
3.166655
3.173067
3.180069
3.185770
3.191032
3.194160
3.195705
3.194862
3.193686
3.194767
3.197672
3.202038
3.206223
3.210012
3.216167
3.221357
3.224762
3.225672
3.227005
3.231659
3.238802
3.248661
3.254864
3.259270
3.263538
3.266682
3.270763
3.277840
3.286591
3.297211
3.307707
3.318497
3.331148
3.341919
3.350447
3.351223
3.345070
3.335800
3.322590
3.306322
3.287857
3.270882
3.258018
3.247620
3.241226
3.231823
3.222094
3.214802
3.207495
3.199074
3.188124
3.176346
3.166466
3.157587
3.150330
3.139143
3.126427
3.116302
3.105766
3.096367
3.087254
3.081896
3.083620
3.089195
3.099602
3.110029
3.119919
3.131590
3.139771
3.145245
3.142645
3.134304
3.123934
3.111435
3.098320
3.087332
3.082010
3.085253
3.090467
3.098288
3.102486
3.102310
3.098255
3.088512
3.076685
3.061916
3.049314
3.044479
3.050694
3.067682
3.094093
3.118473
3.139151
3.156862
3.171827
3.175121
3.168808
3.157377
3.140707
3.120171
3.100224
3.085655
3.083570
3.088524
3.101124
3.117609
3.137968
3.159883
3.180788
3.196762
3.208122
3.203833
3.186749
3.166065
3.147572
3.126785
3.104889
3.085325
3.066689
3.049088
3.030704
3.015001
3.006222
3.002979
3.007524
3.015575
3.026997
3.044043
3.061600
3.078400
3.089121
3.094463
3.098946
3.101528
3.102654
3.102005
3.102133
3.105698
3.104450
3.100595
3.093283
3.087120
3.083511
3.079170
3.076473
3.072857
3.071585
3.076092
3.082502
3.092546
3.098003
3.100721
3.102215
3.100887
3.098858
3.093817
3.090057
3.089100
3.088024
3.090519
3.090734
3.090744
3.091200
3.088305
3.083332
3.072392
3.057095
3.041725
3.020096
2.996735
2.971659
2.948612
2.929983
2.912752
2.898598
2.885359
2.875547
2.872864
2.873240
2.877926
2.883610
2.891380
2.903118
2.914026
2.924692
2.931702
2.938166
2.944607
2.949024
2.952068
2.955227
2.951290
2.943289
2.931902
2.920742
2.909916
2.900286
2.897171
2.897444
2.903503
2.912563
2.926159
2.945183
2.965872
2.988049
3.007410
3.022959
3.038155
3.050241
3.060827
3.063255
3.063011
3.063038
3.060757
3.056770
3.049040
3.040005
3.037170
3.035973
3.037216
3.041212
3.044970
3.049496
3.050430
3.050205
3.040157
3.025295
3.011465
2.996988
2.986065
2.978975
2.978384
2.986582
3.000467
3.017828
3.028362
3.033298
3.033703
3.026812
3.015005
2.998093
2.980757
2.969389
2.961645
2.957689
2.953529
2.950932
2.949955
2.948399
2.947971
2.942591
2.935841
2.931629
2.929230
2.930822
2.931444
2.933708
2.941124
2.944250
2.945967
2.943623
2.940237
2.938690
2.935844
2.932253
2.926207
2.920177
2.917027
2.907410
2.894356
2.875032
2.852646
2.830788
2.807407
2.786396
2.766518
2.751930
2.746115
2.737991
2.729595
2.719009
2.709373
2.702808
2.696606
2.693327
2.690142
2.691671
2.700592
2.711979
2.726151
2.742527
2.762112
2.780251
2.789707
2.793798
2.789831
2.781630
2.773439
2.764980
2.763214
2.771488
2.794525
2.833250
2.880398
2.931957
2.975140
3.006798
3.025949
3.030882
3.026676
3.010767
2.990263
2.974398
2.962704
2.956997
2.958813
2.967831
2.979282
2.994776
3.015160
3.041721
3.072144
3.100513
3.125389
3.148071
3.160334
3.162853
3.154648
3.141527
3.129478
3.119192
3.113914
3.117792
3.126026
3.137508
3.146193
3.154737
3.157600
3.155077
3.151472
3.141502
3.129614
3.119896
3.109768
3.102262
3.095427
3.090389
3.088909
3.085575
3.081514
3.073015
3.061468
3.049831
3.035973
3.022146
3.004152
2.985283
2.963114
2.940359
2.920532
2.901594
2.885288
2.874870
2.866287
2.860710
2.848967
2.833736
2.820332
2.807018
2.796875
2.786980
2.781567
2.787992
2.803020
2.825556
2.850117
2.876835
2.904686
2.928558
2.949196
2.957535
2.956467
2.954016
2.948872
2.945686
2.941647
2.943724
2.956400
2.977661
3.007486
3.040865
3.078426
3.120195
3.155891
3.184454
3.200317
3.207096
3.208984
3.205099
3.199253
3.189785
3.180630
3.178942
3.181952
3.191284
3.204975
3.222847
3.240854
3.258764
3.278170
3.287870
3.288343
3.284534
3.275368
3.263275
3.245756
3.229469
3.221920
3.221195
3.229809
3.243721
3.261013
3.281898
3.302401
3.319923
3.330040
3.334000
3.336552
3.339027
3.342781
3.344997
3.348913
3.356049
3.361719
3.364933
3.361637
3.355404
3.348564
3.333549
3.312309
3.286591
3.260883
3.240013
3.220333
3.205814
3.193064
3.182835
3.178722
3.175032
3.171154
3.169518
3.169767
3.173874
3.170155
3.161364
3.145733
3.126801
3.110508
3.095043
3.089029
3.096844
3.122416
3.163998
3.209663
3.255100
3.290371
3.311235
3.306406
3.280102
3.239450
3.195152
3.149969
3.111919
3.082926
3.069035
3.074654
3.093555
3.124096
3.159073
3.196236
3.223307
3.240749
3.251068
3.250036
3.240988
3.227089
3.214952
3.209249
3.210249
3.218384
3.228329
3.241100
3.249786
3.255138
3.258228
3.256348
3.251663
3.247444
3.240459
3.234108
3.221867
3.207188
3.194515
3.181400
3.170212
3.158958
3.151150
3.149698
3.153563
3.165451
3.182327
3.204367
3.230434
3.247074
3.254290
3.250067
3.238239
3.223164
3.201775
3.178394
3.153791
3.132996
3.120663
3.112682
3.109867
3.106415
3.103418
3.102798
3.094215
3.080359
3.058874
3.037601
3.021391
3.011511
3.006664
3.006048
3.010746
3.023064
3.032528
3.038818
3.037813
3.032406
3.020086
3.006435
2.996386
2.988880
2.987211
2.993681
3.004837
3.021221
3.037558
3.054485
3.072100
3.087898
3.102865
3.107933
3.108747
3.110744
3.111687
3.112896
3.115543
3.122849
3.138443
3.156240
3.175955
3.190195
3.200006
3.209476
3.214527
3.217678
3.213623
3.208963
3.210018
3.211929
3.216829
3.218163
3.216621
3.210285
3.203897
3.201591
3.199522
3.201588
3.211998
3.225887
3.246143
3.267380
3.290148
3.311298
3.332428
3.353046
3.367701
3.378946
3.390005
3.398502
3.405758
3.408587
3.409065
3.410929
3.410221
3.408897
3.402367
3.395636
3.391743
3.385696
3.379410
3.364567
3.344343
3.320080
3.299255
3.286112
3.278162
3.276709
3.281826
3.291779
3.307976
3.323162
3.335135
3.344646
3.346478
3.341562
3.327272
3.307467
3.281305
3.255718
3.235565
3.220032
3.210848
3.210861
3.215696
3.226074
3.232986
3.236391
3.240328
3.240791
3.239183
3.232647
3.225519
3.215750
3.208277
3.206713
3.210888
3.220604
3.235088
3.241589
3.240868
3.229673
3.213676
3.198023
3.179750
3.164551
3.145882
3.128990
3.119516
3.118820
3.129244
3.145657
3.166679
3.194065
3.222084
3.248848
3.267096
3.276886
3.282967
3.278599
3.267241
3.247175
3.224907
3.207859
3.196144
3.193762
3.194706
3.202999
3.221287
3.242056
3.265514
3.284775
3.298912
3.311905
3.318937
3.322678
3.319883
3.314091
3.310015
3.301544
3.291628
3.274464
3.254349
3.238924
3.227804
3.224222
3.223003
3.227015
3.241257
3.259541
3.280094
3.295082
3.304987
3.313442
3.312885
3.304930
3.290508
3.276493
3.268576
3.258781
3.249737
3.240505
3.234015
3.233261
3.241938
3.262775
3.288166
3.317764
3.344517
3.367821
3.386696
3.393238
3.389759
3.380156
3.363077
3.344742
3.325815
3.312542
3.308064
3.307358
3.311586
3.315479
3.317417
3.321316
3.323900
3.323566
3.313425
3.297829
3.283541
3.271191
3.262136
3.252737
3.246349
3.247530
3.253984
3.263344
3.269020
3.271959
3.273756
3.270142
3.263769
3.253410
3.241213
3.233753
3.224447
3.216663
3.209677
3.206333
3.209381
3.214531
3.222794
3.232265
3.243637
3.249435
3.252747
3.256567
3.252884
3.242840
3.226051
3.207130
3.190502
3.174286
3.164385
3.159908
3.166235
3.182945
3.203747
3.229399
3.257572
3.280064
3.296316
3.301584
3.300341
3.298273
3.293798
3.290339
3.287350
3.289278
3.300476
3.322428
3.356487
3.391829
3.428583
3.468765
3.505455
3.537758
3.557739
3.566942
3.571760
3.563793
3.546087
3.519629
3.493153
3.473196
3.455101
3.443583
3.433903
3.429398
3.428341
3.430531
3.437160
3.442648
3.448801
3.456711
3.460281
3.461607
3.456799
3.450237
3.444614
3.436676
3.427288
3.415325
3.403559
3.395128
3.387644
3.383131
3.377676
3.373270
3.374617
3.378006
3.384903
3.389978
3.396757
3.407280
3.414534
3.419510
3.414936
3.404638
3.392281
3.382233
3.377306
3.379375
3.375463
3.367462
3.357891
3.352949
3.345327
3.339058
3.345875
3.369825
3.402103
3.439436
3.471619
3.495825
3.506458
3.502869
3.487986
3.465569
3.436863
3.408512
3.387842
3.372578
3.363209
3.359257
3.354757
3.351843
3.345890
3.341221
3.343098
3.348045
3.358376
3.371719
3.390181
3.414982
3.438509
3.461210
3.478931
3.492386
3.504131
3.509563
3.510649
3.496346
3.471386
3.443031
3.411448
3.379004
3.344477
3.311806
3.288410
3.271175
3.262684
3.258633
3.259342
3.264034
3.264544
3.261150
3.248396
3.230518
3.211649
3.188099
3.164347
3.139620
3.116539
3.099457
3.082718
3.070095
3.063639
3.067682
3.081511
3.096581
3.113096
3.124588
3.134796
3.144121
3.147636
3.148079
3.141315
3.134310
3.132618
3.134439
3.142254
3.153797
3.169502
3.183723
3.196815
3.209284
3.214970
3.215418
3.213684
3.206444
3.197849
3.184185
3.168774
3.156012
3.143120
3.132908
3.123825
3.118322
3.113190
3.110729
3.113945
3.116007
3.119383
3.120392
3.118656
3.118793
3.115633
3.110901
3.102673
3.092310
3.085138
3.078247
3.074247
3.075979
3.080532
3.090290
3.100159
3.113234
3.124950
3.135956
3.149826
3.159298
3.166201
3.174484
3.180035
3.184536
3.184347
3.182407
3.175045
3.165680
3.157681
3.147047
3.136816
3.130581
3.124735
3.121895
3.120899
3.123898
3.133312
3.143377
3.155544
3.163223
3.169456
3.171652
3.171249
3.174952
3.176353
3.177452
3.175898
3.175432
3.178871
3.182880
3.190229
3.200809
3.211075
3.224503
3.238447
3.254295
3.273956
3.291199
3.306246
3.315439
3.320734
3.319241
3.314064
3.310314
3.304546
3.298857
3.296532
3.294809
3.294170
3.288639
3.279938
3.272268
3.263796
3.255556
3.245201
3.236458
3.222538
3.208200
3.199219
3.192879
3.191532
3.188992
3.186604
3.186815
3.182346
3.175194
3.167847
3.156700
3.144009
3.128578
3.114571
3.107870
3.104736
3.107187
3.111732
3.119770
3.133261
3.153269
3.177849
3.202862
3.217335
3.222878
3.220961
3.216450
3.207973
3.197998
3.189041
3.171169
3.148151
3.125717
3.110332
3.103645
3.102516
3.108732
3.119041
3.132689
3.149967
3.161724
3.168583
3.164082
3.152296
3.139389
3.123672
3.110332
3.101227
3.097309
3.102249
3.112808
3.128941
3.150854
3.170753
3.187672
3.196507
3.199642
3.195278
3.187927
3.183018
3.180683
3.184355
3.185301
3.187584
3.196327
3.205902
3.217640
3.225630
3.231543
3.239309
3.243301
3.243921
3.239109
3.232983
3.233829
3.240927
3.257313
3.276871
3.296654
3.316080
3.328064
3.331594
3.324192
3.307676
3.289818
3.269007
3.249718
3.232365
3.221121
3.218452
3.215258
3.213516
3.208099
3.202747
3.193609
3.185434
3.181326
3.180180
3.183598
3.194435
3.207705
3.222683
3.236696
3.250137
3.262936
3.268944
3.269886
3.265810
3.258972
3.254593
3.247143
3.239267
3.227245
3.215393
3.200012
3.182814
3.168898
3.152369
3.136532
3.125612
3.110369
3.094309
3.075296
3.057329
3.039410
3.024656
3.017511
3.013939
3.014904
3.021448
3.028534
3.036345
3.039896
3.039326
3.034081
3.024998
3.016060
3.006454
2.998592
2.995552
2.994444
2.997887
3.001823
3.008854
3.014563
3.020252
3.029184
3.040096
3.052422
3.058247
3.060968
3.064926
3.071661
3.080399
3.088911
3.098238
3.111172
3.123724
3.136677
3.153225
3.169125
3.184597
3.190788
3.189562
3.179955
3.167761
3.157700
3.150002
3.149036
3.158237
3.173458
3.194237
3.214550
3.234951
3.250084
3.258797
3.263535
3.261379
3.257080
3.254202
3.251059
3.248745
3.241262
3.233421
3.225471
3.218958
3.217840
3.218107
3.223888
3.233530
3.247982
3.267750
3.288769
3.308426
3.327477
3.341129
3.352108
3.356810
3.357254
3.356365
3.353359
3.349457
3.341825
3.333576
3.328152
3.322201
3.317684
3.309811
3.302975
3.290346
3.273979
3.259171
3.245770
3.235590
3.224369
3.215239
3.211609
3.210676
3.213251
3.217707
3.221930
3.227604
3.230560
3.230484
3.228184
3.225109
3.217974
3.201923
3.181446
3.162786
3.145781
3.131954
3.121525
3.120441
3.131756
3.151247
3.178408
3.207981
3.236095
3.261326
3.275814
3.278885
3.269142
3.251389
3.231453
3.208397
3.187309
3.169062
3.158131
3.156094
3.157887
3.163666
3.168261
3.171455
3.174873
3.173456
3.166992
3.156622
3.145809
3.134724
3.123131
3.114195
3.104141
3.096107
3.091377
3.084929
3.078922
3.069563
3.061283
3.057903
3.056345
3.058418
3.060474
3.065125
3.076679
3.089928
3.103943
3.111618
3.113331
3.111868
3.106768
3.099993
3.090206
3.080254
3.075718
3.075464
3.079855
3.084860
3.091671
3.103294
3.114195
3.123833
3.124084
3.118805
3.107006
3.094818
3.087765
3.085575
3.090744
3.105007
3.122219
3.141121
3.158274
3.171474
3.181358
3.183176
3.177727
3.163853
3.147484
3.132942
3.119225
3.109234
3.101402
3.096674
3.096943
3.099520
3.105051
3.106533
3.105701
3.106068
3.107315
3.110693
3.114283
3.120346
3.131454
3.147190
3.167326
3.191128
3.213600
3.233912
3.244003
3.245544
3.238934
3.228710
3.219511
3.210289
3.206919
3.206619
3.211933
3.220175
3.231674
3.246609
3.259546
3.271589
3.279058
3.282099
3.285685
3.286057
3.285837
3.288807
3.294222
3.300343
3.306942
3.314255
3.324707
3.337603
3.351381
3.361900
3.370522
3.377277
3.377085
3.372744
3.360949
3.344776
3.324909
3.305662
3.290695
3.276730
3.266809
3.257496
3.252834
3.254175
3.256758
3.260889
3.264442
3.267946
3.272518
3.275478
3.277775
3.279724
3.283579
3.289431
3.296562
3.305151
3.317528
3.328289
3.337963
3.343485
3.345444
3.342646
3.337341
3.334167
3.330711
3.329294
3.328665
3.330917
3.337547
3.346115
3.358452
3.369741
3.379459
3.390488
3.400005
3.406796
3.413103
3.415184
3.413763
3.409090
3.405439
3.400772
3.398571
3.400297
3.407774
3.420452
3.436850
3.450583
3.460733
3.470146
3.475264
3.478243
3.476923
3.474964
3.470154
3.466578
3.465084
3.463547
3.462393
3.457333
3.448980
3.439514
3.425634
3.408035
3.386776
3.366268
3.348042
3.329563
3.311586
3.294044
3.278969
3.264658
3.252611
3.243481
3.234211
3.226910
3.222818
3.218964
3.216803
3.214108
3.213238
3.214712
3.216326
3.216839
3.213282
3.206879
3.200684
3.193687
3.187141
3.181034
3.176451
3.173283
3.173489
3.177511
3.180532
3.182819
3.184662
3.183939
3.180819
3.173470
3.166054
3.157574
3.151035
3.147249
3.143715
3.141911
3.142881
3.144758
3.145983
3.146011
3.146353
3.143429
3.138710
3.136618
3.135386
3.134380
3.135166
3.138298
3.144455
3.152962
3.164452
3.176754
3.188288
3.201674
3.210104
3.214561
3.212481
3.207901
3.202761
3.198061
3.196045
3.197309
3.200562
3.206135
3.211315
3.216419
3.221115
3.223602
3.224508
3.220503
3.213539
3.203476
3.193590
3.186502
3.181627
3.178808
3.178675
3.181290
3.186043
3.190533
3.193485
3.195333
3.190929
3.183748
3.176670
3.169174
3.160824
3.153423
3.150244
3.150753
3.155056
3.160686
3.167454
3.175823
3.182623
3.189045
3.192446
3.195118
3.197266
3.197279
3.196642
3.192015
3.185308
3.178341
3.169430
3.159807
3.150803
3.142498
3.137571
3.133175
3.131151
3.128368
3.126183
3.126091
3.126606
3.126871
3.128597
3.132517
3.138865
3.141050
3.138798
3.134136
3.128021
3.123489
3.119389
3.118074
3.125544
3.142107
3.167183
3.194445
3.220999
3.244480
3.262482
3.273525
3.274693
3.269569
3.261070
3.251270
3.243271
3.236773
3.233932
3.235826
3.240570
3.248280
3.256910
3.264544
3.272696
3.279278
3.284208
3.286388
3.285524
3.284885
3.283855
3.282463
3.279163
3.274918
3.269981
3.262655
3.253212
3.243950
3.235743
3.228909
3.222742
3.218811
3.216290
3.215809
3.215181
3.212297
3.207674
3.200052
3.191566
3.182652
3.173731
3.165264
3.157757
3.150719
3.145817
3.139799
3.132797
3.124889
3.115971
3.107595
3.099190
3.092743
3.088940
3.088152
3.089933
3.094738
3.100853
3.104931
3.105993
3.106194
3.104782
3.101868
3.095903
3.088762
3.082558
3.078884
3.077194
3.073042
3.068182
3.065708
3.064365
3.062899
3.060535
3.059555
3.059700
3.063911
3.068699
3.071995
3.074394
3.077669
3.081074
3.084557
3.085369
3.084517
3.085144
3.087893
3.093822
3.100582
3.108479
3.115791
3.121367
3.124851
3.126842
3.127567
3.128048
3.127888
3.128870
3.131680
3.136274
3.141693
3.146315
3.150520
3.154793
3.159248
3.162985
3.164471
3.166254
3.167097
3.169548
3.174389
3.179342
3.185513
3.192280
3.199003
3.207516
3.214952
3.220787
3.225786
3.229527
3.231762
3.232841
3.234413
3.235474
3.237839
3.242769
3.247505
3.253418
3.259478
3.267078
3.276861
3.287039
3.297039
3.306198
3.312950
3.317490
3.318737
3.317818
3.312323
3.304100
3.296396
3.289177
3.283527
3.279282
3.278385
3.280205
3.283394
3.288162
3.293499
3.299219
3.306742
3.313368
3.319389
3.323793
3.326374
3.328161
3.329170
3.329107
3.328854
3.327938
3.327454
3.327837
3.328762
3.328493
3.327675
3.326797
3.326920
3.327785
3.330202
3.332739
3.336390
3.340012
3.343248
3.345608
3.348248
3.351261
3.354139
3.357046
3.358152
3.358824
3.359020
3.357338
3.355124
3.352919
3.349007
3.345478
3.341026
3.337135
3.332006
3.327238
3.324341
3.321262
3.316984
3.311745
3.307161
3.302753
3.298759
3.295380
3.291821
3.288040
3.283665
3.277718
3.271534
3.266172
3.260748
3.254812
3.249001
3.244078
3.238911
3.235096
3.231098
3.226063
3.220274
3.214491
3.208786
3.204708
3.200186
3.195019
3.189503
3.183985
3.178715
3.172884
3.164806
3.157074
3.150974
3.145760
3.141197
3.136890
3.132818
3.128927
3.125786
3.123272
3.120491
3.116848
3.112217
3.108482
3.105621
3.102751
3.099319
3.096600
3.094873
3.093143
3.091160
3.088425
3.084471
3.081337
3.079277
3.077078
3.074860
3.072445
3.069918
3.068914
3.068424
3.068848
3.070065
3.072138
3.074528
3.077394
3.080261
3.082794
3.085897
3.089275
3.092234
3.094961
3.097027
3.101246
3.105949
3.110264
3.115446
3.120270
3.125977
3.131397
3.136538
3.140985
3.145121
3.149094
3.153246
3.156990
3.160534
3.164331
3.168316
3.170969
3.172417
3.173889
3.175667
3.176863
3.178181
3.180168
3.182014
3.185383
3.189020
3.191416
3.193771
3.196833
3.199970
3.202145
3.204502
3.207933
3.210972
3.213276
3.215456
3.218901
3.221664
3.224064
3.225935
3.228027
3.229998
3.231403
3.233967
3.237736
3.240213
3.242779
3.246826
3.250761
3.253063
3.255428
3.257820
3.260899
3.264202
3.267534
3.269205
3.271900
3.274672
3.277681
3.280571
3.282740
3.286154
3.289698
3.293209
3.297026
3.301323
3.303310
3.305248
3.307411
3.309662
3.312149
3.314751
3.317940
3.321320
3.325066
3.330004
3.334177
3.337584
3.341850
3.346706
3.351519
3.357002
3.361567
3.365425
3.368896
3.372456
3.376360
3.379322
3.382559
3.386316
3.389681
3.392868
3.396484
3.401224
3.405960
3.411304
3.416967
3.422489
3.428280
3.434059
3.439636
3.445799
3.451542
3.457260
3.461880
3.468517
3.474657
3.480221
3.486145
3.493145
3.500240
3.506767
3.512629
3.518833
3.525143
3.530180
3.534328
3.538418
3.542883
3.547766
3.553123
3.559814
3.567242
3.576441
3.585279
3.593163
3.600798
3.607294
3.613953
3.621672
3.629063
3.637058
3.643970
3.651520
3.659977
3.668337
3.676952
3.685444
3.694258
3.701458
3.707726
3.714180
3.720093
3.728611
3.737839
3.747982
3.757608
3.767775
3.777750
3.786829
3.794361
3.801334
3.807541
3.814228
3.821327
3.828285
3.836611
3.846071
3.856726
3.867668
3.878281
3.889050
3.898930
3.908211
3.915966
3.925201
3.934914
3.945244
3.956520
3.968330
3.978827
3.988894
3.998625
4.007889
4.015224
4.022121
4.031948
4.042627
4.054777
4.066284
4.077953
4.089384
4.099491
4.108896
4.118038
4.127102
4.137381
4.147591
4.158659
4.170076
4.182507
4.195717
4.208002
4.217665
4.225712
4.233433
4.240936
4.249222
4.259113
4.269869
4.281013
4.291256
4.299667
4.308830
4.318144
4.326818
4.336918
4.348862
4.361481
4.374277
4.388315
4.403084
4.418129
4.432133
4.444126
4.454176
4.465405
4.477131
4.490891
4.506323
4.523346
4.538582
4.551735
4.563663
4.574823
4.585764
4.596600
4.608406
4.621059
4.634314
4.647903
4.662111
4.676092
4.691586
4.705688
4.718369
4.731453
4.744261
4.756905
4.768684
4.780403
4.793018
4.806053
4.820827
4.834766
4.847725
4.860641
4.873951
4.888004
4.902626
4.916718
4.930832
4.945604
4.961794
4.976700
4.990223
5.004059
5.017813
5.032522
5.047031
5.060873
5.075197
5.089663
5.105305
5.120401
5.133003
5.148109
5.165308
5.183756
5.201691
5.217720
5.233164
5.247705
5.262882
5.277443
5.291298
5.304728
5.318258
5.333281
5.348984
5.365889
5.383514
5.400190
5.417109
5.433588
5.448540
5.464066
5.481195
5.500443
5.520542
5.540047
5.560207
5.578865
5.597647
5.615999
5.631977
5.648603
5.664413
5.680981
5.697441
5.712679
5.729197
5.746025
5.764170
5.783167
5.800903
5.819405
5.837769
5.853500
5.869003
5.884136
5.900442
5.916821
5.932125
5.945755
5.957863
5.970898
5.983629
5.996948
6.012117
6.027355
6.041603
6.054152
6.064043
6.071564
6.078098
6.091343
6.110775
6.134975
6.160152
6.185219
6.209993
6.234751
6.259304
6.283009
6.305334
6.328402
6.349812
6.369278
6.385012
6.396132
6.402390
6.405029
6.409576
6.417391
6.428053
6.443413
6.462933
6.484222
6.504509
6.523199
6.541973
6.560144
6.576384
6.593096
6.607981
6.624760
6.642433
6.661680
6.681080
6.699966
6.718014
6.735678
6.753361
6.768875
6.781422
6.796566
6.812704
6.830288
6.848682
6.866982
6.885937
6.903252
6.920551
6.937809
6.952532
6.966402
6.980263
6.995892
7.011745
7.025829
7.040216
7.053455
7.067268
7.080687
7.092913
7.103605
7.113668
7.124092
7.135086
7.145155
7.156057
7.166908
7.178614
7.190453
7.200525
7.210779
7.220060
7.232649
7.246655
7.259480
7.271713
7.281387
7.288776
7.293388
7.293024
7.289637
7.282850
7.274477
7.265234
7.253702
7.242069
7.230921
7.221004
7.211313
7.202515
7.195175
7.188444
7.185310
7.185097
7.184362
7.182606
7.178900
7.169828
7.154863
7.133074
7.107344
7.079601
7.049927
7.024826
7.005219
6.992069
6.984024
6.984772
6.991173
6.998587
7.006006
7.009190
7.006454
6.995724
6.976112
6.949728
6.918726
6.888725
6.862476
6.840906
6.826437
6.819096
6.820747
6.828344
6.833977
6.837288
6.836235
6.835331
6.833689
6.828396
6.822266
6.814655
6.807590
6.798773
6.785498
6.768898
6.750078
6.730957
6.712128
6.692869
6.674841
6.656185
6.640133
6.625999
6.621143
6.624035
6.629402
6.637699
6.645245
6.649380
6.643864
6.622765
6.586819
6.537102
6.482014
6.427687
6.380230
6.347176
6.331081
6.335125
6.354935
6.383064
6.415024
6.445812
6.474897
6.498428
6.512287
6.518118
6.516624
6.512281
6.505646
6.496897
6.489796
6.484404
6.481987
6.481726
6.481651
6.484358
6.488148
6.490992
6.495758
6.500786
6.508408
6.516979
6.523779
6.531311
6.539843
6.551128
6.564426
6.581490
6.600657
6.619545
6.640503
6.660591
6.681955
6.702858
6.720057
6.732563
6.742964
6.749659
6.756462
6.762814
6.771336
6.781073
6.792469
6.804075
6.814625
6.827110
6.839714
6.854172
6.869564
6.883795
6.900345
6.915730
6.934677
6.954418
6.972830
6.991405
7.008438
7.026386
7.043810
7.058393
7.072649
7.085663
7.095449
7.100292
7.103783
7.109749
7.117088
7.123047
7.126053
7.130939
7.140720
7.150463
7.159555
7.165258
7.164371
7.159470
7.151619
7.143858
7.136709
7.128632
7.124344
7.120935
7.119633
7.116428
7.108356
7.099096
7.087914
7.076031
7.062990
7.048584
7.036522
7.026627
7.020588
7.017653
7.012930
7.007027
6.997421
6.987114
6.974373
6.957523
6.943546
6.932316
6.923962
6.916206
6.906971
6.897022
6.882713
6.862419
6.838688
6.810705
6.786728
6.766527
6.748762
6.737671
6.732922
6.732805
6.735018
6.738293
6.739714
6.734125
6.725378
6.714153
6.702011
6.687878
6.670128
6.650238
6.631382
6.620956
6.616508
6.613903
6.614275
6.616650
6.621246
6.624561
6.623558
6.618883
6.609879
6.601116
6.591396
6.580248
6.571749
6.566145
6.565561
6.568050
6.568264
6.566887
6.562744
6.559771
6.556282
6.546946
6.535551
6.521856
6.510052
6.497450
6.481506
6.461794
6.442760
6.424709
6.411602
6.402039
6.396925
6.393795
6.389971
6.387287
6.384430
6.382914
6.380047
6.376610
6.371374
6.361731
6.353054
6.343622
6.337173
6.332222
6.325520
6.322031
6.322592
6.322783
6.330425
6.342461
6.359615
6.377300
6.396818
6.417082
6.432079
6.446169
6.457428
6.468414
6.477062
6.481485
6.485855
6.489735
6.497974
6.507397
6.513397
6.514656
6.515482
6.519058
6.523752
6.525366
6.527269
6.529835
6.535244
6.539650
6.541245
6.543964
6.545834
6.549412
6.552673
6.551605
6.550503
6.549400
6.551027
6.553926
6.555935
6.559496
6.561810
6.565760
6.568335
6.566395
6.563826
6.558102
6.549374
6.540262
6.531927
6.529099
6.529095
6.534508
6.542902
6.550863
6.559937
6.568619
6.578962
6.589716
6.596558
6.597986
6.598967
6.604080
6.608982
6.612545
6.617422
6.622141
6.623016
6.624945
6.624756
6.624163
6.620907
6.616055
6.609028
6.597252
6.584797
6.571812
6.562510
6.554733
6.546070
6.539627
6.534992
6.536062
6.539864
6.541662
6.542355
6.541592
6.543085
6.543793
6.540741
6.537376
6.532879
6.530907
6.529074
6.525640
6.519594
6.509968
6.506428
6.509058
6.512262
6.523205
6.540110
6.561544
6.582327
6.598473
6.609695
6.615488
6.616390
6.617880
6.619120
6.625465
6.636688
6.649586
6.665533
6.680964
6.696970
6.709759
6.715637
6.718290
6.716618
6.713991
6.709278
6.700291
6.691658
6.683437
6.677876
6.673241
6.665951
6.664875
6.669350
6.680248
6.694759
6.708422
6.723087
6.734743
6.740250
6.737358
6.733883
6.731201
6.726677
6.724678
6.725233
6.727577
6.734154
6.743023
6.756851
6.771797
6.785770
6.796865
6.803642
6.809982
6.816853
6.821939
6.826666
6.829636
6.836863
6.845114
6.850761
6.857487
6.864170
6.872211
6.876871
6.874718
6.867323
6.854092
6.840250
6.825583
6.813910
6.803959
6.794672
6.790440
6.789223
6.786718
6.786327
6.785568
6.790577
6.799137
6.811104
6.822844
6.830652
6.837517
6.841116
6.838949
6.833450
6.824245
6.815563
6.806376
6.795576
6.788837
6.785160
6.787819
6.793587
6.805378
6.819685
6.832012
6.843721
6.851587
6.858541
6.860912
6.857061
6.851501
6.844013
6.831509
6.819477
6.806793
6.797182
6.789230
6.789312
6.795254
6.799446
6.804527
6.807854
6.810179
6.810053
6.804106
6.796616
6.787445
6.777092
6.769732
6.766396
6.773643
6.788656
6.809837
6.832380
6.851976
6.868977
6.878284
6.876631
6.868650
6.856182
6.848061
6.846392
6.854153
6.868443
6.886532
6.908180
6.929045
6.944736
6.956612
6.962624
6.966534
6.967070
6.964661
6.964054
6.964684
6.970671
6.979397
6.987617
6.995192
7.000793
7.006121
7.008732
7.003975
6.996592
6.986923
6.978603
6.971609
6.964247
6.960032
6.957890
6.961094
6.967199
6.973461
6.987537
7.006224
7.030363
7.055843
7.077908
7.098017
7.113808
7.127357
7.137154
7.140350
7.141333
7.140499
7.141994
7.144613
7.145878
7.149136
7.154169
7.161488
7.168816
7.174145
7.180431
7.186653
7.197197
7.208744
7.218485
7.229580
7.238625
7.249268
7.257917
7.260979
7.260572
7.255924
7.251207
7.245598
7.236042
7.226482
7.217770
7.217682
7.222614
7.225639
7.229610
7.232523
7.236526
7.239637
7.237852
7.232483
7.225178
7.221466
7.218964
7.215481
7.212734
7.209881
7.212599
7.217854
7.221678
7.227354
7.233297
7.241905
7.250603
7.255199
7.258272
7.258499
7.259130
7.259617
7.256620
7.258453
7.265343
7.277708
7.292719
7.304287
7.314081
7.320831
7.324839
7.321808
7.309858
7.293282
7.273712
7.256201
7.241497
7.228155
7.224798
7.228306
7.239643
7.254181
7.265902
7.275362
7.280617
7.282953
7.281338
7.272896
7.266941
7.263691
7.265463
7.270920
7.276239
7.284927
7.293165
7.302046
7.307436
7.309244
7.310997
7.312059
7.321800
7.339371
7.358713
7.380562
7.401634
7.422565
7.437151
7.442312
7.437603
7.423801
7.404720
7.382179
7.357214
7.340569
7.333059
7.335424
7.344959
7.355423
7.368061
7.379482
7.390148
7.397406
7.397953
7.397318
7.395632
7.400501
7.410328
7.421635
7.436029
7.449673
7.463062
7.472065
7.472372
7.467783
7.458782
7.450584
7.444489
7.440041
7.447166
7.463955
7.486168
7.508240
7.525356
7.532387
7.536581
7.536819
7.534426
7.527065
7.519596
7.502895
7.470680
7.410507
7.326241
7.234150
7.146286
7.074987
7.027552
7.005671
7.014175
7.047947
7.093918
7.138893
7.173584
7.197285
7.208326
7.214954
7.214319
7.203758
7.188471
7.167225
7.144878
7.118902
7.086170
7.047295
7.002390
6.951618
6.904518
6.860521
6.819386
6.781288
6.757280
6.745613
6.737242
6.731560
6.726513
6.723354
6.717564
6.706484
6.695318
6.683187
6.677258
6.677380
6.681204
6.692650
6.708193
6.730419
6.754623
6.774416
6.793655
6.810530
6.826942
6.840164
6.849592
6.860445
6.872606
6.889671
6.909061
6.927944
6.950871
6.976444
7.004913
7.034649
7.061745
7.089262
7.114202
7.141016
7.168283
7.192757
7.212629
7.232618
7.252445
7.273586
7.292553
7.312613
7.332424
7.354439
7.377033
7.397806
7.420055
7.441143
7.461931
7.478312
7.486889
7.494986
7.501572
7.508097
7.511787
7.511345
7.511265
7.509729
7.508535
7.503208
7.491898
7.479761
7.467632
7.457895
7.448891
7.437786
7.428827
7.419628
7.417900
7.418427
7.416553
7.413483
7.405693
7.397526
7.387030
7.370377
7.350958
7.327787
7.305010
7.282299
7.260017
7.242708
7.228611
7.220314
7.212713
7.201351
7.185947
7.163561
7.141327
7.118948
7.093307
7.065487
7.036135
7.007790
6.977711
6.944387
6.910532
6.874107
6.838333
6.802320
6.764982
6.733624
6.706123
6.692600
6.689930
6.692457
6.698122
6.703947
6.710747
6.712973
6.705971
6.692993
6.672249
6.649124
6.623323
6.594200
6.567278
6.542025
6.525536
6.513096
6.502409
6.500206
6.503616
6.513596
6.525208
6.534027
6.541344
6.543455
6.541439
6.534618
6.522257
6.509548
6.496029
6.486961
6.482151
6.479168
6.488216
6.505945
6.529886
6.554911
6.576502
6.596954
6.614193
6.628593
6.638691
6.650942
6.663103
6.673283
6.685196
6.697273
6.709232
6.724178
6.738834
6.757822
6.776806
6.791698
6.805317
6.815830
6.825590
6.830303
6.827393
6.820591
6.810312
6.799601
6.788921
6.776693
6.770298
6.769840
6.779110
6.794481
6.810968
6.827911
6.842386
6.856272
6.864933
6.872448
6.872475
6.862877
6.849445
6.831972
6.818800
6.808151
6.797489
6.789358
6.782587
6.777306
6.771580
6.763378
6.757504
6.754225
6.750340
6.748991
6.746836
6.749863
6.753550
6.757748
6.756607
6.746658
6.732569
6.712208
6.682716
6.647770
6.609325
6.572594
6.538467
6.505404
6.482117
6.467531
6.463339
6.464409
6.463188
6.459595
6.450798
6.438747
6.420765
6.396749
6.377968
6.365776
6.359829
6.358892
6.358927
6.356810
6.348190
6.342220
6.335239
6.322777
6.309143
6.294956
6.283463
6.272976
6.257172
6.238251
6.215687
6.195213
6.177029
6.160515
6.151646
6.150198
6.157492
6.169086
6.175938
6.178345
6.171097
6.156958
6.136112
6.109858
6.090200
6.079338
6.079292
6.085642
6.093874
6.103296
6.109203
6.111719
6.110165
6.101498
6.095001
6.092272
6.094419
6.098604
6.102005
6.105930
6.105530
6.100826
6.089088
6.068695
6.045837
6.021275
6.000664
5.984438
5.971306
5.971119
5.982496
6.003149
6.027271
6.046560
6.061962
6.069168
6.070356
6.064014
6.048491
6.029100
6.009485
5.999760
5.998476
6.002789
6.013794
6.029375
6.048492
6.065332
6.074947
6.079327
6.079987
6.082058
6.085720
6.088903
6.097338
6.110258
6.128294
6.148094
6.163454
6.177448
6.187191
6.194036
6.194380
6.186733
6.177677
6.166603
6.156912
6.148037
6.138437
6.132492
6.127748
6.129128
6.132099
6.133228
6.135647
6.138344
6.144871
6.152889
6.159920
6.168310
6.177895
6.190552
6.202385
6.209286
6.215103
6.219332
6.218252
6.211296
6.199326
6.191238
6.186647
6.189716
6.199350
6.213364
6.234161
6.256775
6.279707
6.299314
6.310825
6.317823
6.320496
6.322144
6.322895
6.322914
6.327028
6.336336
6.351200
6.369169
6.386011
6.402859
6.417635
6.431786
6.442396
6.444763
6.444534
6.441908
6.440662
6.439377
6.436161
6.436359
6.438480
6.444244
6.450727
6.455597
6.461536
6.466709
6.474815
6.482752
6.486557
6.490164
6.493057
6.496853
6.499537
6.499531
6.504450
6.512165
6.524580
6.537333
6.548416
6.560118
6.567139
6.570976
6.571178
6.565302
6.559984
6.557348
6.559887
6.567146
6.574858
6.584629
6.593218
6.601858
6.606266
6.601341
6.590937
6.575842
6.561022
6.545624
6.528902
6.512968
6.497784
6.487072
6.477072
6.463711
6.453747
6.446854
6.445324
6.446352
6.448597
6.452099
6.452942
6.447277
6.433044
6.413908
6.395073
6.374826
6.361734
6.355957
6.355612
6.363192
6.375282
6.392258
6.407188
6.413958
6.414719
6.407673
6.397869
6.386620
6.373854
6.369450
6.373606
6.386644
6.404297
6.419235
6.432074
6.439512
6.439495
6.430069
6.409523
6.383926
6.355526
6.331821
6.313457
6.297909
6.294392
6.301622
6.315647
6.331638
6.344692
6.356077
6.361483
6.362228
6.356293
6.342659
6.327564
6.310604
6.300846
6.297188
6.296606
6.300718
6.306976
6.314922
6.319950
6.319944
6.317635
6.311855
6.312323
6.318531
6.327957
6.344330
6.364710
6.388977
6.410675
6.424374
6.432333
6.433182
6.431143
6.423946
6.411810
6.400137
6.389866
6.385548
6.384579
6.383793
6.389208
6.398502
6.410074
6.419298
6.423197
6.423538
6.417322
6.407320
6.394451
6.378229
6.363964
6.352722
6.350693
6.357361
6.368443
6.381895
6.394535
6.405979
6.411531
6.408110
6.398085
6.382175
6.369537
6.361614
6.355824
6.354660
6.355953
6.360914
6.365551
6.371878
6.375706
6.374794
6.376335
6.380384
6.387957
6.396849
6.405994
6.415510
6.423515
6.429739
6.431862
6.427799
6.417807
6.403923
6.389551
6.375029
6.358665
6.344690
6.332088
6.323112
6.316544
6.309397
6.303772
6.297935
6.298481
6.303158
6.306818
6.311148
6.314020
6.318064
6.321064
6.320992
6.318485
6.312723
6.301434
6.288811
6.273777
6.260813
6.249693
6.243103
6.242264
6.244373
6.256500
6.275658
6.296406
6.318056
6.338085
6.359127
6.378651
6.395153
6.406254
6.409243
6.408232
6.403370
6.401630
6.402771
6.404385
6.408022
6.413647
6.418751
6.425131
6.432341
6.439848
6.444073
6.447544
6.448431
6.444592
6.440603
6.435797
6.432522
6.430719
6.429089
6.431744
6.437647
6.447063
6.457691
6.466385
6.475937
6.483097
6.485483
6.484900
6.481251
6.476330
6.470852
6.464445
6.458235
6.452274
6.452715
6.457338
6.462420
6.464975
6.464676
6.468491
6.473377
6.475178
6.473692
6.469574
6.465126
6.458540
6.443899
6.425838
6.407990
6.393677
6.383190
6.376791
6.378639
6.386524
6.402433
6.422653
6.440872
6.455698
6.463730
6.465361
6.460714
6.455036
6.446491
6.431499
6.415766
6.398430
6.382362
6.367954
6.351768
6.336489
6.320824
6.304693
6.290840
6.279232
6.267530
6.254721
6.250574
6.254435
6.261486
6.271551
6.283318
6.293203
6.301548
6.306187
6.306732
6.301575
6.296795
6.292004
6.285992
6.282843
6.282707
6.288816
6.299307
6.310347
6.321892
6.333006
6.342522
6.353436
6.363337
6.379456
6.399063
6.422083
6.445024
6.465042
6.482952
6.496441
6.503908
6.507492
6.506092
6.507061
6.508686
6.509230
6.510689
6.513363
6.518883
6.525213
6.528679
6.531431
6.531624
6.531555
6.529787
6.527102
6.523550
6.520937
6.525761
6.535461
6.545654
6.556282
6.564798
6.572803
6.579027
6.583191
6.582397
6.576118
6.569305
6.562885
6.557526
6.557194
6.561422
6.567711
6.574877
6.585091
6.596409
6.605310
6.612675
6.617569
6.616627
6.611420
6.601711
6.589949
6.576073
6.558752
6.542948
6.528940
6.518101
6.509855
6.503128
6.500826
6.501194
6.508396
6.518812
6.531525
6.543638
6.550323
6.553738
6.553518
6.547129
6.537752
6.523905
6.509342
6.493435
6.479076
6.466406
6.453812
6.444815
6.437466
6.429535
6.422062
6.414532
6.408669
6.402523
6.394751
6.387684
6.381407
6.377682
6.373703
6.367775
6.362398
6.357214
6.356655
6.360138
6.366478
6.373997
6.379280
6.383995
6.385387
6.381470
6.375025
6.366508
6.362459
6.362743
6.365467
6.370993
6.378424
6.388775
6.398390
6.403755
6.405197
6.402323
6.398973
6.396124
6.396492
6.398987
6.402723
6.409075
6.417198
6.424429
6.431507
6.435764
6.441565
6.448069
6.453943
6.460743
6.468256
6.478407
6.489746
6.499771
6.507872
6.517326
6.529577
6.541553
6.550236
6.557861
6.563139
6.567711
6.570787
6.570908
6.568964
6.564257
6.559860
6.553787
6.545216
6.536736
6.528711
6.522099
6.517189
6.511898
6.509636
6.509235
6.511526
6.514572
6.516090
6.517235
6.517452
6.519547
6.522373
6.524708
6.528017
6.530685
6.534559
6.538324
6.538982
6.537001
6.531067
6.523426
6.514666
6.504463
6.495981
6.489395
6.485842
6.483742
6.481956
6.485426
6.492134
6.497322
6.498959
6.496037
6.493668
6.489649
6.486254
6.481934
6.474974
6.466665
6.455521
6.444092
6.430115
6.414238
6.398088
6.382465
6.370411
6.363058
6.358698
6.358761
6.360529
6.365793
6.371737
6.375952
6.379883
6.382023
6.384241
6.385801
6.385586
6.383106
6.377533
6.371902
6.366020
6.358761
6.352352
6.348450
6.349049
6.352423
6.357653
6.363382
6.369041
6.375378
6.381142
6.385000
6.389603
6.395628
6.401802
6.407526
6.410221
6.411068
6.409451
6.406977
6.404163
6.399897
6.397533
6.395802
6.397102
6.400988
6.405317
6.410332
6.414652
6.419374
6.423523
6.425180
6.425304
6.424877
6.427641
6.432705
6.438978
6.447559
6.457378
6.469131
6.480190
6.488358
6.493793
6.495380
6.495975
6.495340
6.492897
6.490952
6.489305
6.489918
6.491545
6.491848
6.493313
6.496033
6.500551
6.505135
6.509563
6.512878
6.514864
6.515640
6.515324
6.513090
6.510658
6.506454
6.502058
6.497013
6.491100
6.485363
6.479740
6.476692
6.475229
6.476292
6.477798
6.479202
6.481562
6.482275
6.481194
6.479069
6.475842
6.471222
6.465311
6.459351
6.452408
6.444538
6.437414
6.431377
6.426411
6.422390
6.419992
6.419762
6.419735
6.419685
6.419571
6.418571
6.416508
6.413773
6.413395
6.414663
6.415474
6.418411
6.422243
6.427174
6.430790
6.432869
6.432478
6.429689
6.424036
6.421864
6.422384
6.425705
6.429693
6.431170
6.426083
6.411114
6.386990
6.358112
6.329655
6.304457
6.284161
6.271275
6.267921
6.272686
6.284431
6.299648
6.314737
6.327745
6.336529
6.340887
6.340469
6.336031
6.328125
6.316868
6.302082
6.286928
6.271843
6.258369
6.246252
6.236086
6.227699
6.220407
6.213923
6.206930
6.200827
6.195999
6.192961
6.191845
6.191639
6.192245
6.193029
6.192663
6.190441
6.184151
6.173786
6.160450
6.148125
6.136978
6.128199
6.124149
6.124985
6.130964
6.140804
6.152323
6.163982
6.176437
6.187263
6.195517
6.200848
6.208055
6.216658
6.226290
6.235901
6.244747
6.254147
6.262096
6.269352
6.275829
6.279810
6.283426
6.286243
6.289734
6.294445
6.298958
6.304321
6.308899
6.313572
6.317142
6.319302
6.320963
6.321926
6.323145
6.324867
6.325974
6.328091
6.331369
6.336287
6.341202
6.345072
6.349392
6.353113
6.357586
6.361687
6.364521
6.367809
6.371166
6.374741
6.378031
6.380243
6.381767
6.382355
6.383295
6.382835
6.381451
6.380966
6.380505
6.379757
6.379879
6.379185
6.378166
6.376799
6.375137
6.373554
6.370899
6.368641
6.365431
6.363686
6.363050
6.363504
6.364145
6.365957
6.368704
6.370342
6.372681
6.375027
6.376284
6.377392
6.378586
6.378662
6.378927
6.380230
6.381622
6.382313
6.382847
6.383415
6.383957
6.383728
6.384203
6.383289
6.382637
6.381435
6.380289
6.379112
6.377285
6.375570
6.373657
6.371796
6.368763
6.364946
6.361977
6.358568
6.355087
6.352161
6.348970
6.345747
6.342709
6.340939
6.340313
6.340380
6.340368
6.339985
6.341042
6.341944
6.343563
6.344883
6.345333
6.344944
6.345367
6.346273
6.347391
6.349590
6.352083
6.354696
6.357946
6.361044
6.364399
6.367655
6.370794
6.373020
6.375448
6.377720
6.380920
6.383698
6.386194
6.388626
6.391258
6.394161
6.397049
6.399857
6.402481
6.404301
6.406147
6.407080
6.408499
6.411085
6.412306
6.413708
6.416092
6.418259
6.420097
6.420662
6.422001
6.422047
6.421665
6.421450
6.421143
6.421364
6.421440
6.420328
6.419260
6.417925
6.416313
6.414873
6.414003
6.414001
6.414881
6.414829
6.414545
6.413603
6.411894
6.409380
6.406998
6.404142
6.401802
6.399668
6.397823
6.395702
6.393391
6.392195
6.390232
6.387978
6.385456
6.383059
6.381014
6.378450
6.376686
6.374495
6.372290
6.369690
6.367134
6.365341
6.363375
6.361238
6.358513
6.357014
6.355370
6.353371
6.351601
6.349396
6.347101
6.344957
6.344435
6.343014
6.340706
6.337681
6.334991
6.332342
6.329819
6.326544
6.322548
6.319046
6.315947
6.313709
6.312485
6.311209
6.309366
6.307632
6.306244
6.305113
6.302612
6.300592
6.298782
6.296022
6.293135
6.290966
6.288349
6.285936
6.283566
6.281326
6.278851
6.276100
6.273155
6.269262
6.265770
6.262424
6.260050
6.256832
6.252136
6.247757
6.242779
6.238516
6.234222
6.230305
6.226522
6.222340
6.217728
6.212523
6.207819
6.203400
6.198694
6.194399
6.189936
6.184612
6.178940
6.172958
6.167557
6.162437
6.157417
6.151562
6.145592
6.140898
6.135714
6.131124
6.127337
6.123629
6.118446
6.112099
6.106201
6.100283
6.094578
6.089306
6.084255
6.078903
6.073566
6.067699
6.061132
6.054451
6.047485
6.040308
6.032999
6.026600
6.020187
6.013945
6.008205
6.002779
5.997267
5.991188
5.984966
5.978931
5.973341
5.967400
5.961468
5.954857
5.948833
5.942019
5.933981
5.924616
5.915739
5.907291
5.899433
5.891954
5.884560
5.877426
5.871809
5.864525
5.855976
5.845901
5.835312
5.826189
5.817728
5.809151
5.800066
5.791761
5.783806
5.774731
5.764507
5.753315
5.741661
5.731091
5.721157
5.712135
5.702696
5.693699
5.686750
5.679585
5.671371
5.661472
5.651178
5.640797
5.630070
5.621246
5.612331
5.603292
5.595043
5.585573
5.575397
5.563585
5.550808
5.537966
5.524765
5.513058
5.501642
5.491602
5.483040
5.473537
5.463438
5.453079
5.442940
5.433311
5.422138
5.409393
5.395809
5.382305
5.369469
5.356911
5.345287
5.332983
5.321665
5.311911
5.302498
5.293142
5.284063
5.274334
5.261726
5.248127
5.233608
5.218540
5.203671
5.188864
5.174297
5.161819
5.150970
5.140629
5.131260
5.120911
5.109903
5.098650
5.087353
5.075668
5.063059
5.048954
5.033459
5.017494
5.001318
4.986076
4.972336
4.961157
4.950928
4.938400
4.923954
4.910000
4.895630
4.879917
4.862488
4.845490
4.831387
4.819365
4.809320
4.798670
4.786871
4.775000
4.761730
4.747398
4.730667
4.711784
4.693071
4.674145
4.656260
4.637901
4.621922
4.609028
4.596958
4.585474
4.573080
4.559172
4.545820
4.530050
4.511988
4.492743
4.473358
4.455170
4.438221
4.423857
4.411911
4.399416
4.386824
4.370941
4.353970
4.334536
4.313772
4.293861
4.274940
4.256073
4.239351
4.223501
4.209604
4.195450
4.180683
4.164261
4.147930
4.132196
4.115465
4.100168
4.087246
4.074211
4.060776
4.048050
4.036915
4.021208
4.002502
3.982029
3.960398
3.938519
3.918264
3.899202
3.882160
3.867641
3.856638
3.843557
3.829496
3.814667
3.798508
3.780861
3.760052
3.740042
3.723434
3.708832
3.695320
3.681345
3.667686
3.654860
3.638924
3.620569
3.599926
3.579082
3.559898
3.541645
3.525057
3.508141
3.491539
3.477787
3.463982
3.450901
3.435909
3.420725
3.407156
3.391834
3.376175
3.359806
3.344128
3.331385
3.320055
3.309557
3.300537
3.289843
3.277161
3.262993
3.248976
3.232889
3.216658
3.203085
3.191374
3.184071
3.182056
3.183287
3.187832
3.191681
3.194876
3.195124
3.192707
3.191051
3.187943
3.184338
3.176750
3.167000
3.158810
3.152889
3.149126
3.147266
3.148224
3.151939
3.156080
3.160385
3.161556
3.158695
3.156195
3.151228
3.144768
3.139256
3.136902
3.133516
3.130249
3.130764
3.133369
3.137630
3.144249
3.150137
3.152870
3.153028
3.150671
3.148922
3.144512
3.139015
3.134554
3.132792
3.134514
3.139496
3.147804
3.157597
3.167671
3.178616
3.184652
3.186916
3.186790
3.186234
3.186878
3.184891
3.182701
3.181026
3.180195
3.180481
3.179953
3.179798
3.178200
3.178024
3.178823
3.178541
3.177130
3.170494
3.162003
3.152969
3.143543
3.133909
3.123510
3.115482
3.110565
3.108160
3.107779
3.104097
3.098574
3.092819
3.086893
3.080614
3.076710
3.073616
3.071968
3.071362
3.074038
3.082085
3.092777
3.104206
3.114201
3.123348
3.130157
3.137161
3.144760
3.150944
3.157110
3.165840
3.171368
3.175518
3.178766
3.183014
3.189165
3.192944
3.197184
3.200718
3.205929
3.214600
3.220249
3.223827
3.224022
3.222992
3.223093
3.221788
3.219727
3.217592
3.218758
3.224295
3.229597
3.237799
3.245165
3.252373
3.257093
3.260292
3.265169
3.269129
3.274157
3.279810
3.282202
3.282516
3.279383
3.274899
3.271976
3.267574
3.263947
3.260101
3.255919
3.252563
3.245716
3.237545
3.225653
3.213207
3.201218
3.189850
3.180552
3.172409
3.166807
3.165129
3.164234
3.164576
3.163881
3.161781
3.158680
3.151142
3.141308
3.129059
3.116798
3.101786
3.086536
3.075762
3.068146
3.064718
3.064529
3.067707
3.074160
3.082331
3.092634
3.104923
3.112926
3.116028
3.111923
3.104107
3.096298
3.084738
3.072405
3.059502
3.048086
3.042122
3.042309
3.048021
3.056833
3.068907
3.081688
3.089991
3.093945
3.092018
3.086088
3.079521
3.070103
3.059288
3.049744
3.044086
3.045551
3.046349
3.046726
3.046474
3.046511
3.048746
3.050472
3.053801
3.058283
3.064005
3.072681
3.081436
3.089764
3.094074
3.094715
3.094036
3.087788
3.078560
3.065212
3.050125
3.035549
3.020889
3.009167
2.998463
2.989218
2.979256
2.969460
2.963743
2.958549
2.955994
2.958073
2.962105
2.970858
2.980118
2.992916
3.009789
3.024448
3.035994
3.044411
3.050394
3.056753
3.060352
3.065756
3.068954
3.071636
3.076412
3.082096
3.088978
3.091198
3.090055
3.086271
3.080244
3.074318
3.067303
3.063143
3.065285
3.072262
3.084288
3.101551
3.119143
3.136883
3.150356
3.160191
3.160906
3.153742
3.143490
3.131062
3.119638
3.107977
3.099279
3.096668
3.098574
3.104067
3.104965
3.101028
3.094139
3.082237
3.067781
3.049603
3.031059
3.015995
3.004936
2.998819
2.989616
2.979296
2.970755
2.960964
2.951572
2.939068
2.926689
2.916309
2.910482
2.911934
2.917587
2.927147
2.941132
2.954407
2.965031
2.973877
2.981342
2.984787
2.979527
2.971207
2.959850
2.948282
2.939583
2.929995
2.921713
2.915253
2.914202
2.921686
2.934610
2.951334
2.969070
2.988842
3.009407
3.027723
3.043863
3.054142
3.062141
3.070091
3.078419
3.088726
3.095913
3.099821
3.103127
3.102081
3.097027
3.085182
3.071329
3.058290
3.045036
3.034189
3.023006
3.013506
3.010046
3.006659
3.002514
2.995031
2.987497
2.982309
2.977531
2.974596
2.970407
2.967863
2.969313
2.969036
2.969067
2.967379
2.965385
2.965202
2.962267
2.958336
2.949043
2.937115
2.924141
2.909414
2.893999
2.878265
2.863342
2.851864
2.841042
2.832294
2.822418
2.814615
2.810684
2.808109
2.807159
2.810150
2.813877
2.819664
2.823984
2.829983
2.835104
2.840509
2.848856
2.856243
2.863163
2.867167
2.867956
2.869013
2.866613
2.862225
2.848343
2.828991
2.810272
2.789616
2.768431
2.745630
2.725697
2.713205
2.703903
2.700588
2.698347
2.697050
2.699017
2.699604
2.699177
2.695759
2.692665
2.693892
2.694458
2.697536
2.700943
2.704947
2.712643
2.718967
2.726442
2.733612
2.740688
2.751080
2.760590
2.771626
2.782555
2.795254
2.810099
2.823668
2.838852
2.853708
2.870569
2.888575
2.909098
2.933136
2.955997
2.977169
2.996887
3.008904
3.013268
3.004250
2.986757
2.968884
2.948868
2.931795
2.916040
2.907314
2.909348
2.918613
2.935152
2.952705
2.970392
2.987471
2.997620
3.000652
2.995520
2.985855
2.975597
2.963743
2.952034
2.940422
2.932495
2.932158
2.932283
2.935106
2.937757
2.942268
2.950514
2.958553
2.966240
2.972073
2.978027
2.986717
2.991838
2.994324
2.991814
2.987640
2.981207
2.975262
2.973782
2.972652
2.974457
2.980274
2.985394
2.990471
2.989784
2.984077
2.978310
2.968016
2.955833
2.940540
2.926235
2.919315
2.918407
2.924747
2.932602
2.943756
2.960533
2.976406
2.992943
3.006927
3.019318
3.034113
3.047150
3.058514
3.060438
3.057375
3.053839
3.048515
3.045158
3.042753
3.046780
3.059080
3.080759
3.112602
3.153549
3.193680
3.229609
3.262123
3.287237
3.305061
3.317772
3.325884
3.333750
3.343554
3.355886
3.371296
3.381504
3.376806
3.351049
3.307747
3.256641
3.207911
3.154716
3.102928
3.051205
3.004471
2.968582
2.940929
2.926373
2.924635
2.936630
2.969269
3.019230
3.084339
3.149691
3.208075
3.254097
3.273338
3.266483
3.233540
3.183739
3.128399
3.072386
3.024574
2.985115
2.957659
2.946184
2.944077
2.951694
2.962217
2.974796
2.992174
3.007671
3.023340
3.034576
3.043919
3.055019
3.063293
3.069744
3.072487
3.074598
3.080448
3.081179
3.081898
3.081326
3.084450
3.093811
3.107817
3.125347
3.142357
3.161911
3.183567
3.201576
3.216896
3.227751
3.236086
3.245289
3.251049
3.255219
3.253262
3.249622
3.249634
3.251219
3.258478
3.266594
3.279385
3.299404
3.321083
3.342827
3.356417
3.362797
3.364649
3.356815
3.340420
3.313856
3.282537
3.253902
3.226110
3.203306
3.175714
3.146418
3.123369
3.105700
3.093964
3.085363
3.081074
3.086403
3.095268
3.106661
3.113621
3.116674
3.117865
3.113789
3.105963
3.086094
3.059132
3.034042
3.009531
2.988281
2.970589
2.961607
2.965580
2.978418
2.999592
3.021385
3.045519
3.071800
3.093452
3.109455
3.115376
3.115173
3.116199
3.110559
3.101971
3.088745
3.077745
3.071329
3.064705
3.061539
3.060383
3.062727
3.070625
3.079147
3.088379
3.094555
3.100407
3.108536
3.115021
3.121712
3.124825
3.127401
3.133213
3.132824
3.127346
3.117544
3.107277
3.102909
3.102129
3.107815
3.117971
3.135157
3.161509
3.186180
3.209078
3.227007
3.239916
3.245789
3.247650
3.249092
3.249069
3.249271
3.252472
3.253151
3.254244
3.246725
3.234539
3.215973
3.194927
3.177814
3.163227
3.154297
3.156956
3.166092
3.182505
3.199547
3.217037
3.237028
3.252211
3.262875
3.264679
3.261036
3.258848
3.250214
3.240074
3.232481
3.224773
3.221682
3.224178
3.233892
3.250008
3.274042
3.307045
3.340998
3.375473
3.403645
3.424557
3.439350
3.436054
3.419815
3.391518
3.357845
3.321938
3.291834
3.275757
3.269920
3.274899
3.290226
3.310123
3.332293
3.350174
3.362448
3.373138
3.379164
3.382051
3.379330
3.373653
3.369213
3.363972
3.360413
3.354496
3.348467
3.346962
3.345249
3.344723
3.343630
3.345032
3.346090
3.350811
3.362801
3.368477
3.368490
3.368874
3.368176
3.365820
3.366409
3.361471
3.353891
3.347185
3.344933
3.335417
3.320036
3.302877
3.279751
3.252293
3.219173
3.187334
3.165611
3.152176
3.147688
3.144424
3.144150
3.149490
3.155500
3.162094
3.165520
3.167887
3.175186
3.185770
3.201334
3.215820
3.229046
3.243298
3.250805
3.252090
3.244085
3.231285
3.216227
3.204365
3.202484
3.206440
3.218246
3.240261
3.266865
3.295841
3.320122
3.341362
3.361389
3.374680
3.380526
3.372334
3.354546
3.329420
3.303009
3.281326
3.262321
3.248655
3.244640
3.246937
3.255562
3.272972
3.290512
3.304922
3.312185
3.315979
3.313253
3.309265
3.305981
3.301311
3.298382
3.292984
3.286236
3.279541
3.271305
3.262173
3.245716
3.224998
3.207127
3.190193
3.178646
3.169308
3.166267
3.174778
3.189127
3.209778
3.228605
3.246212
3.262043
3.270866
3.273191
3.267921
3.259216
3.250389
3.241327
3.233442
3.219374
3.202686
3.187845
3.178761
3.169336
3.157310
3.147709
3.147076
3.152130
3.163475
3.176844
3.193855
3.214993
3.232716
3.247431
3.255924
3.260170
3.263252
3.262625
3.259792
3.252693
3.244917
3.242275
3.241198
3.245020
3.251366
3.262562
3.281517
3.306431
3.336771
3.359341
3.374737
3.388035
3.394814
3.397038
3.398506
3.403740
3.418024
3.434658
3.454651
3.466684
3.469006
3.465485
3.450052
3.427078
3.397888
3.372877
3.359596
3.358700
3.371077
3.391083
3.415302
3.441856
3.462006
3.473755
3.472939
3.464481
3.455166
3.444958
3.437479
3.430935
3.429615
3.437183
3.448933
3.464088
3.473520
3.479130
3.484077
3.486654
3.489059
3.486624
3.482975
3.476036
3.470127
3.469162
3.466393
3.463326
3.461115
3.453613
3.442278
3.426397
3.410025
3.385828
3.359039
3.336845
3.318312
3.304441
3.298870
3.296347
3.300861
3.308466
3.321980
3.342316
3.361551
3.376219
3.382177
3.381197
3.377199
3.370733
3.364199
3.352308
3.339903
3.332560
3.328161
3.329351
3.333176
3.342690
3.360138
3.378857
3.397903
3.410122
3.416920
3.419895
3.411295
3.395115
3.372723
3.349152
3.330406
3.314545
3.305655
3.302355
3.305916
3.316545
3.328550
3.340248
3.342358
3.338497
3.332384
3.319674
3.305218
3.287313
3.272676
3.259867
3.252630
3.255175
3.266239
3.274590
3.279781
3.280279
3.277681
3.270788
3.262215
3.257107
3.254803
3.258781
3.265535
3.277323
3.295851
3.315041
3.332668
3.342600
3.346529
3.347534
3.343990
3.337196
3.320068
3.297089
3.275692
3.256229
3.240841
3.229353
3.225956
3.233189
3.247244
3.266859
3.286077
3.303795
3.310143
3.306591
3.299122
3.285271
3.268635
3.255325
3.243063
3.236208
3.233927
3.238047
3.239983
3.239157
3.241051
3.240530
3.241175
3.244186
3.250256
3.262249
3.276749
3.295689
3.314533
3.332409
3.349632
3.355539
3.350925
3.340591
3.325254
3.307276
3.286009
3.267420
3.257971
3.254812
3.259068
3.258560
3.255911
3.256531
3.254642
3.252037
3.245834
3.241688
3.237934
3.237431
3.242701
3.248301
3.254595
3.262825
3.263187
3.256210
3.242001
3.227308
3.219398
3.218693
3.225689
3.239296
3.259628
3.287184
3.309135
3.324581
3.331406
3.330856
3.320513
3.307247
3.298197
3.289864
3.285009
3.286331
3.288155
3.291294
3.290295
3.286575
3.272320
3.251305
3.231115
3.211954
3.197355
3.191010
3.191719
3.201237
3.211203
3.220745
3.225368
3.228096
3.230276
3.227968
3.225616
3.220928
3.217083
3.217211
3.220161
3.226341
3.232134
3.238981
3.248060
3.255760
3.264683
3.277363
3.290043
3.303358
3.315060
3.325470
3.337896
3.346178
3.351810
3.348186
3.338879
3.323137
3.305470
3.289663
3.273249
3.258745
3.245293
3.235653
3.232210
3.231668
3.234179
3.241594
3.251474
3.262241
3.264635
3.260851
3.250990
3.238037
3.226576
3.214045
3.203533
3.194294
3.189642
3.193066
3.196289
3.198532
3.197689
3.197477
3.198303
3.200058
3.205074
3.214325
3.227453
3.246813
3.262806
3.273590
3.277287
3.277863
3.277161
3.270979
3.263348
3.253881
3.246052
3.244085
3.241232
3.237259
3.228807
3.218498
3.208542
3.198111
3.190018
3.180468
3.174765
3.176165
3.179184
3.186720
3.191830
3.196154
3.201851
3.198832
3.189562
3.174576
3.158707
3.146000
3.132856
3.123535
3.116531
3.114021
3.121054
3.131268
3.142717
3.153835
3.164814
3.177145
3.188553
3.200294
3.207890
3.213657
3.219704
3.218452
3.211706
3.197788
3.181225
3.166857
3.152870
3.144007
3.139069
3.139832
3.147400
3.155376
3.164871
3.165535
3.158375
3.147743
3.134655
3.122084
3.109579
3.102406
3.105434
3.115063
3.130358
3.145590
3.159279
3.172268
3.177647
3.176870
3.169296
3.160105
3.154009
3.143709
3.133068
3.121500
3.115974
3.116968
3.120565
3.128048
3.142092
3.158360
3.176367
3.193802
3.208344
3.213120
3.210827
3.206448
3.197901
3.187199
3.173317
3.161160
3.155209
3.151800
3.153450
3.156330
3.160091
3.165688
3.168720
3.169519
3.161613
3.150520
3.142315
3.136982
3.135849
3.136379
3.141594
3.153345
3.168486
3.187317
3.199186
3.205233
3.208818
3.205765
3.196587
3.183136
3.173283
3.170614
3.174202
3.184063
3.198780
3.218248
3.242844
3.262453
3.275702
3.279243
3.278091
3.275684
3.269825
3.265079
3.262358
3.264153
3.270376
3.279488
3.290493
3.299768
3.306906
3.313206
3.309153
3.299723
3.283710
3.265911
3.250629
3.236111
3.227312
3.223965
3.228672
3.241701
3.258059
3.276739
3.292963
3.305912
3.316048
3.313843
3.301666
3.282116
3.262274
3.247173
3.234959
3.226788
3.222298
3.223211
3.231556
3.243301
3.257458
3.268799
3.277742
3.286179
3.287142
3.283426
3.280420
3.281124
3.278809
3.275551
3.275494
3.279343
3.287621
3.300426
3.308453
3.311110
3.304028
3.291178
3.276142
3.257025
3.239000
3.223911
3.215672
3.216263
3.216473
3.215691
3.212048
3.207949
3.203676
3.198078
3.194447
3.190920
3.191126
3.196007
3.202276
3.210361
3.214819
3.216949
3.219589
3.216354
3.209309
3.198748
3.189606
3.185265
3.182554
3.184473
3.187906
3.194668
3.206921
3.215954
3.223068
3.225306
3.226549
3.229544
3.232534
3.236219
3.241949
3.252346
3.266077
3.279026
3.291565
3.299847
3.302736
3.303354
3.298840
3.290758
3.278521
3.266792
3.257545
3.248379
3.241282
3.238785
3.235996
3.232782
3.226761
3.218786
3.201584
3.177395
3.152063
3.126820
3.104382
3.082527
3.067101
3.063099
3.066252
3.077204
3.089100
3.101154
3.113331
3.120832
3.123608
3.123941
3.122276
3.122250
3.119040
3.115948
3.111156
3.106585
3.103998
3.101143
3.098190
3.094143
3.091738
3.092766
3.095974
3.103449
3.112949
3.126814
3.144428
3.160408
3.174963
3.183228
3.187769
3.191883
3.192883
3.192829
3.191803
3.193243
3.197794
3.201611
3.205677
3.207657
3.209780
3.213390
3.213747
3.211300
3.204193
3.195295
3.187914
3.175617
3.159201
3.140509
3.123590
3.111307
3.100639
3.091963
3.086010
3.083519
3.086716
3.091942
3.099325
3.108112
3.117208
3.127064
3.135031
3.143105
3.146818
3.148363
3.150364
3.148514
3.144623
3.138597
3.133774
3.132551
3.133726
3.140152
3.148737
3.160629
3.175333
3.187056
3.197430
3.201725
3.201342
3.198421
3.193417
3.188231
3.188202
3.192268
3.203281
3.218546
3.238461
3.258512
3.277889
3.296539
3.311134
3.322477
3.327656
3.328690
3.329504
3.326349
3.319510
3.314404
3.309414
3.305450
3.303574
3.307402
3.316006
3.326168
3.338554
3.352787
3.360390
3.358784
3.351452
3.342836
3.332134
3.324005
3.321648
3.323013
3.329807
3.339783
3.353046
3.363342
3.371609
3.379150
3.382559
3.383072
3.382820
3.381542
3.382433
3.385273
3.391800
3.396908
3.398949
3.401424
3.401529
3.399559
3.398153
3.396763
3.398067
3.401009
3.408504
3.419237
3.431246
3.445034
3.452492
3.453714
3.451679
3.446819
3.442001
3.436125
3.432491
3.433586
3.437033
3.443596
3.449787
3.456978
3.464737
3.467653
3.464828
3.455421
3.441540
3.429741
3.417877
3.407112
3.397717
3.391428
3.382494
3.369217
3.355940
3.341761
3.326683
3.309748
3.293911
3.282494
3.275017
3.271082
3.268244
3.267189
3.267773
3.263924
3.258009
3.252453
3.245148
3.238316
3.231905
3.227757
3.225792
3.226044
3.228878
3.231838
3.235634
3.235769
3.234581
3.234703
3.232803
3.230743
3.227581
3.224228
3.222523
3.220074
3.216913
3.209236
3.199102
3.189037
3.178930
3.171745
3.165396
3.161001
3.160564
3.161469
3.163862
3.165379
3.167877
3.171703
3.172884
3.173456
3.172287
3.170315
3.171116
3.173164
3.176884
3.184206
3.193062
3.203117
3.211575
3.219753
3.224056
3.225376
3.226688
3.227505
3.226864
3.226055
3.226868
3.232939
3.240219
3.249825
3.258593
3.265644
3.272068
3.273602
3.270210
3.262341
3.250870
3.239685
3.225681
3.212423
3.202484
3.195156
3.191475
3.189344
3.189404
3.190834
3.193371
3.198252
3.200094
3.198235
3.191643
3.182585
3.172432
3.162611
3.154058
3.149761
3.149906
3.154377
3.158329
3.162056
3.164587
3.166214
3.167389
3.167551
3.171741
3.178562
3.190210
3.205448
3.220776
3.234280
3.241764
3.243696
3.240005
3.228672
3.213829
3.196560
3.181458
3.171175
3.162098
3.158915
3.159048
3.162441
3.168858
3.175611
3.181841
3.187735
3.189047
3.187565
3.184837
3.182030
3.178501
3.177843
3.182318
3.190041
3.200813
3.211426
3.222939
3.235332
3.245914
3.253754
3.256180
3.254393
3.250675
3.246357
3.243351
3.239273
3.238483
3.242300
3.248320
3.254921
3.259905
3.264099
3.269091
3.271875
3.271713
3.266701
3.260769
3.255421
3.251076
3.247601
3.242870
3.238506
3.235319
3.231812
3.227980
3.223475
3.219498
3.215488
3.209763
3.204622
3.198996
3.193737
3.189249
3.182178
3.173050
3.163116
3.155422
3.151033
3.147614
3.145716
3.144444
3.143833
3.143967
3.142588
3.141239
3.136454
3.129484
3.122265
3.114397
3.107635
3.101759
3.098104
3.098299
3.097988
3.099621
3.102097
3.107059
3.114601
3.120001
3.125036
3.128361
3.131601
3.134983
3.134287
3.131273
3.126190
3.121128
3.118315
3.114777
3.113415
3.113947
3.115795
3.118744
3.122597
3.125593
3.127478
3.127110
3.126488
3.124020
3.120182
3.115349
3.111755
3.109447
3.107622
3.105808
3.105356
3.106270
3.108728
3.109680
3.109985
3.110865
3.112642
3.116064
3.119244
3.122892
3.126451
3.130028
3.134878
3.139782
3.142679
3.142424
3.140755
3.137897
3.132999
3.127617
3.121931
3.117268
3.115377
3.113251
3.111734
3.112083
3.113775
3.117893
3.124260
3.131962
3.140545
3.146996
3.153812
3.157532
3.158979
3.158920
3.158752
3.157528
3.156441
3.158110
3.161816
3.167507
3.176758
3.188725
3.203106
3.217232
3.230370
3.242947
3.253229
3.262451
3.270056
3.275906
3.280758
3.284035
3.287106
3.287338
3.286411
3.285034
3.284630
3.286812
3.290459
3.294888
3.301489
3.308998
3.318699
3.328262
3.336123
3.341503
3.344166
3.346085
3.345167
3.343845
3.344208
3.345798
3.348749
3.354218
3.359118
3.362663
3.364878
3.366957
3.368877
3.370569
3.372271
3.374718
3.378868
3.382883
3.387850
3.392565
3.395069
3.396128
3.395752
3.394014
3.391230
3.387165
3.382227
3.376923
3.372908
3.370182
3.368380
3.365925
3.361420
3.356510
3.352066
3.348238
3.344013
3.338959
3.334049
3.329433
3.325966
3.324041
3.321766
3.319580
3.317070
3.314823
3.313282
3.310143
3.305141
3.300192
3.295336
3.290981
3.286648
3.281992
3.276447
3.271887
3.268223
3.262989
3.256748
3.250187
3.244963
3.239365
3.233063
3.226395
3.219622
3.213537
3.208199
3.203407
3.199320
3.195339
3.191092
3.186369
3.182371
3.177097
3.172054
3.167074
3.162172
3.158482
3.153652
3.149853
3.146339
3.142647
3.139900
3.137398
3.136131
3.135700
3.134527
3.133114
3.131447
3.130598
3.128899
3.126953
3.126015
3.125704
3.126019
3.126488
3.127155
3.128887
3.130951
3.132181
3.134262
3.137236
3.141483
3.146460
3.151745
3.158241
3.165089
3.169775
3.172913
3.176292
3.179592
3.182459
3.186005
3.189137
3.191963
3.194315
3.196886
3.199350
3.202007
3.203835
3.205399
3.206404
3.208202
3.210075
3.212053
3.215006
3.217524
3.219875
3.221542
3.223152
3.224432
3.225719
3.226822
3.227135
3.229282
3.230511
3.232872
3.235649
3.238020
3.239750
3.242001
3.243246
3.244141
3.244917
3.246174
3.247337
3.247864
3.248779
3.251314
3.252930
3.255123
3.257597
3.259659
3.262150
3.264507
3.266701
3.268538
3.269535
3.271446
3.273712
3.277363
3.279934
3.282837
3.285542
3.288212
3.290281
3.292339
3.294273
3.297638
3.301666
3.305819
3.308205
3.310396
3.312077
3.312916
3.315212
3.317562
3.320599
3.324009
3.327181
3.330273
3.333426
3.336807
3.340168
3.343067
3.346581
3.350025
3.353588
3.357220
3.359535
3.362379
3.366167
3.370300
3.374403
3.378267
3.382349
3.386486
3.389780
3.391068
3.391460
3.393139
3.395531
3.399790
3.404037
3.408358
3.413437
3.418983
3.424595
3.429245
3.433056
3.436489
3.439621
3.442650
3.445667
3.448942
3.452845
3.457270
3.462027
3.467798
3.472528
3.477417
3.482597
3.488310
3.494148
3.499695
3.505474
3.511305
3.516943
3.522873
3.528910
3.535393
3.541286
3.547173
3.552933
3.559639
3.565746
3.570942
3.576225
3.580534
3.584270
3.589111
3.594509
3.600395
3.607449
3.614239
3.620949
3.626228
3.632629
3.640060
3.647400
3.655571
3.662737
3.669971
3.677273
3.684282
3.691694
3.699610
3.707024
3.715385
3.723228
3.730965
3.738556
3.745653
3.753244
3.761730
3.769796
3.777836
3.785753
3.793154
3.800402
3.809376
3.818457
3.828075
3.837852
3.846149
3.854284
3.862535
3.871172
3.881298
3.891924
3.902275
3.912008
3.922699
3.933788
3.944241
3.953867
3.962591
3.970474
3.979965
3.988626
3.998100
4.008167
4.019337
4.031261
4.042919
4.055099
4.065220
4.075294
4.085331
4.095093
4.105816
4.115711
4.123703
4.131180
4.138607
4.147110
4.156626
4.165997
4.176081
4.186422
4.197723
4.209091
4.219664
4.229357
4.237471
4.245947
4.255312
4.266775
4.280029
4.294037
4.309427
4.324160
4.339266
4.353382
4.366642
4.380991
4.394470
4.405964
4.417866
4.430473
4.443180
4.454987
4.468025
4.480938
4.493254
4.505816
4.518185
4.531025
4.543720
4.555262
4.566700
4.577486
4.590790
4.605944
4.621801
4.638920
4.655376
4.672043
4.686829
4.699867
4.712463
4.724390
4.736885
4.748951
4.761370
4.774321
4.789095
4.805393
4.822247
4.837318
4.852131
4.866295
4.881334
4.895555
4.908484
4.921631
4.935015
4.949917
4.964546
4.979645
4.996500
5.013527
5.030880
5.046322
5.059124
5.070478
5.081203
5.093639
5.107439
5.120029
5.133543
5.147038
5.161579
5.176891
5.191570
5.204273
5.214863
5.226057
5.237391
5.248545
5.259712
5.270004
5.282074
5.293999
5.304028
5.316639
5.331394
5.347065
5.363686
5.379662
5.395500
5.410889
5.425892
5.439606
5.451778
5.466661
5.483212
5.500004
5.517359
5.535347
5.553396
5.570860
5.587770
5.602312
5.615414
5.630779
5.648527
5.668098
5.687424
5.705963
5.725094
5.742853
5.759516
5.775669
5.790489
5.805624
5.820143
5.836523
5.854063
5.873295
5.894302
5.915880
5.935394
5.955526
5.974730
5.993458
6.010618
6.026653
6.043056
6.058132
6.074299
6.090717
6.108921
6.127598
6.145952
6.166039
6.186197
6.207203
6.227592
6.247986
6.268478
6.287806
6.306499
6.324331
6.339933
6.354965
6.370621
6.385633
6.401726
6.418276
6.437256
6.455849
6.474056
6.492355
6.509819
6.529354
6.550484
6.572905
6.593601
6.611790
6.628550
6.642935
6.656572
6.669083
6.680771
6.692770
6.704899
6.719017
6.734819
6.750202
6.767277
6.784996
6.805042
6.824516
6.842335
6.859724
6.875298
6.894699
6.915722
6.935118
6.953707
6.972679
6.992718
7.010725
7.024176
7.035408
7.044333
7.055447
7.069168
7.083786
7.100121
7.117344
7.134991
7.151415
7.163624
7.172878
7.179678
7.186050
7.193306
7.200836
7.209845
7.220360
7.234667
7.249567
7.261826
7.274536
7.286610
7.298145
7.307825
7.314003
7.318937
7.321426
7.322130
7.320225
7.314739
7.307463
7.298309
7.292120
7.288231
7.284430
7.280651
7.275562
7.269421
7.260687
7.247601
7.232040
7.214512
7.200212
7.188755
7.177849
7.169752
7.163620
7.156765
7.150684
7.142456
7.132101
7.120249
7.107620
7.093235
7.078228
7.067566
7.060501
7.055109
7.051437
7.047899
7.043657
7.036591
7.027140
7.013111
6.995203
6.975527
6.954405
6.935616
6.918715
6.903717
6.893204
6.886414
6.886480
6.891731
6.897598
6.904505
6.910419
6.912773
6.908922
6.898249
6.883186
6.865646
6.844845
6.826023
6.810215
6.798553
6.789486
6.783524
6.779940
6.775112
6.769306
6.762390
6.751993
6.740585
6.727730
6.719933
6.717413
6.716116
6.713913
6.714327
6.719685
6.725773
6.732201
6.736542
6.736271
6.734903
6.731489
6.730202
6.730675
6.732300
6.738033
6.747131
6.759216
6.772795
6.784706
6.796686
6.807236
6.820929
6.835434
6.847202
6.857906
6.866337
6.870430
6.872101
6.869421
6.865789
6.860649
6.857624
6.858009
6.860846
6.871538
6.889229
6.910671
6.932009
6.949453
6.966984
6.983110
6.993486
6.999807
7.001823
6.997747
6.985130
6.957170
6.904518
6.833874
6.762600
6.703232
6.666546
6.653252
6.660250
6.686964
6.723978
6.764496
6.800068
6.825687
6.842514
6.850578
6.851742
6.845657
6.831749
6.813402
6.791744
6.769180
6.744099
6.716442
6.688974
6.661673
6.637726
6.615229
6.593159
6.573700
6.556025
6.544952
6.537731
6.529005
6.521959
6.514141
6.507223
6.500278
6.492382
6.485884
6.479900
6.476133
6.474113
6.472565
6.474056
6.478374
6.484049
6.496923
6.515636
6.537971
6.561916
6.587242
6.610836
6.630131
6.645504
6.656902
6.667328
6.676838
6.685287
6.695507
6.707485
6.728523
6.756718
6.786499
6.818558
6.849937
6.880188
6.905996
6.923264
6.936745
6.945066
6.953281
6.960827
6.967491
6.977804
6.990568
7.004536
7.020586
7.037109
7.058403
7.082249
7.106321
7.127510
7.142582
7.154522
7.161589
7.165924
7.165932
7.159994
7.152584
7.143341
7.136990
7.133255
7.131924
7.134857
7.140034
7.144268
7.149441
7.152330
7.155077
7.155397
7.158289
7.160471
7.159504
7.156096
7.147141
7.135923
7.119297
7.095074
7.067291
7.037247
7.013054
6.995554
6.984169
6.977999
6.975271
6.975956
6.975508
6.966736
6.953526
6.931322
6.903296
6.871126
6.833380
6.797138
6.761051
6.729504
6.702106
6.674271
6.648697
6.622627
6.602221
6.585388
6.566994
6.549252
6.530300
6.512642
6.496014
6.476383
6.454185
6.427290
6.401066
6.374947
6.347980
6.324856
6.306713
6.296299
6.291800
6.289713
6.291857
6.294540
6.294680
6.289528
6.278576
6.268696
6.258839
6.251350
6.244411
6.237457
6.235189
6.233978
6.234741
6.235847
6.234558
6.232450
6.229658
6.227684
6.225328
6.221237
6.214699
6.207008
6.204853
6.206989
6.210577
6.216972
6.224522
6.237125
6.252594
6.269184
6.290834
6.313892
6.335192
6.353512
6.365540
6.374119
6.378067
6.381409
6.386013
6.390457
6.397377
6.406975
6.424427
6.446022
6.467581
6.490284
6.512749
6.535942
6.557037
6.573641
6.583652
6.592112
6.603470
6.616699
6.629345
6.643641
6.659237
6.677797
6.695522
6.709528
6.722126
6.731194
6.738329
6.744373
6.747646
6.756721
6.771111
6.786324
6.803154
6.816919
6.824249
6.820854
6.813135
6.801090
6.781326
6.760975
6.742630
6.733046
6.730877
6.732155
6.737576
6.742937
6.748112
6.749266
6.743219
6.735182
6.722633
6.709604
6.698624
6.688484
6.683372
6.681005
6.684586
6.690836
6.695612
6.700602
6.703632
6.705883
6.705236
6.700062
6.694296
6.688974
6.688387
6.690903
6.695593
6.704752
6.715963
6.735430
6.758274
6.777086
6.792536
6.802795
6.804104
6.797438
6.782536
6.761433
6.735544
6.711536
6.690708
6.672966
6.661198
6.653992
6.653233
6.655046
6.654501
6.654453
6.653633
6.659365
6.668213
6.677092
6.687536
6.697689
6.703274
6.704689
6.699610
6.684917
6.664291
6.649897
6.643013
6.641727
6.647356
6.658169
6.675461
6.692642
6.705301
6.710030
6.706621
6.696415
6.680256
6.666801
6.662617
6.666615
6.681005
6.700684
6.721170
6.747656
6.769220
6.787151
6.793840
6.784943
6.768085
6.744377
6.720943
6.702389
6.688974
6.685884
6.689373
6.699261
6.710472
6.718449
6.724182
6.725397
6.725262
6.722452
6.715675
6.713066
6.714373
6.715244
6.716869
6.717651
6.718536
6.715649
6.705704
6.691713
6.674164
6.659555
6.647854
6.648720
6.661360
6.679436
6.702650
6.726807
6.744478
6.751707
6.745693
6.735371
6.721966
6.710537
6.698551
6.685686
6.681757
6.683485
6.687651
6.689432
6.685490
6.677570
6.665997
6.657207
6.649921
6.644993
6.647396
6.656275
6.672533
6.690998
6.707058
6.723267
6.735037
6.744701
6.749897
6.747452
6.746681
6.746410
6.748341
6.750561
6.749283
6.750643
6.751869
6.755259
6.758730
6.760098
6.762732
6.766380
6.779043
6.797932
6.816650
6.838034
6.858074
6.876911
6.890221
6.896410
6.897478
6.893188
6.892403
6.895966
6.900045
6.908331
6.918186
6.931072
6.942034
6.947380
6.948145
6.943638
6.940544
6.939262
6.937782
6.941755
6.951828
6.970421
6.993437
7.014277
7.033785
7.048290
7.065067
7.081755
7.094185
7.105257
7.113897
7.116404
7.116701
7.114269
7.110142
7.103500
7.098137
7.093599
7.087761
7.085548
7.085388
7.091099
7.101578
7.111244
7.127411
7.146130
7.168121
7.189503
7.206335
7.218058
7.222618
7.221148
7.214664
7.201433
7.191069
7.183651
7.181152
7.182045
7.183174
7.181763
7.177809
7.171991
7.164364
7.154362
7.146418
7.140598
7.134975
7.132561
7.130213
7.135389
7.142899
7.147654
7.152576
7.156601
7.160120
7.162170
7.161921
7.160992
7.159721
7.159842
7.160301
7.159748
7.162304
7.166101
7.177322
7.192822
7.207283
7.222046
7.232592
7.242363
7.246140
7.240364
7.228251
7.210320
7.196175
7.184212
7.172403
7.165573
7.163553
7.166035
7.169186
7.174585
7.176039
7.171209
7.164385
7.156998
7.146006
7.137798
7.133247
7.136450
7.142548
7.157516
7.175350
7.192665
7.209539
7.222557
7.235767
7.246864
7.252422
7.253754
7.252178
7.253716
7.257660
7.262003
7.269379
7.278793
7.297462
7.322100
7.344273
7.358694
7.365192
7.362080
7.359390
7.355650
7.353754
7.348909
7.342041
7.331732
7.317005
7.307894
7.301838
7.300436
7.300980
7.301399
7.306173
7.314114
7.322659
7.333946
7.347145
7.368143
7.391315
7.411406
7.431164
7.447083
7.461643
7.470707
7.474560
7.474882
7.468138
7.461517
7.455322
7.454182
7.457678
7.463020
7.472906
7.484985
7.501129
7.518129
7.529127
7.537298
7.542799
7.544119
7.544712
7.543554
7.547348
7.554203
7.557724
7.557213
7.554007
7.547543
7.538158
7.528212
7.513609
7.493008
7.472429
7.453461
7.436527
7.420765
7.404850
7.399517
7.403662
7.415831
7.429749
7.439821
7.451689
7.460403
7.462463
7.463799
7.464062
7.461044
7.452709
7.444168
7.435478
7.422348
7.408314
7.390804
7.381504
7.378975
7.377512
7.375717
7.372923
7.371681
7.369190
7.360893
7.352264
7.339012
7.324360
7.308332
7.289047
7.272627
7.260170
7.253492
7.248638
7.241423
7.232485
7.220871
7.212521
7.202801
7.189310
7.173874
7.158422
7.143766
7.129023
7.111814
7.093813
7.075293
7.064499
7.059849
7.056217
7.056265
7.055853
7.057915
7.058792
7.049046
7.028736
6.998949
6.968182
6.940325
6.913748
6.892412
6.877462
6.867901
6.866253
6.867846
6.873611
6.876505
6.882830
6.890734
6.896803
6.903486
6.906776
6.907215
6.904457
6.892467
6.874989
6.853004
6.833448
6.816338
6.803324
6.806620
6.823578
6.852016
6.884949
6.914021
6.938274
6.950569
6.951588
6.940001
6.916162
6.887552
6.855907
6.832869
6.818722
6.810064
6.809277
6.812983
6.821247
6.827801
6.828386
6.821400
6.804241
6.777514
6.747803
6.718349
6.700542
6.692905
6.697226
6.709469
6.722670
6.735287
6.742920
6.746212
6.742537
6.729652
6.706959
6.678200
6.648205
6.622993
6.605877
6.601164
6.605513
6.619455
6.639450
6.660484
6.682976
6.702431
6.717634
6.726604
6.723310
6.715317
6.701681
6.687866
6.674618
6.659962
6.648968
6.641068
6.639730
6.641314
6.641750
6.644829
6.648010
6.654915
6.661777
6.666454
6.671680
6.676235
6.685596
6.696526
6.702614
6.706596
6.708855
6.712429
6.715452
6.714355
6.712959
6.711714
6.714869
6.720604
6.725708
6.732475
6.739353
6.754032
6.773817
6.791027
6.806839
6.820423
6.835386
6.847973
6.848846
6.845139
6.832623
6.812275
6.791075
6.769341
6.750092
6.734184
6.719727
6.709148
6.701849
6.701677
6.703999
6.712021
6.721146
6.726248
6.732533
6.738491
6.742207
6.741705
6.735664
6.728086
6.715450
6.696095
6.676842
6.659090
6.650486
6.648264
6.652889
6.661158
6.667984
6.677656
6.686041
6.693211
6.693752
6.685781
6.676907
6.664642
6.658039
6.655142
6.650105
6.646204
6.639637
6.631912
6.623013
6.610086
6.597174
6.581779
6.567451
6.552586
6.535700
6.521189
6.507483
6.490995
6.477867
6.465302
6.453592
6.442581
6.434723
6.426502
6.412630
6.398487
6.384584
6.380758
6.383823
6.388355
6.397697
6.408821
6.421864
6.432161
6.433794
6.429501
6.415556
6.397823
6.376066
6.349312
6.323622
6.298595
6.279423
6.265053
6.252300
6.249430
6.251942
6.260731
6.270082
6.276443
6.282906
6.285116
6.279333
6.265884
6.240427
6.210806
6.178551
6.142368
6.115162
6.098072
6.090776
6.091969
6.100798
6.114065
6.122961
6.130850
6.132812
6.135448
6.139929
6.140804
6.143257
6.146326
6.146164
6.145927
6.141449
6.136009
6.124660
6.103994
6.080330
6.053082
6.029406
6.010675
5.994984
5.981453
5.969643
5.972424
5.984409
5.998508
6.012230
6.022720
6.032335
6.039021
6.044867
6.048281
6.045130
6.037704
6.025444
6.016308
6.010725
6.007210
6.008728
6.014769
6.024988
6.040977
6.058409
6.074507
6.087973
6.099651
6.106037
6.106541
6.110191
6.117104
6.130867
6.147020
6.161057
6.175407
6.184162
6.189194
6.188364
6.178825
6.164860
6.148560
6.132893
6.119392
6.106880
6.100996
6.100727
6.106777
6.115988
6.123484
6.130768
6.134623
6.132221
6.130367
6.128805
6.129562
6.129818
6.132435
6.137171
6.140127
6.145247
6.149395
6.155416
6.161572
6.164494
6.167248
6.169586
6.179218
6.194250
6.210842
6.229000
6.246090
6.264002
6.279419
6.289339
6.295378
6.294918
6.296745
6.299034
6.298889
6.300400
6.304216
6.312960
6.320927
6.324680
6.327816
6.328030
6.333067
6.340439
6.347027
6.355421
6.364916
6.377735
6.391239
6.399202
6.402985
6.402739
6.403049
6.403336
6.401403
6.402351
6.405514
6.410215
6.421034
6.433956
6.443859
6.448023
6.444168
6.435886
6.424696
6.419241
6.419746
6.424656
6.437187
6.454830
6.479027
6.503372
6.526798
6.544668
6.551765
6.549862
6.540440
6.526461
6.508926
6.488098
6.468658
6.451056
6.439154
6.430946
6.422371
6.415861
6.409061
6.403837
6.399456
6.393187
6.388472
6.383677
6.383183
6.384832
6.385651
6.388424
6.390409
6.394306
6.396902
6.396305
6.399384
6.404373
6.411543
6.417397
6.419476
6.421181
6.422291
6.422825
6.421061
6.415703
6.410311
6.406487
6.403328
6.405390
6.411705
6.425072
6.442192
6.457554
6.472797
6.485491
6.497601
6.506401
6.514151
6.518440
6.516094
6.515360
6.514496
6.509058
6.496887
6.478973
6.466377
6.457270
6.451990
6.446030
6.436560
6.425346
6.411982
6.398754
6.384962
6.368137
6.353178
6.339893
6.337086
6.342304
6.351931
6.366135
6.380924
6.396551
6.407917
6.410076
6.403454
6.387796
6.362696
6.336958
6.313837
6.297028
6.285641
6.283363
6.286354
6.289921
6.292931
6.293123
6.291462
6.285231
6.271355
6.253399
6.231991
6.213684
6.197960
6.182987
6.172323
6.164896
6.161697
6.159706
6.155773
6.151592
6.146776
6.140781
6.136669
6.136131
6.142029
6.151634
6.167179
6.185072
6.200321
6.214184
6.224785
6.233738
6.239107
6.238998
6.237366
6.234871
6.234661
6.235044
6.235367
6.241426
6.252014
6.268290
6.287724
6.305290
6.323587
6.339180
6.349232
6.358341
6.365736
6.374805
6.384007
6.396961
6.411388
6.423082
6.435226
6.447037
6.456106
6.464458
6.471140
6.477631
6.483807
6.487099
6.489742
6.490261
6.492924
6.496380
6.501472
6.505556
6.505974
6.508009
6.509758
6.513588
6.516567
6.515450
6.513500
6.509975
6.501062
6.490147
6.474739
6.460466
6.447889
6.434088
6.424068
6.416426
6.413494
6.412241
6.411667
6.410061
6.403473
6.395054
6.384745
6.371559
6.359560
6.348473
6.340588
6.334976
6.330671
6.329382
6.329838
6.333630
6.335629
6.334078
6.336309
6.339876
6.340145
6.335655
6.328846
6.318361
6.305525
6.292515
6.278645
6.268637
6.263042
6.260422
6.265745
6.276350
6.291145
6.306736
6.317635
6.325397
6.327461
6.325428
6.319946
6.310995
6.302240
6.296143
6.295881
6.301470
6.311817
6.332853
6.361685
6.391466
6.420437
6.446815
6.471096
6.489923
6.505032
6.513927
6.515507
6.513786
6.510763
6.505402
6.504868
6.508442
6.517670
6.529839
6.544724
6.561203
6.574707
6.585274
6.592054
6.595261
6.598202
6.599237
6.606869
6.619673
6.633392
6.646957
6.659019
6.674097
6.689995
6.701294
6.707176
6.708086
6.704454
6.696360
6.681997
6.671547
6.663656
6.659084
6.654863
6.646942
6.637463
6.626305
6.613054
6.595322
6.572714
6.548954
6.523054
6.499863
6.479082
6.459282
6.444757
6.435337
6.436060
6.443504
6.450859
6.457394
6.462584
6.465260
6.462254
6.450638
6.433117
6.409056
6.386156
6.365929
6.347963
6.334023
6.324415
6.320574
6.320518
6.321003
6.322243
6.322641
6.327583
6.335903
6.343462
6.352222
6.360378
6.369797
6.378288
6.382710
6.378973
6.368103
6.349827
6.330788
6.317493
6.308857
6.303993
6.308508
6.321907
6.339825
6.359959
6.378654
6.396835
6.411627
6.421207
6.424706
6.420471
6.413013
6.402395
6.388292
6.375423
6.365767
6.362398
6.366245
6.380634
6.402407
6.427279
6.454353
6.480761
6.503090
6.522810
6.538012
6.546516
6.549109
6.546257
6.542891
6.539490
6.541662
6.547874
6.554913
6.564177
6.572628
6.578003
6.577223
6.569662
6.554672
6.534298
6.516047
6.502171
6.495491
6.494730
6.497635
6.506632
6.518335
6.527351
6.533545
6.534603
6.532553
6.525581
6.513197
6.503254
6.496389
6.494076
6.496313
6.500107
6.506271
6.511856
6.515350
6.514637
6.511909
6.506033
6.494659
6.481476
6.467285
6.451778
6.439320
6.430492
6.427589
6.429064
6.434608
6.440582
6.444548
6.449364
6.453243
6.452951
6.450537
6.445524
6.443233
6.442873
6.443508
6.447666
6.453442
6.462093
6.471357
6.477531
6.481400
6.481850
6.479475
6.474995
6.468430
6.463488
6.460365
6.464607
6.474972
6.487110
6.498966
6.508781
6.517792
6.522596
6.523319
6.517872
6.506088
6.496019
6.488428
6.484985
6.485477
6.489109
6.496143
6.504755
6.515234
6.525139
6.531551
6.537878
6.543980
6.548447
6.553665
6.558922
6.564697
6.569099
6.569714
6.571493
6.573978
6.577324
6.579044
6.582193
6.584068
6.582651
6.578270
6.570419
6.557442
6.541117
6.524221
6.509232
6.496727
6.484875
6.473427
6.462545
6.450340
6.443975
6.441786
6.443178
6.445690
6.449621
6.453545
6.456774
6.456316
6.451210
6.443027
6.432020
6.418079
6.406305
6.397112
6.392567
6.392487
6.393652
6.396379
6.398619
6.402420
6.406193
6.406553
6.405209
6.402393
6.398985
6.394617
6.389164
6.378992
6.363628
6.349243
6.335461
6.323608
6.315632
6.311825
6.312654
6.314651
6.314888
6.314373
6.312061
6.308895
6.304840
6.299690
6.297939
6.299761
6.305199
6.312170
6.321041
6.328831
6.332962
6.334513
6.331425
6.325497
6.317575
6.308840
6.307032
6.312431
6.321669
6.331898
6.341919
6.355171
6.369535
6.384720
6.398090
6.406477
6.411320
6.413139
6.413614
6.411459
6.405849
6.399612
6.394192
6.390917
6.391159
6.394318
6.400530
6.406958
6.413891
6.419752
6.424000
6.427616
6.429054
6.428328
6.430796
6.436197
6.445469
6.455948
6.465891
6.477356
6.487654
6.497643
6.506172
6.510275
6.513193
6.515202
6.515472
6.513290
6.509893
6.507759
6.506058
6.505678
6.506191
6.510090
6.515347
6.521063
6.527523
6.532990
6.537951
6.541389
6.540443
6.537113
6.530771
6.525215
6.521444
6.517942
6.515457
6.512632
6.509781
6.509426
6.510818
6.513281
6.514864
6.513710
6.510088
6.502937
6.493816
6.481905
6.467403
6.453382
6.440243
6.429363
6.421053
6.415298
6.409464
6.403812
6.398390
6.393253
6.387390
6.381165
6.374790
6.371183
6.371023
6.371672
6.374096
6.378174
6.382807
6.387651
6.391668
6.397182
6.402380
6.407701
6.410797
6.411135
6.409769
6.406857
6.404016
6.399698
6.393360
6.387854
6.382378
6.378929
6.376295
6.373226
6.371338
6.369696
6.370304
6.370029
6.368158
6.365908
6.361538
6.354321
6.345167
6.334759
6.324501
6.315392
6.310741
6.308308
6.306238
6.304228
6.300909
6.297920
6.293020
6.284277
6.274006
6.262968
6.251181
6.240326
6.230314
6.222973
6.217827
6.214609
6.212734
6.210632
6.209496
6.209637
6.209087
6.208443
6.205593
6.202095
6.198683
6.193607
6.187511
6.181200
6.175842
6.171227
6.169811
6.171757
6.176233
6.182602
6.189793
6.198265
6.206860
6.213924
6.220247
6.225145
6.229736
6.234705
6.238724
6.242298
6.245520
6.247644
6.249619
6.252129
6.255894
6.259777
6.262714
6.265318
6.266899
6.269604
6.272223
6.275383
6.279278
6.282448
6.286304
6.289280
6.293270
6.296593
6.300373
6.304722
6.309416
6.314709
6.320803
6.325901
6.332777
6.339729
6.346909
6.353947
6.361017
6.369057
6.376377
6.383390
6.389711
6.394064
6.398575
6.401802
6.403671
6.404421
6.403309
6.401731
6.398909
6.396711
6.394833
6.393391
6.392784
6.391745
6.392056
6.391388
6.390289
6.388325
6.384502
6.381025
6.377937
6.375048
6.372633
6.370584
6.370163
6.370670
6.371353
6.372347
6.373543
6.374733
6.374910
6.374636
6.374458
6.373549
6.372252
6.371401
6.370125
6.367016
6.364338
6.362701
6.362288
6.361362
6.359657
6.356628
6.352194
6.347641
6.343082
6.339153
6.335323
6.332808
6.330990
6.329472
6.327993
6.326889
6.325764
6.324959
6.325281
6.326139
6.326347
6.326868
6.327682
6.327250
6.328598
6.329807
6.330879
6.331589
6.331940
6.332413
6.333246
6.335018
6.336998
6.338816
6.341982
6.345486
6.348667
6.351852
6.355198
6.358135
6.359421
6.360794
6.362503
6.364628
6.366680
6.368839
6.371906
6.374657
6.376028
6.377089
6.378611
6.379486
6.379959
6.381035
6.382587
6.384916
6.387405
6.388813
6.390785
6.392630
6.393950
6.395838
6.398029
6.399612
6.399887
6.399940
6.399290
6.397758
6.396124
6.395758
6.395451
6.394672
6.394197
6.393715
6.392374
6.391205
6.390427
6.389606
6.388102
6.385700
6.383667
6.381762
6.380281
6.378952
6.377420
6.376236
6.375055
6.374273
6.372507
6.370621
6.369095
6.367674
6.366020
6.364040
6.361198
6.358524
6.355715
6.353210
6.350693
6.347754
6.344269
6.340906
6.338423
6.336399
6.334396
6.331402
6.329603
6.328251
6.326265
6.323969
6.321800
6.319780
6.317446
6.315670
6.313663
6.311867
6.310093
6.308540
6.307383
6.305456
6.303289
6.302202
6.301025
6.299343
6.296366
6.294298
6.293585
6.292219
6.290363
6.287573
6.284945
6.282066
6.279823
6.277863
6.275568
6.273136
6.269915
6.267521
6.264620
6.261816
6.259367
6.256208
6.254570
6.252926
6.250011
6.246948
6.243660
6.240261
6.236294
6.231903
6.227783
6.223473
6.219198
6.215086
6.210501
6.206680
6.203205
6.199951
6.197386
6.194050
6.190788
6.187519
6.184212
6.180162
6.174841
6.169785
6.165361
6.160049
6.155100
6.150682
6.146240
6.142023
6.138664
6.135529
6.131334
6.127499
6.124149
6.120956
6.116444
6.111347
6.105373
6.098728
6.091743
6.083973
6.076580
6.069637
6.063412
6.057894
6.053329
6.048805
6.044636
6.039417
6.034019
6.027430
6.020126
6.013664
6.006340
5.998526
5.990698
5.982887
5.975628
5.968395
5.961010
5.953705
5.946163
5.938606
5.931370
5.924469
5.917435
5.910151
5.903278
5.896023
5.888504
5.881348
5.873802
5.866518
5.859455
5.851219
5.843981
5.836994
5.829865
5.821308
5.811447
5.801254
5.790300
5.779125
5.768698
5.759811
5.753017
5.746624
5.739258
5.731312
5.721958
5.711401
5.700089
5.690138
5.680199
5.669685
5.660904
5.652870
5.645538
5.637968
5.628893
5.619070
5.609436
5.599058
5.586964
5.574741
5.563091
5.552010
5.541519
5.531023
5.521154
5.511312
5.500282
5.488853
5.476822
5.465281
5.452364
5.439335
5.427687
5.415699
5.404709
5.395212
5.385540
5.376080
5.365583
5.355158
5.345104
5.333481
5.321075
5.307266
5.294243
5.280365
5.267616
5.256231
5.244711
5.234016
5.222912
5.211658
5.200768
5.189665
5.179461
5.170742
5.160950
5.150448
5.138845
5.127861
5.117435
5.106850
5.096184
5.083260
5.068853
5.052723
5.035723
5.019148
5.002731
4.987846
4.975996
4.965668
4.956846
4.947130
4.936768
4.927513
4.916817
4.904179
4.890068
4.875145
4.860249
4.845915
4.831844
4.817226
4.802155
4.788677
4.775267
4.761978
4.749752
4.737381
4.725695
4.714729
4.703621
4.689690
4.673222
4.657488
4.641256
4.624504
4.607040
4.590687
4.575510
4.559717
4.543938
4.527340
4.510796
4.494396
4.477936
4.461653
4.443445
4.424637
4.405361
4.387035
4.371195
4.355194
4.339144
4.323917
4.308414
4.293648
4.277437
4.261000
4.243185
4.224209
4.206152
4.187843
4.169531
4.153141
4.136639
4.121044
4.105673
4.090771
4.076727
4.062412
4.046577
4.028179
4.009502
3.991106
3.972424
3.955849
3.939651
3.925455
3.912045
3.899380
3.886841
3.873634
3.859224
3.845097
3.827965
3.807961
3.784618
3.762154
3.741344
3.722355
3.704704
3.687944
3.673117
3.661594
3.649643
3.637011
3.622681
3.606274
3.589149
3.570328
3.551485
3.535385
3.519253
3.504354
3.488539
3.472370
3.455498
3.438723
3.422777
3.407082
3.391857
3.376675
3.363640
3.352989
3.342030
3.330696
3.317087
3.303167
3.289278
3.274508
3.260380
3.248653
3.239376
3.233025
3.225170
3.217299
3.207560
3.198410
3.191364
3.183529
3.176208
3.170366
3.166965
3.167030
3.169235
3.173983
3.176315
3.176153
3.174952
3.171539
3.167236
3.161491
3.157568
3.159027
3.163830
3.171452
3.179567
3.187149
3.193527
3.195774
3.194944
3.190224
3.183609
3.177174
3.169897
3.164536
3.160822
3.159697
3.163788
3.169939
3.176310
3.179249
3.179672
3.180317
3.178709
3.176004
3.171661
3.168156
3.166195
3.167780
3.174492
3.181625
3.187788
3.191822
3.192482
3.190310
3.184416
3.176025
3.171017
3.168903
3.169998
3.172661
3.178726
3.181810
3.181988
3.181431
3.177607
3.171787
3.165339
3.157824
3.152401
3.149508
3.151062
3.153229
3.155865
3.160198
3.162916
3.161602
3.151764
3.136997
3.119808
3.101255
3.084974
3.068619
3.056631
3.050415
3.048115
3.050491
3.057135
3.061838
3.065853
3.066454
3.065165
3.063530
3.060921
3.059734
3.060196
3.063602
3.072628
3.088261
3.106825
3.124016
3.140966
3.153133
3.161770
3.169285
3.174767
3.182871
3.195759
3.215734
3.244911
3.278952
3.314381
3.346302
3.372208
3.387363
3.388565
3.379860
3.361210
3.337563
3.316223
3.297651
3.285461
3.279173
3.280373
3.290466
3.307491
3.330564
3.355827
3.382389
3.409708
3.433582
3.452248
3.463095
3.467417
3.468266
3.466099
3.462114
3.449678
3.432659
3.416508
3.399324
3.383017
3.364616
3.347036
3.334087
3.323996
3.316374
3.308535
3.301884
3.296173
3.287592
3.276108
3.259701
3.239346
3.218748
3.196917
3.175808
3.153687
3.133179
3.115112
3.096636
3.081955
3.069181
3.058716
3.053127
3.046835
3.039764
3.031349
3.022190
3.016071
3.009403
3.003809
2.998611
2.996290
2.998522
3.001146
3.005007
3.006533
3.005581
3.002718
2.995617
2.986359
2.975981
2.967487
2.963734
2.961348
2.962055
2.965832
2.969992
2.974838
2.975872
2.976217
2.973005
2.970798
2.971670
2.973747
2.979059
2.985470
2.996815
3.013556
3.030933
3.049555
3.064978
3.079664
3.094601
3.102596
3.105690
3.102234
3.095596
3.089159
3.080822
3.073502
3.065680
3.062914
3.065281
3.068165
3.073162
3.072556
3.065956
3.057549
3.044861
3.030729
3.015938
3.003653
2.998737
3.000336
3.011389
3.027098
3.048153
3.073072
3.092350
3.105032
3.108734
3.105015
3.097696
3.086073
3.074198
3.063179
3.056383
3.056181
3.055220
3.055323
3.053616
3.051250
3.047628
3.040085
3.032276
3.024868
3.022667
3.026421
3.028345
3.029882
3.029566
3.030151
3.033554
3.034971
3.036406
3.038773
3.043423
3.052685
3.061382
3.070393
3.072914
3.069677
3.062187
3.048714
3.031631
3.010620
2.989767
2.974291
2.963573
2.958168
2.954845
2.953318
2.954407
2.952728
2.948610
2.939896
2.929516
2.923059
2.915010
2.908112
2.902756
2.900068
2.902002
2.906013
2.911407
2.917278
2.926170
2.938414
2.949102
2.957962
2.958851
2.954882
2.949057
2.939215
2.928318
2.915346
2.904552
2.899254
2.897308
2.902374
2.909431
2.918703
2.935043
2.952583
2.970362
2.984602
2.996607
3.010416
3.022846
3.035339
3.045708
3.055729
3.067846
3.082922
3.096907
3.105423
3.111271
3.115084
3.115759
3.113136
3.101671
3.084141
3.066963
3.049700
3.034914
3.019154
3.006418
3.000298
2.998886
3.003199
3.009811
3.017836
3.028786
3.037762
3.044708
3.044819
3.040161
3.033867
3.023220
3.010220
2.992060
2.972683
2.955791
2.938332
2.922073
2.906422
2.893049
2.885098
2.877613
2.870462
2.860872
2.850161
2.841377
2.830212
2.820122
2.809528
2.800175
2.796776
2.793741
2.793137
2.797792
2.804123
2.813787
2.818499
2.820299
2.816906
2.812141
2.808826
2.803719
2.800144
2.797981
2.797079
2.800865
2.800144
2.794382
2.783047
2.769585
2.756235
2.739307
2.723499
2.709141
2.698330
2.695131
2.694780
2.698151
2.697374
2.694260
2.692003
2.689409
2.688467
2.687910
2.690723
2.700300
2.712048
2.727360
2.747686
2.764482
2.777954
2.785439
2.789938
2.794561
2.798832
2.805262
2.811964
2.822359
2.830851
2.839642
2.852640
2.865952
2.878897
2.888430
2.897099
2.907402
2.916389
2.925642
2.937090
2.943792
2.944872
2.938471
2.928833
2.912910
2.894232
2.880615
2.869558
2.865122
2.871485
2.882236
2.899178
2.912407
2.918833
2.917757
2.912716
2.907410
2.900808
2.896648
2.894577
2.897972
2.908581
2.922054
2.937893
2.946976
2.949732
2.949074
2.944092
2.936028
2.924593
2.916527
2.919151
2.931978
2.956045
2.979015
3.001259
3.023743
3.039015
3.045656
3.039532
3.025398
3.009659
2.993111
2.978430
2.965715
2.956722
2.954252
2.954067
2.955046
2.948599
2.938854
2.931959
2.926182
2.923222
2.921547
2.924559
2.936802
2.954485
2.978411
3.004021
3.030155
3.058414
3.077435
3.086510
3.085072
3.079117
3.074093
3.068335
3.067719
3.078281
3.096127
3.122320
3.151037
3.180588
3.206257
3.229042
3.249701
3.261871
3.268291
3.267235
3.261009
3.255766
3.248186
3.240593
3.232309
3.225689
3.223423
3.219341
3.215246
3.212093
3.211426
3.215385
3.218803
3.222084
3.222942
3.223709
3.227751
3.231701
3.235891
3.231609
3.221115
3.208260
3.190908
3.173029
3.153206
3.136021
3.125446
3.121002
3.123606
3.128780
3.135931
3.145191
3.151127
3.154661
3.147528
3.133110
3.118904
3.105745
3.095953
3.089146
3.086479
3.091347
3.102266
3.116833
3.127794
3.135586
3.141754
3.140217
3.133553
3.121157
3.106445
3.093803
3.080494
3.069721
3.059977
3.057051
3.059942
3.057041
3.051832
3.043179
3.035543
3.032818
3.030653
3.033142
3.045357
3.066475
3.095146
3.126841
3.159294
3.180120
3.189156
3.188797
3.177979
3.160500
3.136402
3.113871
3.100948
3.096621
3.103909
3.120022
3.144503
3.176682
3.205879
3.229876
3.245102
3.253738
3.258574
3.261162
3.264399
3.268642
3.263653
3.252079
3.236330
3.218622
3.192554
3.159855
3.126249
3.089977
3.053440
3.021030
2.992348
2.973351
2.961716
2.959953
2.965561
2.977446
2.994732
3.005272
3.009178
3.002586
2.989277
2.973446
2.954170
2.936039
2.919937
2.908648
2.904469
2.899689
2.893970
2.885628
2.876705
2.870371
2.864134
2.861443
2.862072
2.868954
2.885916
2.902548
2.919884
2.933971
2.947704
2.961632
2.972591
2.982656
2.995548
3.007256
3.020792
3.028471
3.032547
3.027792
3.019629
3.011818
3.003485
2.999298
2.996643
3.000849
3.015095
3.034613
3.057316
3.083488
3.109682
3.133614
3.151215
3.165321
3.174582
3.181341
3.191507
3.196085
3.198612
3.197426
3.197992
3.203960
3.212603
3.226242
3.242306
3.261786
3.286446
3.304594
3.314886
3.314793
3.305275
3.292446
3.272926
3.251892
3.230545
3.214169
3.208508
3.208673
3.215101
3.222248
3.230803
3.239737
3.240524
3.233807
3.220184
3.205021
3.193882
3.184271
3.178116
3.176596
3.181345
3.193260
3.207386
3.222445
3.228249
3.227179
3.223087
3.216373
3.209015
3.200123
3.197952
3.205742
3.220402
3.243073
3.273657
3.297985
3.314354
3.321045
3.318027
3.302761
3.281744
3.263065
3.247488
3.239367
3.235126
3.235628
3.241879
3.247200
3.250273
3.249624
3.248322
3.248415
3.248718
3.251017
3.254717
3.262051
3.274292
3.283436
3.291245
3.292990
3.291630
3.290396
3.283709
3.275249
3.262348
3.251162
3.246071
3.244022
3.246330
3.251059
3.262262
3.280628
3.292919
3.300579
3.300762
3.296341
3.290131
3.278446
3.264164
3.245430
3.228769
3.216545
3.204000
3.193064
3.180218
3.166634
3.155052
3.140192
3.125078
3.106937
3.090990
3.081263
3.073847
3.072418
3.072920
3.075495
3.084278
3.093645
3.103672
3.110699
3.116140
3.123146
3.129318
3.137913
3.144274
3.152113
3.164047
3.177509
3.194580
3.209646
3.224556
3.242142
3.259724
3.278999
3.294056
3.306713
3.319185
3.326378
3.331734
3.332020
3.328918
3.327600
3.325453
3.324131
3.323612
3.320362
3.317089
3.311714
3.306330
3.291965
3.273705
3.258526
3.245777
3.236589
3.228933
3.226299
3.231781
3.240826
3.254404
3.267153
3.278151
3.287971
3.290020
3.287224
3.277514
3.265362
3.255970
3.245029
3.239914
3.230268
3.219368
3.213455
3.208252
3.205748
3.203506
3.204418
3.213554
3.227367
3.245771
3.261583
3.274794
3.286407
3.288382
3.282768
3.266851
3.246407
3.227480
3.211411
3.201763
3.194122
3.192146
3.198875
3.209034
3.220924
3.227995
3.231649
3.234770
3.235140
3.234026
3.224720
3.213287
3.204418
3.198378
3.197231
3.198778
3.204496
3.220636
3.243200
3.274120
3.306305
3.336018
3.364668
3.380663
3.386028
3.377935
3.361496
3.342993
3.323753
3.310219
3.300720
3.298618
3.305721
3.314865
3.325314
3.331520
3.333685
3.335917
3.328821
3.317709
3.303612
3.293076
3.288916
3.288704
3.292978
3.298519
3.307148
3.320698
3.334543
3.348625
3.358953
3.368855
3.382786
3.395712
3.409168
3.417877
3.423832
3.431488
3.437141
3.442743
3.447289
3.451290
3.458252
3.465673
3.476154
3.484627
3.491779
3.499174
3.495708
3.481091
3.457397
3.429840
3.407719
3.389444
3.379171
3.375280
3.379898
3.393837
3.410187
3.424885
3.433651
3.438385
3.440720
3.433029
3.418182
3.396172
3.375088
3.360041
3.347576
3.342459
3.342041
3.348930
3.364393
3.378059
3.389828
3.396826
3.400335
3.402605
3.399038
3.391399
3.385956
3.380747
3.378147
3.374128
3.369152
3.356113
3.337349
3.318348
3.296358
3.273638
3.248978
3.227365
3.214252
3.206314
3.205193
3.206942
3.213665
3.226030
3.237446
3.246298
3.249268
3.247950
3.245012
3.237555
3.229387
3.218407
3.208565
3.203773
3.199196
3.199013
3.192938
3.183838
3.178129
3.172358
3.168415
3.164631
3.163946
3.173042
3.189129
3.213053
3.236694
3.259153
3.281361
3.295279
3.301121
3.294132
3.279781
3.263834
3.246227
3.229742
3.214298
3.203442
3.200666
3.201668
3.207216
3.212925
3.219662
3.231457
3.242514
3.254354
3.261396
3.267246
3.273962
3.275181
3.272888
3.264952
3.257069
3.252268
3.246105
3.241726
3.240318
3.242893
3.255070
3.272936
3.295013
3.315964
3.336426
3.357307
3.371548
3.380234
3.375795
3.361113
3.343733
3.322578
3.301125
3.279060
3.260986
3.252600
3.249340
3.252411
3.262827
3.275246
3.288507
3.296988
3.301382
3.306654
3.302700
3.292187
3.274002
3.253801
3.235134
3.215881
3.201628
3.189640
3.184254
3.182076
3.184404
3.195269
3.207802
3.221775
3.231392
3.238201
3.245033
3.250114
3.254642
3.257168
3.260384
3.266323
3.270081
3.271978
3.269884
3.265144
3.260750
3.255617
3.251144
3.245621
3.240328
3.237148
3.232384
3.228350
3.227751
3.227747
3.229221
3.230652
3.233068
3.239592
3.240950
3.240784
3.237658
3.232729
3.228455
3.221615
3.212582
3.200970
3.192663
3.185982
3.185806
3.193914
3.200729
3.206608
3.216036
3.222292
3.225002
3.222565
3.218430
3.214540
3.217098
3.228056
3.242170
3.258476
3.265493
3.266211
3.263351
3.253710
3.239494
3.219589
3.201389
3.188881
3.182085
3.182981
3.179750
3.173916
3.168633
3.160244
3.149729
3.136806
3.125252
3.120840
3.122122
3.132011
3.146973
3.164658
3.185555
3.198643
3.202915
3.195543
3.181486
3.166523
3.150723
3.140829
3.135639
3.139080
3.153570
3.169252
3.185205
3.196211
3.205265
3.215311
3.222431
3.228491
3.235254
3.243889
3.258007
3.266485
3.271366
3.270344
3.264236
3.256325
3.242889
3.226862
3.212353
3.201488
3.197767
3.197330
3.199728
3.197121
3.190649
3.185167
3.177126
3.168022
3.158091
3.148439
3.143652
3.140846
3.142378
3.142815
3.142939
3.145256
3.143942
3.141241
3.134539
3.127783
3.124535
3.117390
3.108986
3.098911
3.090721
3.090153
3.092419
3.098238
3.106920
3.119795
3.137993
3.155792
3.172724
3.183928
3.189631
3.192032
3.186447
3.177952
3.164091
3.147287
3.134022
3.123508
3.117916
3.112244
3.109245
3.112194
3.114836
3.117859
3.114634
3.108664
3.104631
3.101538
3.100378
3.097809
3.095648
3.097260
3.099171
3.102638
3.105936
3.108849
3.114195
3.117254
3.119919
3.120825
3.122055
3.126123
3.131659
3.139563
3.140871
3.139723
3.139221
3.137218
3.135971
3.132212
3.128012
3.128799
3.131054
3.136436
3.142416
3.150112
3.159161
3.163836
3.164913
3.159477
3.151337
3.144794
3.137764
3.131870
3.124897
3.121279
3.124050
3.124865
3.123884
3.125555
3.132851
3.145725
3.151932
3.155138
3.155540
3.157827
3.165339
3.173290
3.183519
3.188742
3.191374
3.194054
3.198566
3.204298
3.205355
3.206415
3.210880
3.213367
3.215965
3.213451
3.210739
3.210344
3.211033
3.214006
3.219372
3.229218
3.245575
3.263260
3.282003
3.296263
3.307001
3.317238
3.318855
3.314306
3.302818
3.287624
3.274057
3.260042
3.249605
3.241497
3.238390
3.240490
3.244230
3.248549
3.247513
3.243114
3.237984
3.229712
3.220364
3.208704
3.194622
3.185308
3.177910
3.174391
3.171072
3.170094
3.172432
3.175938
3.180607
3.180826
3.176973
3.172817
3.167835
3.165260
3.163067
3.163645
3.168127
3.174480
3.183998
3.190611
3.195522
3.201714
3.206089
3.209568
3.210537
3.212042
3.216591
3.220402
3.226940
3.232853
3.239494
3.248501
3.254826
3.258230
3.258553
3.257082
3.256710
3.249729
3.238472
3.222679
3.206104
3.192995
3.179312
3.170050
3.162291
3.158253
3.160557
3.165905
3.173513
3.176128
3.176735
3.178499
3.177280
3.174097
3.167423
3.161211
3.159489
3.156574
3.153887
3.146088
3.134706
3.124340
3.114330
3.106325
3.099215
3.094151
3.095154
3.099756
3.108707
3.117990
3.130121
3.145330
3.159760
3.171970
3.179062
3.183947
3.189154
3.188154
3.183277
3.179132
3.174288
3.171009
3.165779
3.160500
3.155544
3.151096
3.150635
3.149755
3.149233
3.142681
3.131533
3.119308
3.103004
3.086380
3.071640
3.058796
3.048588
3.039064
3.033636
3.031536
3.033722
3.041689
3.046600
3.050968
3.053043
3.056171
3.062893
3.068048
3.073473
3.077301
3.080511
3.083761
3.084898
3.085558
3.085011
3.085068
3.089195
3.096157
3.105223
3.116980
3.133133
3.154003
3.174343
3.189869
3.195257
3.193624
3.189796
3.186682
3.185690
3.186794
3.188791
3.196533
3.214508
3.238276
3.265488
3.289099
3.307503
3.316685
3.317354
3.311625
3.294926
3.271133
3.244200
3.218357
3.193832
3.173712
3.160532
3.150879
3.145927
3.143490
3.144344
3.151638
3.159311
3.166973
3.171873
3.174341
3.179205
3.183603
3.187943
3.189449
3.191067
3.193871
3.195538
3.198225
3.203390
3.209595
3.216150
3.219576
3.222046
3.225925
3.228552
3.229614
3.228407
3.227753
3.223804
3.219036
3.217999
3.217682
3.220058
3.227154
3.236206
3.247259
3.258404
3.272772
3.290148
3.306908
3.322861
3.334534
3.343975
3.345602
3.340265
3.331347
3.318384
3.304691
3.290623
3.278233
3.273142
3.271406
3.273991
3.277691
3.281544
3.287357
3.290426
3.291332
3.286751
3.282913
3.281422
3.280289
3.283251
3.288843
3.297625
3.310699
3.324360
3.339405
3.355602
3.370420
3.383282
3.390579
3.394844
3.398190
3.404392
3.408792
3.408802
3.407499
3.409046
3.410633
3.414019
3.418619
3.424948
3.434370
3.449766
3.470804
3.493141
3.515320
3.536921
3.552208
3.561699
3.562983
3.558767
3.552637
3.544437
3.538017
3.531706
3.526932
3.526438
3.524956
3.521975
3.516436
3.509684
3.499002
3.485262
3.471060
3.456593
3.442852
3.430248
3.420469
3.413437
3.404118
3.392580
3.377245
3.359575
3.341923
3.323570
3.307360
3.292635
3.280582
3.272766
3.268616
3.267229
3.270630
3.274420
3.279430
3.279955
3.275230
3.268593
3.259726
3.249863
3.235998
3.223505
3.216206
3.214302
3.217937
3.227551
3.238148
3.248215
3.251938
3.249866
3.239445
3.224270
3.204144
3.181934
3.164167
3.151133
3.146580
3.150158
3.161335
3.175758
3.188143
3.196772
3.202646
3.202724
3.198162
3.187189
3.173811
3.163918
3.157530
3.155661
3.157394
3.163490
3.174812
3.189772
3.205786
3.220129
3.232826
3.245657
3.256527
3.266644
3.273109
3.276350
3.280315
3.282135
3.283905
3.284578
3.285355
3.288851
3.294468
3.302490
3.313168
3.318003
3.317863
3.311905
3.301331
3.289824
3.277275
3.265848
3.253862
3.244095
3.237209
3.235939
3.235527
3.236679
3.240223
3.242624
3.241158
3.233917
3.222769
3.210962
3.200039
3.192215
3.187494
3.186539
3.188936
3.193579
3.198841
3.204958
3.210609
3.215124
3.214725
3.211174
3.205053
3.199387
3.196098
3.193436
3.194431
3.200954
3.210083
3.222294
3.232239
3.240513
3.246096
3.249935
3.251614
3.244675
3.232155
3.218304
3.204222
3.192398
3.180820
3.171377
3.171257
3.175476
3.185162
3.199200
3.214573
3.229561
3.240700
3.249271
3.252726
3.252365
3.250217
3.247074
3.245266
3.244904
3.244602
3.246696
3.247011
3.248074
3.248026
3.247194
3.246780
3.248302
3.252714
3.258287
3.264702
3.271065
3.277418
3.285913
3.292799
3.298813
3.305016
3.309546
3.312317
3.311798
3.310301
3.308388
3.304745
3.300512
3.292633
3.282623
3.274921
3.265900
3.256922
3.247892
3.240112
3.233452
3.227758
3.225845
3.224823
3.224266
3.223724
3.222633
3.221313
3.215620
3.206827
3.197824
3.190418
3.184975
3.178860
3.173180
3.168898
3.165066
3.161985
3.160149
3.159561
3.159544
3.159168
3.157421
3.153364
3.150866
3.149746
3.148594
3.150719
3.155260
3.160294
3.163078
3.164787
3.165230
3.162399
3.157122
3.149567
3.140545
3.132162
3.126663
3.124811
3.127930
3.133286
3.140566
3.148851
3.157331
3.166132
3.172827
3.177454
3.181458
3.184120
3.185560
3.185560
3.185976
3.185396
3.184530
3.184530
3.184643
3.182835
3.178007
3.172388
3.167732
3.166042
3.166601
3.168028
3.170845
3.176329
3.183418
3.191664
3.197870
3.202652
3.206783
3.208075
3.207100
3.203659
3.197901
3.192024
3.185196
3.177578
3.171307
3.166426
3.163574
3.161745
3.160379
3.160587
3.162697
3.165344
3.168236
3.172840
3.176163
3.178118
3.180405
3.183121
3.185528
3.186451
3.186798
3.186800
3.187056
3.188486
3.192772
3.199808
3.209801
3.220577
3.233301
3.245543
3.257481
3.267736
3.276064
3.282085
3.286734
3.291050
3.295288
3.298729
3.301296
3.302946
3.303886
3.306255
3.308884
3.312359
3.316278
3.321856
3.329393
3.335791
3.342724
3.347946
3.351192
3.355101
3.357428
3.359520
3.359936
3.360401
3.360331
3.359835
3.359283
3.357956
3.356541
3.355350
3.354017
3.354322
3.354433
3.355053
3.357456
3.358973
3.361177
3.363270
3.364777
3.366301
3.368013
3.370371
3.371372
3.372156
3.372307
3.371164
3.368999
3.365276
3.360729
3.356022
3.351355
3.347662
3.343853
3.339657
3.336781
3.334576
3.332510
3.329670
3.326870
3.322611
3.317911
3.313423
3.308966
3.306053
3.302547
3.299112
3.296356
3.294012
3.292244
3.290005
3.286028
3.282623
3.278660
3.274643
3.271439
3.268684
3.265499
3.261898
3.257513
3.251637
3.245878
3.240715
3.235172
3.230715
3.225533
3.219120
3.213287
3.207600
3.201988
3.195892
3.191164
3.187229
3.183004
3.178493
3.174612
3.170631
3.165648
3.161161
3.157166
3.154421
3.152863
3.152714
3.152323
3.151695
3.150417
3.147877
3.144852
3.141554
3.137751
3.134502
3.131227
3.128555
3.127567
3.127678
3.127483
3.129089
3.131620
3.135258
3.138889
3.143768
3.148630
3.152557
3.155899
3.158680
3.160641
3.161886
3.163069
3.164291
3.165718
3.168633
3.172876
3.178829
3.185345
3.191740
3.198647
3.204546
3.209217
3.212297
3.214211
3.216404
3.217541
3.217718
3.218077
3.219803
3.221712
3.223810
3.225908
3.227993
3.230469
3.232708
3.235283
3.237270
3.239277
3.240887
3.242416
3.243824
3.245483
3.246803
3.248594
3.251535
3.254311
3.256229
3.258162
3.259802
3.261776
3.263977
3.266773
3.269669
3.272095
3.273518
3.274857
3.276175
3.278978
3.281603
3.284103
3.285940
3.288603
3.291241
3.293667
3.296068
3.297771
3.299747
3.303261
3.305834
3.307861
3.310120
3.312832
3.315317
3.317158
3.319342
3.322590
3.324917
3.326969
3.329407
3.330978
3.333038
3.335819
3.338430
3.342491
3.346254
3.349264
3.352291
3.354900
3.357208
3.359335
3.362549
3.366417
3.369312
3.371553
3.373894
3.376513
3.379143
3.380911
3.383207
3.386820
3.391190
3.395523
3.400246
3.405243
3.410616
3.416351
3.421688
3.426973
3.431837
3.436022
3.439569
3.442575
3.446621
3.451664
3.457258
3.463093
3.467773
3.471891
3.476707
3.481119
3.484547
3.488396
3.491888
3.496111
3.501270
3.506771
3.512074
3.517891
3.523729
3.529909
3.536341
3.542927
3.548956
3.555126
3.560841
3.566544
3.572014
3.578564
3.585842
3.593874
3.601244
3.608046
3.615255
3.622204
3.629894
3.637516
3.644159
3.651075
3.658209
3.664610
3.671904
3.679577
3.686819
3.693304
3.699980
3.707035
3.713808
3.721016
3.728367
3.736258
3.743704
3.750175
3.756584
3.763557
3.772488
3.782587
3.791544
3.801653
3.812244
3.823187
3.834194
3.843250
3.851841
3.859560
3.867496
3.875412
3.883287
3.891720
3.900402
3.910599
3.920584
3.929098
3.938103
3.947021
3.956234
3.965055
3.973507
3.981667
3.989643
3.999447
4.010849
4.022291
4.034443
4.046200
4.058455
4.070141
4.080463
4.089928
4.099434
4.109125
4.118362
4.127539
4.137564
4.148201
4.158962
4.169645
4.179745
4.191086
4.203537
4.216394
4.229164
4.241196
4.253544
4.264166
4.273750
4.282331
4.291496
4.302023
4.312990
4.325775
4.338440
4.349213
4.361258
4.372902
4.384775
4.396971
4.408491
4.419647
4.430618
4.443743
4.458323
4.473179
4.488203
4.502888
4.517344
4.530792
4.542671
4.552994
4.563198
4.574436
4.586008
4.596415
4.609421
4.623390
4.637333
4.651226
4.664669
4.678646
4.692295
4.706654
4.719610
4.730684
4.741413
4.752188
4.766308
4.782713
4.798721
4.814568
4.830008
4.846087
4.862471
4.876554
4.889645
4.901363
4.914852
4.928627
4.941975
4.955885
4.969769
4.985966
5.002979
5.019718
5.036366
5.052425
5.068226
5.083042
5.095695
5.107985
5.118664
5.131088
5.144958
5.159389
5.175554
5.191671
5.208996
5.225782
5.240173
5.253687
5.265652
5.277561
5.289524
5.301380
5.313692
5.326624
5.342627
5.359810
5.375669
5.392323
5.408291
5.424618
5.441236
5.456757
5.471743
5.486744
5.503315
5.518833
5.533268
5.548359
5.563061
5.580435
5.600281
5.620106
5.641211
5.662697
5.684696
5.705051
5.721859
5.736494
5.750200
5.764370
5.778788
5.793085
5.807964
5.823364
5.839745
5.858068
5.875706
5.896221
5.917599
5.937643
5.958580
5.978756
5.998199
6.016212
6.033722
6.050053
6.064184
6.078350
6.093067
6.109037
6.126003
6.142296
6.158991
6.176641
6.196198
6.215897
6.233860
6.253345
6.274887
6.298428
6.322304
6.344444
6.365068
6.383944
6.402790
6.421104
6.436966
6.451439
6.466448
6.485264
6.506546
6.526543
6.545967
6.565952
6.586573
6.605793
6.621918
6.636375
6.649000
6.662163
6.675102
6.687593
6.701860
6.717312
6.734604
6.752850
6.769781
6.786533
6.801682
6.820143
6.841433
6.862816
6.882195
6.897985
6.910172
6.924286
6.938778
6.953737
6.967909
6.983328
6.996883
7.006235
7.010138
7.009390
7.006992
7.004757
7.003651
7.006798
7.014292
7.028988
7.048475
7.068777
7.090130
7.109518
7.127884
7.143784
7.155937
7.166157
7.173784
7.182142
7.190559
7.197052
7.201614
7.204113
7.205030
7.203167
7.195858
7.185055
7.170027
7.156052
7.143005
7.130461
7.119709
7.110638
7.103874
7.096746
7.088486
7.080019
7.070259
7.061787
7.054573
7.046932
7.039499
7.032013
7.028557
7.029041
7.029181
7.029987
7.030401
7.031345
7.030209
7.024107
7.015240
7.002718
6.988249
6.973160
6.958256
6.944965
6.932770
6.923824
6.916172
6.907759
6.900185
6.890678
6.884266
6.879902
6.874954
6.870369
6.865749
6.861526
6.857031
6.851482
6.846214
6.840717
6.837910
6.836758
6.837002
6.838762
6.840792
6.843399
6.846420
6.846394
6.847219
6.848179
6.847111
6.841743
6.831848
6.822208
6.813717
6.806543
6.797443
6.783661
6.769360
6.754822
6.746666
6.743967
6.742157
6.741425
6.741438
6.743238
6.745255
6.746105
6.747265
6.748020
6.749947
6.751497
6.750443
6.750595
6.752634
6.759260
6.768591
6.778002
6.788328
6.797539
6.807697
6.817051
6.822214
6.826004
6.828613
6.829435
6.833239
6.840277
6.852472
6.866512
6.877834
6.888657
6.896500
6.900923
6.901348
6.899277
6.897984
6.898710
6.903915
6.913919
6.926031
6.944870
6.967089
6.991692
7.016605
7.037733
7.055683
7.068901
7.078522
7.083920
7.089725
7.096882
7.104259
7.113628
7.125019
7.138960
7.153559
7.167433
7.178753
7.185667
7.192953
7.199221
7.203310
7.207581
7.210823
7.215370
7.221600
7.224880
7.226940
7.225124
7.222195
7.216017
7.205223
7.193289
7.180212
7.164852
7.150183
7.136673
7.126507
7.117550
7.108643
7.097492
7.084496
7.074902
7.070333
7.072296
7.076836
7.079496
7.081326
7.082243
7.078913
7.074099
7.066412
7.055710
7.040676
7.023678
7.004944
6.984779
6.971195
6.962437
6.960297
6.962051
6.963131
6.963747
6.960556
6.956242
6.948538
6.936508
6.925289
6.915741
6.905357
6.900595
6.899168
6.902277
6.905670
6.905045
6.898743
6.887547
6.873558
6.856625
6.834366
6.811495
6.790657
6.779068
6.773369
6.768719
6.766796
6.762783
6.758070
6.749302
6.736290
6.720642
6.703489
6.693895
6.691429
6.693144
6.700855
6.712093
6.726727
6.740427
6.747683
6.749565
6.743729
6.732548
6.717529
6.702211
6.685934
6.671623
6.667547
6.671087
6.678337
6.688103
6.697119
6.706112
6.711683
6.713165
6.708641
6.698219
6.687452
6.676823
6.673622
6.676109
6.680973
6.689274
6.699280
6.711266
6.719513
6.721411
6.716221
6.703339
6.680893
6.659065
6.638573
6.619129
6.600288
6.585022
6.573627
6.563951
6.556232
6.548550
6.545635
6.548210
6.550999
6.557205
6.563629
6.570234
6.574921
6.573469
6.562002
6.540585
6.513813
6.487217
6.460930
6.440304
6.423534
6.410286
6.403828
6.404655
6.412592
6.424038
6.438742
6.451941
6.459143
6.464287
6.467972
6.473381
6.478937
6.482166
6.487396
6.493750
6.498573
6.503143
6.507118
6.512280
6.516407
6.523817
6.532297
6.538063
6.542095
6.544506
6.548969
6.554087
6.556141
6.557390
6.557686
6.557446
6.555683
6.550997
6.547600
6.544231
6.539793
6.538506
6.539284
6.545027
6.551697
6.564371
6.581535
6.598064
6.613247
6.624670
6.635071
6.642750
6.643751
6.642019
6.634281
6.626215
6.619692
6.614239
6.614441
6.617943
6.628370
6.641777
6.653526
6.663963
6.670782
6.671333
6.671703
6.671007
6.675531
6.683578
6.696596
6.711163
6.723612
6.735870
6.745165
6.752922
6.755964
6.751019
6.740223
6.724979
6.713247
6.704250
6.696768
6.691381
6.687496
6.683636
6.682150
6.680613
6.678732
6.673424
6.664083
6.655590
6.647280
6.642731
6.640060
6.636864
6.635454
6.635292
6.638412
6.642511
6.643999
6.645548
6.645384
6.646847
6.647465
6.654549
6.665337
6.675703
6.688044
6.699762
6.714264
6.731075
6.745298
6.759991
6.772091
6.781523
6.791592
6.802042
6.815205
6.828527
6.843132
6.856083
6.866001
6.876881
6.885513
6.889132
6.890469
6.888590
6.886446
6.882708
6.881859
6.880573
6.876255
6.873459
6.870113
6.864100
6.857594
6.849236
6.848179
6.851904
6.861868
6.874313
6.886538
6.901054
6.913990
6.925484
6.931774
6.931381
6.927355
6.920353
6.913168
6.907103
6.900715
6.899319
6.900826
6.908112
6.916790
6.922783
6.929024
6.932528
6.936707
6.940781
6.939747
6.938353
6.935375
6.933249
6.931217
6.926451
6.921175
6.914410
6.903276
6.890509
6.876480
6.868740
6.863966
6.858280
6.853106
6.847572
6.843952
6.839565
6.837854
6.836519
6.831533
6.826506
6.821350
6.817986
6.813534
6.807114
6.798685
6.785721
6.768587
6.760920
6.761913
6.771637
6.785378
6.798111
6.808474
6.806202
6.783463
6.740017
6.682076
6.623997
6.573673
6.541807
6.529791
6.535738
6.560501
6.596088
6.636850
6.672379
6.699772
6.715212
6.717566
6.713039
6.700829
6.681446
6.663363
6.647346
6.636276
6.626661
6.615955
6.606733
6.597116
6.589346
6.581841
6.577202
6.574207
6.569729
6.564751
6.557062
6.547087
6.538401
6.529919
6.525707
6.526155
6.528131
6.536360
6.549786
6.569998
6.591902
6.610500
6.626596
6.640762
6.655258
6.670677
6.684265
6.695517
6.708855
6.722404
6.739195
6.755798
6.779955
6.808495
6.843605
6.881363
6.913609
6.939096
6.951927
6.946381
6.925411
6.893684
6.861179
6.833549
6.823931
6.834230
6.863337
6.905926
6.953106
7.001678
7.044392
7.081354
7.108158
7.123087
7.131662
7.135401
7.138987
7.142439
7.144773
7.148335
7.151747
7.158148
7.165092
7.167337
7.170280
7.171947
7.173357
7.172544
7.167370
7.161676
7.154556
7.149820
7.145941
7.140526
7.137955
7.137014
7.144207
7.156799
7.170738
7.187748
7.205612
7.223007
7.235336
7.240585
7.240795
7.234280
7.221775
7.209805
7.200346
7.199028
7.203201
7.213762
7.226791
7.236864
7.243851
7.244684
7.242002
7.233990
7.219763
7.204922
7.190588
7.180815
7.174637
7.170017
7.169888
7.172104
7.173548
7.175941
7.177515
7.181082
7.183954
7.188488
7.191292
7.190407
7.190220
7.190403
7.188984
7.187653
7.185717
7.187943
7.191994
7.201355
7.212923
7.224112
7.237761
7.251896
7.269032
7.285273
7.297525
7.310165
7.321648
7.328220
7.327915
7.327583
7.332451
7.338781
7.342968
7.347435
7.350903
7.350979
7.350939
7.337414
7.301359
7.228699
7.108410
6.962280
6.814266
6.694405
6.614693
6.582130
6.593758
6.638720
6.708645
6.785326
6.858318
6.917555
6.958105
6.986095
7.002937
7.011488
7.010672
6.996769
6.975651
6.945698
6.911961
6.871685
6.822741
6.775406
6.728786
6.683800
6.639828
6.596455
6.557550
6.524719
6.498823
6.477837
6.457388
6.440777
6.426296
6.422218
6.427242
6.444534
6.468973
6.495815
6.526852
6.557379
6.583727
6.609850
6.634922
6.661749
6.690760
6.725246
6.763176
6.802347
6.845457
6.890903
6.934238
6.976645
7.018106
7.059191
7.098982
7.145025
7.195477
7.245121
7.295940
7.345669
7.396835
7.445614
7.486996
7.524118
7.557308
7.584887
7.611546
7.636225
7.664936
7.697161
7.729515
7.764801
7.799049
7.834152
7.866760
7.893623
7.917599
7.936003
7.955700
7.975872
7.996759
8.016157
8.030067
8.042309
8.050022
8.050236
8.041248
8.022964
8.006439
7.992638
7.983437
7.978056
7.975338
7.979376
7.987432
7.992189
7.993721
7.987648
7.974768
7.950756
7.915850
7.874926
7.831264
7.793818
7.763218
7.742718
7.728718
7.715853
7.707127
7.698071
7.685982
7.667875
7.640039
7.604649
7.564203
7.518879
7.477314
7.440830
7.408070
7.377468
7.352076
7.329874
7.305149
7.280664
7.254246
7.224537
7.196556
7.169537
7.145325
7.122723
7.098217
7.080654
7.067322
7.059784
7.051998
7.045420
7.038706
7.027210
7.013311
6.996559
6.980022
6.961514
6.939072
6.918430
6.899433
6.882303
6.865589
6.847572
6.832331
6.819332
6.805925
6.796089
6.789896
6.792107
6.797731
6.802835
6.808720
6.812975
6.818466
6.819593
6.819458
6.814419
6.803530
6.787151
6.766350
6.749067
6.736343
6.727089
6.726007
6.731997
6.747141
6.768932
6.792072
6.810360
6.821775
6.834581
6.851391
6.867876
6.885098
6.899803
6.914310
6.926468
6.936110
6.945972
6.950363
6.948641
6.937569
6.914484
6.888332
6.864393
6.850327
6.847393
6.854479
6.878607
6.914005
6.951183
6.990528
7.024521
7.055262
7.076494
7.084003
7.080906
7.067831
7.050930
7.030783
7.008465
6.992470
6.983234
6.984154
6.990776
7.006264
7.024336
7.038902
7.052134
7.062317
7.065346
7.064625
7.059553
7.059162
7.061466
7.066545
7.069807
7.067226
7.059372
7.046448
7.028214
7.003080
6.969891
6.939810
6.913660
6.891020
6.875326
6.866093
6.860888
6.859037
6.860641
6.859493
6.849190
6.835976
6.819016
6.802895
6.783825
6.758289
6.729912
6.699831
6.672613
6.650734
6.633818
6.626556
6.628746
6.646507
6.675808
6.707468
6.737553
6.759119
6.772249
6.774900
6.762642
6.738415
6.702274
6.665482
6.630316
6.594660
6.563641
6.537842
6.521500
6.513622
6.507523
6.502073
6.492481
6.476393
6.457155
6.435871
6.421589
6.413399
6.414061
6.420822
6.429993
6.442646
6.453142
6.457760
6.457787
6.452553
6.445473
6.438072
6.440849
6.452868
6.470135
6.492632
6.518120
6.540657
6.560360
6.572950
6.579918
6.577007
6.572933
6.567284
6.558744
6.553917
6.551779
6.550346
6.553085
6.554825
6.556187
6.555155
6.548052
6.540243
6.531616
6.528770
6.531445
6.535309
6.542423
6.549423
6.556564
6.560240
6.563253
6.563503
6.558002
6.551762
6.544468
6.534698
6.525461
6.517570
6.517706
6.522793
6.527884
6.532478
6.534267
6.535065
6.531380
6.523226
6.507978
6.484594
6.458818
6.429813
6.399174
6.366035
6.341822
6.330116
6.326342
6.323635
6.317022
6.310331
6.306057
6.299288
6.285332
6.263800
6.234135
6.207678
6.184111
6.166729
6.153927
6.143620
6.139343
6.138142
6.140450
6.140274
6.133533
6.125397
6.116482
6.104122
6.094242
6.086372
6.083946
6.082315
6.087715
6.094494
6.097408
6.095629
6.087492
6.073654
6.057005
6.036474
6.016390
5.994862
5.980494
5.971798
5.964823
5.962616
5.964386
5.965000
5.967264
5.967876
5.965839
5.957708
5.947155
5.935070
5.919281
5.911911
5.914433
5.923161
5.940918
5.964516
5.994259
6.022198
6.047482
6.063862
6.068956
6.066816
6.058498
6.044102
6.028584
6.013706
6.010159
6.016085
6.026348
6.040455
6.052959
6.067495
6.077396
6.083347
6.082096
6.071815
6.055557
6.035328
6.018551
6.007730
6.001846
6.008738
6.026112
6.053583
6.082975
6.108318
6.129343
6.142237
6.141193
6.132353
6.117088
6.100430
6.083595
6.074070
6.072367
6.077520
6.092503
6.114950
6.137438
6.159670
6.177063
6.193398
6.207445
6.223083
6.238997
6.252026
6.262199
6.277222
6.295130
6.317492
6.340425
6.365185
6.389200
6.415882
6.441076
6.461124
6.478453
6.491028
6.496803
6.499975
6.500608
6.502449
6.504257
6.507814
6.511780
6.514528
6.518412
6.521723
6.522352
6.528084
6.537121
6.550575
6.566242
6.584873
6.603336
6.617390
6.623539
6.619080
6.608006
6.598379
6.588001
6.581469
6.577005
6.574291
6.576733
6.583788
6.596754
6.610439
6.619234
6.624605
6.623869
6.621593
6.615334
6.610275
6.607002
6.601570
6.597214
6.594496
6.588297
6.580700
6.570738
6.559483
6.544237
6.523251
6.502304
6.481075
6.461693
6.443989
6.424759
6.403408
6.385500
6.375275
6.369457
6.369488
6.371019
6.369102
6.367168
6.361044
6.348724
6.334734
6.318867
6.304781
6.291464
6.282841
6.278625
6.275930
6.279364
6.287453
6.300034
6.313589
6.324478
6.334877
6.342314
6.344570
6.345842
6.346529
6.343937
6.341391
6.338459
6.336956
6.334808
6.334791
6.334164
6.330246
6.327297
6.324709
6.323833
6.324709
6.323584
6.322262
6.320095
6.322792
6.329023
6.338902
6.351704
6.361429
6.370945
6.377142
6.381016
6.380184
6.374195
6.369366
6.365578
6.369078
6.379395
6.392506
6.407398
6.422466
6.436871
6.448658
6.452656
6.452055
6.446611
6.444775
6.447254
6.451864
6.461430
6.473818
6.491188
6.509850
6.524479
6.535032
6.538713
6.531527
6.519302
6.501842
6.485222
6.471268
6.461802
6.454510
6.447094
6.444862
6.445429
6.447641
6.448952
6.445129
6.439022
6.430298
6.416502
6.401482
6.385670
6.373503
6.365664
6.362980
6.362982
6.361425
6.360550
6.356943
6.353203
6.347279
6.337547
6.327652
6.318695
6.308903
6.301941
6.297300
6.295696
6.295612
6.293568
6.293299
6.292479
6.294167
6.296022
6.300285
6.306364
6.311184
6.315121
6.317379
6.322014
6.325909
6.326591
6.327488
6.328085
6.326420
6.325645
6.326008
6.328356
6.329802
6.335390
6.344355
6.351540
6.358965
6.364267
6.371407
6.378450
6.382029
6.379219
6.370222
6.354246
6.337137
6.320105
6.306625
6.296694
6.295448
6.302681
6.314745
6.332802
6.352676
6.369328
6.383741
6.393320
6.399082
6.399250
6.393063
6.386950
6.382856
6.382008
6.383446
6.385532
6.392014
6.400665
6.411669
6.422701
6.431431
6.441399
6.450706
6.462608
6.474390
6.483147
6.492115
6.500343
6.510389
6.519690
6.524504
6.527918
6.529409
6.530663
6.528271
6.520988
6.513947
6.506588
6.501076
6.496752
6.491613
6.487553
6.484844
6.488743
6.497105
6.508545
6.520041
6.530123
6.540491
6.548283
6.552059
6.553690
6.552635
6.551384
6.548225
6.542728
6.537771
6.533642
6.532000
6.530949
6.527805
6.526421
6.525902
6.526405
6.526924
6.526295
6.527416
6.528721
6.533348
6.538876
6.543545
6.549316
6.555292
6.561499
6.565639
6.568562
6.567589
6.560810
6.551373
6.538979
6.522583
6.506332
6.489296
6.473417
6.458206
6.441792
6.425526
6.407661
6.394617
6.385342
6.377306
6.371687
6.367655
6.366999
6.365112
6.358723
6.349220
6.337551
6.326008
6.314644
6.302036
6.291409
6.284878
6.288174
6.299599
6.316900
6.336258
6.353207
6.363804
6.365192
6.356707
6.339243
6.312698
6.280203
6.255169
6.239544
6.238148
6.248724
6.270645
6.299442
6.331257
6.364998
6.399193
6.433548
6.465057
6.493755
6.505816
6.491898
6.456842
6.406250
6.349411
6.296974
6.254158
6.228760
6.222237
6.231764
6.254799
6.285057
6.318331
6.349649
6.375454
6.397924
6.415127
6.430941
6.442595
6.445724
6.443586
6.435499
6.424179
6.408932
6.391308
6.371143
6.349415
6.330536
6.315136
6.305954
6.302738
6.302345
6.306993
6.313931
6.325418
6.337500
6.346172
6.353701
6.359814
6.365471
6.367756
6.364042
6.353722
6.338787
6.326542
6.318171
6.311968
6.310816
6.315775
6.324224
6.337843
6.354256
6.370543
6.384712
6.394611
6.402941
6.408405
6.415535
6.423780
6.431137
6.438864
6.447369
6.458075
6.468716
6.479694
6.488514
6.494221
6.497475
6.500965
6.504360
6.511124
6.518654
6.527637
6.535431
6.539539
6.537804
6.530420
6.524853
6.524570
6.526472
6.528063
6.527267
6.526442
6.525425
6.522703
6.521017
6.520351
6.523472
6.529266
6.535666
6.545818
6.558784
6.574013
6.586979
6.598877
6.606215
6.607504
6.605263
6.600351
6.594515
6.588469
6.582354
6.578798
6.577757
6.577740
6.580082
6.583729
6.592381
6.603722
6.613861
6.623545
6.629526
6.633736
6.634193
6.629230
6.621719
6.611618
6.602062
6.593172
6.587084
6.581833
6.576820
6.573528
6.571487
6.571150
6.572269
6.573658
6.579781
6.588593
6.598349
6.609276
6.618969
6.627922
6.633152
6.632729
6.627193
6.617086
6.604319
6.589966
6.573839
6.556583
6.539768
6.526335
6.515671
6.511499
6.510967
6.511497
6.514761
6.518202
6.518063
6.515797
6.509075
6.498650
6.485292
6.469946
6.453625
6.438026
6.428411
6.424246
6.425552
6.429626
6.433266
6.438034
6.441845
6.447680
6.452654
6.454678
6.454563
6.452017
6.446028
6.438807
6.429264
6.421270
6.414246
6.405001
6.396940
6.389742
6.385227
6.381248
6.378000
6.373802
6.366079
6.359505
6.354496
6.352160
6.351377
6.351143
6.352295
6.354595
6.355457
6.355515
6.354469
6.352322
6.348511
6.346588
6.348354
6.355236
6.365767
6.378075
6.389748
6.401897
6.412584
6.422462
6.429651
6.434469
6.436365
6.435844
6.435816
6.436333
6.440594
6.448278
6.457199
6.468237
6.479628
6.489952
6.499641
6.507788
6.517744
6.527580
6.535398
6.542490
6.548580
6.554508
6.557812
6.556328
6.551064
6.540482
6.527910
6.513416
6.497248
6.488340
6.487406
6.493393
6.504202
6.519682
6.534332
6.543503
6.548080
6.547119
6.543100
6.535572
6.526518
6.519966
6.518055
6.519371
6.524414
6.531801
6.539984
6.546490
6.552422
6.555981
6.555981
6.553061
6.548082
6.544016
6.540525
6.537106
6.535570
6.534683
6.533339
6.531935
6.529600
6.528553
6.527142
6.526232
6.524529
6.520815
6.516209
6.510921
6.505205
6.500370
6.494932
6.490328
6.485212
6.479280
6.472921
6.464397
6.456921
6.449398
6.445219
6.442757
6.439701
6.436428
6.433205
6.429211
6.426619
6.423191
6.419031
6.414616
6.411297
6.409386
6.407215
6.407253
6.408794
6.411180
6.417103
6.424385
6.432734
6.440865
6.449986
6.459217
6.466225
6.471758
6.475555
6.476578
6.475077
6.471348
6.467594
6.464243
6.459179
6.452837
6.444380
6.439703
6.438686
6.439972
6.443090
6.446949
6.452206
6.456657
6.459826
6.458714
6.453335
6.444263
6.430967
6.414738
6.398159
6.382582
6.370632
6.363066
6.361412
6.363422
6.368534
6.376579
6.384636
6.392633
6.397793
6.400314
6.400311
6.396063
6.387932
6.376982
6.364761
6.351799
6.340256
6.330011
6.321974
6.315172
6.308306
6.302633
6.297190
6.291706
6.285791
6.277889
6.268867
6.259432
6.247898
6.240265
6.236996
6.237383
6.240086
6.245098
6.252075
6.261198
6.272888
6.285564
6.299021
6.312151
6.324245
6.334118
6.342201
6.349146
6.355076
6.361238
6.367859
6.374996
6.381788
6.388828
6.395466
6.401560
6.407349
6.411980
6.415930
6.421106
6.426922
6.431751
6.436615
6.441574
6.447172
6.452448
6.456263
6.459671
6.462776
6.465092
6.468287
6.472662
6.478302
6.484623
6.491804
6.499159
6.505899
6.512051
6.517750
6.522511
6.525267
6.526001
6.525101
6.524363
6.524071
6.524826
6.526943
6.530212
6.533218
6.536695
6.539564
6.542362
6.543728
6.544083
6.543644
6.541401
6.537437
6.533779
6.531204
6.527813
6.523951
6.519657
6.515137
6.509897
6.505447
6.500490
6.496201
6.490786
6.485146
6.480183
6.474819
6.469564
6.464428
6.460060
6.457115
6.453854
6.450901
6.449646
6.448832
6.448095
6.448341
6.448374
6.448696
6.447800
6.447058
6.445036
6.443598
6.442673
6.440731
6.437414
6.434101
6.431778
6.427668
6.423100
6.419029
6.414043
6.408146
6.401794
6.396290
6.391457
6.387474
6.385460
6.384670
6.383751
6.383732
6.384624
6.385971
6.387388
6.389101
6.390900
6.393463
6.395121
6.396559
6.398457
6.400644
6.402096
6.402798
6.404436
6.406193
6.407804
6.408493
6.410694
6.413363
6.415035
6.416595
6.418419
6.420334
6.421442
6.422134
6.423359
6.425438
6.427502
6.429077
6.430130
6.431419
6.432243
6.433275
6.434248
6.434347
6.435263
6.436440
6.437178
6.438015
6.438217
6.437891
6.437273
6.436920
6.436516
6.436367
6.436024
6.436073
6.435946
6.436092
6.436007
6.434925
6.433962
6.432652
6.430923
6.429649
6.428871
6.427826
6.427814
6.427063
6.425865
6.424980
6.424553
6.423122
6.421499
6.420242
6.419523
6.418335
6.416407
6.414181
6.412262
6.411076
6.409693
6.408314
6.407166
6.406267
6.405642
6.404640
6.403244
6.402729
6.401897
6.401398
6.399984
6.398010
6.395731
6.393652
6.391802
6.390497
6.389069
6.386608
6.383810
6.381367
6.379309
6.377712
6.376694
6.375065
6.373205
6.371784
6.370012
6.368044
6.366484
6.364216
6.363480
6.362333
6.360359
6.358030
6.355217
6.352253
6.349258
6.346859
6.344471
6.341663
6.338358
6.334633
6.330845
6.327206
6.323681
6.319284
6.316296
6.314037
6.311367
6.307974
6.305132
6.302341
6.299860
6.295925
6.291470
6.286221
6.280197
6.273825
6.268673
6.263323
6.258280
6.253214
6.248272
6.243639
6.238842
6.234489
6.229389
6.223583
6.219244
6.214527
6.208830
6.203367
6.197330
6.191879
6.185720
6.180155
6.175344
6.170378
6.165592
6.161001
6.156021
6.151239
6.145767
6.141483
6.136135
6.130476
6.124714
6.119293
6.113075
6.106792
6.099464
6.091656
6.083815
6.076185
6.068363
6.061584
6.056005
6.049915
6.043163
6.035585
6.028709
6.022070
6.015099
6.009150
6.002645
5.994644
5.985714
5.977421
5.968809
5.961859
5.954674
5.947363
5.940037
5.931992
5.923615
5.914146
5.905645
5.896435
5.887812
5.879131
5.871445
5.864393
5.856867
5.849247
5.840603
5.832127
5.823030
5.813694
5.804497
5.795059
5.785196
5.775787
5.766491
5.757902
5.747946
5.737671
5.725075
5.711840
5.699940
5.688339
5.676996
5.667442
5.658249
5.650064
5.641298
5.631886
5.623135
5.613708
5.603827
5.593090
5.581871
5.570084
5.559349
5.548615
5.536558
5.524656
5.511953
5.498846
5.485792
5.473097
5.461395
5.449640
5.437794
5.426994
5.416027
5.404966
5.393698
5.382671
5.371632
5.360081
5.348293
5.335684
5.323982
5.313437
5.303535
5.295292
5.285755
5.275116
5.265635
5.256790
5.247477
5.237322
5.226425
5.215759
5.204807
5.192894
5.182446
5.170769
5.160664
5.148983
5.135756
5.119989
5.103970
5.089149
5.074205
5.059927
5.044754
5.030056
5.018034
5.005459
4.993404
4.980337
4.967745
4.954731
4.939789
4.926147
4.911182
4.896442
4.882753
4.868937
4.855280
4.840496
4.826277
4.811985
4.797909
4.784107
4.769707
4.755182
4.741989
4.728544
4.714741
4.698578
4.680159
4.662502
4.644640
4.627781
4.609739
4.591564
4.575748
4.561413
4.547577
4.532774
4.517464
4.502354
4.486170
4.470459
4.454260
4.437658
4.422598
4.406851
4.391808
4.374521
4.355270
4.335796
4.316673
4.299707
4.284304
4.268103
4.253929
4.238674
4.223961
4.208424
4.191689
4.175623
4.157927
4.141399
4.125650
4.109755
4.093733
4.077240
4.061003
4.042313
4.023312
4.005562
3.986782
3.968992
3.949413
3.929379
3.911793
3.895943
3.882641
3.870148
3.856848
3.843769
3.828568
3.812443
3.794031
3.774906
3.757027
3.738459
3.720436
3.703224
3.687925
3.673779
3.659271
3.645498
3.628281
3.608784
3.589565
3.569023
3.549593
3.532965
3.517744
3.501347
3.485397
3.470400
3.458187
3.444872
3.431313
3.416193
3.400593
3.384293
3.368496
3.354519
3.341076
3.328701
3.319109
3.310261
3.303478
3.295692
3.286581
3.272564
3.256031
3.239948
3.224411
3.211063
3.200968
3.194818
3.193340
3.194553
3.198797
3.202721
3.204906
3.206394
3.206110
3.204786
3.199924
3.194679
3.191914
3.191698
3.195570
3.203156
3.210949
3.218687
3.223755
3.224049
3.222418
3.217102
3.209789
3.197708
3.183947
3.172419
3.162731
3.155718
3.152817
3.154085
3.160442
3.170048
3.183041
3.195641
3.206051
3.214981
3.219755
3.222260
3.220840
3.217001
3.214684
3.210236
3.205740
3.201637
3.199722
3.197176
3.195805
3.195499
3.196381
3.198936
3.204567
3.210649
3.217028
3.221287
3.222755
3.220213
3.214973
3.209648
3.202982
3.197166
3.193707
3.192360
3.193319
3.195312
3.197735
3.202169
3.206764
3.209517
3.205688
3.195709
3.180258
3.163012
3.147312
3.130579
3.115093
3.105137
3.098263
3.096964
3.099197
3.104946
3.108675
3.111073
3.113640
3.114258
3.112392
3.105244
3.095093
3.086170
3.079399
3.075718
3.077003
3.082767
3.094475
3.110189
3.130064
3.150141
3.169497
3.187647
3.205519
3.224421
3.232794
3.231926
3.226894
3.219315
3.210585
3.197620
3.182755
3.172455
3.168526
3.171406
3.179657
3.193129
3.212278
3.233601
3.255142
3.268681
3.275955
3.278114
3.275642
3.271988
3.268530
3.265888
3.267851
3.273170
3.284615
3.301371
3.316793
3.329121
3.335598
3.336199
3.331118
3.321583
3.311598
3.301037
3.293009
3.288128
3.286110
3.286522
3.281387
3.271074
3.258570
3.246058
3.236130
3.229443
3.220638
3.213421
3.207434
3.205156
3.205910
3.208055
3.210510
3.206957
3.196510
3.178638
3.157137
3.137959
3.119736
3.106361
3.098021
3.096926
3.103512
3.112595
3.121998
3.131029
3.139742
3.141413
3.138512
3.133854
3.125912
3.116720
3.105791
3.093853
3.083952
3.076422
3.075838
3.082767
3.091307
3.101063
3.105299
3.105068
3.098942
3.089773
3.080198
3.070459
3.064585
3.065651
3.071898
3.083754
3.097000
3.111458
3.123280
3.133263
3.140545
3.141996
3.140718
3.139839
3.137409
3.135271
3.128899
3.121159
3.115910
3.111353
3.109074
3.105766
3.102802
3.103680
3.104237
3.105740
3.104240
3.100824
3.097412
3.091919
3.085232
3.070812
3.050165
3.026121
3.004095
2.987984
2.976105
2.971380
2.976419
2.987024
3.005318
3.025669
3.047350
3.067598
3.084085
3.096876
3.102667
3.103306
3.092070
3.073950
3.054808
3.035975
3.020271
3.010891
3.006573
3.007771
3.011127
3.020926
3.037052
3.053167
3.067560
3.075035
3.075542
3.070927
3.064095
3.056841
3.050171
3.048233
3.054106
3.064278
3.078672
3.093590
3.109743
3.118267
3.119282
3.116053
3.106918
3.092655
3.073542
3.052214
3.034906
3.021955
3.015045
3.006226
2.997593
2.990955
2.983994
2.975780
2.966347
2.955950
2.947466
2.941980
2.942259
2.950375
2.959976
2.970547
2.980297
2.988894
2.989098
2.981750
2.971634
2.960043
2.949963
2.945362
2.942860
2.944887
2.949268
2.957870
2.963242
2.966080
2.967884
2.966686
2.963114
2.959152
2.955084
2.956669
2.964344
2.978411
2.998791
3.017576
3.034975
3.047138
3.054844
3.057774
3.060158
3.066008
3.074282
3.084702
3.089973
3.090918
3.090639
3.083307
3.071337
3.053535
3.033745
3.018587
3.007290
3.002430
2.999729
3.001015
3.007404
3.013462
3.019333
3.025980
3.030697
3.033470
3.037930
3.045378
3.056719
3.059988
3.055370
3.043268
3.028688
3.014240
2.997942
2.981987
2.961359
2.943001
2.922857
2.905193
2.894642
2.890150
2.892185
2.899961
2.908899
2.917744
2.923801
2.926220
2.921650
2.912884
2.905144
2.898903
2.894163
2.894754
2.895021
2.896732
2.897911
2.900686
2.906040
2.910721
2.915487
2.916309
2.913446
2.909758
2.900837
2.891422
2.873404
2.849922
2.827381
2.805710
2.785662
2.765305
2.748955
2.740995
2.738888
2.744265
2.747614
2.750900
2.755777
2.759493
2.763229
2.763626
2.762947
2.766521
2.773182
2.782602
2.786779
2.789028
2.790871
2.790148
2.788857
2.784956
2.782974
2.787054
2.796539
2.812515
2.837200
2.871866
2.912834
2.947340
2.974941
2.993980
3.007133
3.015509
3.015015
3.009729
3.001350
2.993313
2.990379
2.990198
2.994328
2.992554
2.987062
2.975676
2.962219
2.949656
2.937492
2.927513
2.920612
2.922039
2.936859
2.958126
2.983015
3.002836
3.017578
3.025501
3.021675
3.010988
2.998238
2.979383
2.959137
2.937111
2.918148
2.906210
2.897671
2.893948
2.893019
2.896021
2.906664
2.919868
2.935215
2.948589
2.961061
2.970541
2.977726
2.984667
2.987568
2.987862
2.989035
2.985867
2.981659
2.975201
2.969028
2.966433
2.964535
2.964451
2.961826
2.959330
2.959667
2.960226
2.962248
2.961447
2.959509
2.960278
2.961761
2.965439
2.968048
2.974689
2.986547
2.994566
3.000740
3.002773
3.003212
3.004131
3.003811
3.006252
3.010429
3.018856
3.033566
3.050278
3.069359
3.086184
3.102558
3.110020
3.110027
3.109436
3.107347
3.106680
3.105003
3.105696
3.112467
3.121056
3.131458
3.145947
3.159756
3.174351
3.184042
3.189543
3.183144
3.167067
3.148315
3.128126
3.109150
3.096119
3.090694
3.092859
3.101004
3.116457
3.140053
3.164312
3.189228
3.212566
3.226997
3.233816
3.237745
3.242340
3.250292
3.262115
3.278463
3.302101
3.319569
3.318871
3.304337
3.282621
3.261238
3.238916
3.209644
3.178345
3.150961
3.125259
3.101740
3.076651
3.058849
3.051470
3.065342
3.105053
3.158636
3.219156
3.278889
3.330019
3.366879
3.382370
3.377981
3.358974
3.330114
3.298679
3.265001
3.232145
3.203585
3.182301
3.168636
3.157890
3.147003
3.141033
3.137016
3.137836
3.146021
3.155838
3.167782
3.174860
3.177891
3.169739
3.154593
3.140614
3.129854
3.124113
3.120405
3.121069
3.128111
3.140049
3.155500
3.166508
3.174665
3.182039
3.185123
3.185421
3.180096
3.173182
3.168179
3.164118
3.162224
3.153694
3.140781
3.121769
3.098644
3.074478
3.046789
3.021229
2.997887
2.980515
2.973164
2.964973
2.957443
2.948341
2.939329
2.934196
2.929480
2.926701
2.925623
2.931025
2.944983
2.954960
2.963245
2.966822
2.967705
2.968578
2.965887
2.961416
2.958843
2.960693
2.969971
2.985348
3.007357
3.030876
3.057308
3.087397
3.114614
3.139553
3.152355
3.154510
3.152025
3.144447
3.134918
3.121181
3.109486
3.106380
3.108492
3.120190
3.133583
3.147320
3.164108
3.178444
3.188360
3.191746
3.192730
3.195383
3.196854
3.200916
3.210411
3.218346
3.225273
3.223148
3.215199
3.200989
3.184855
3.173447
3.166407
3.165628
3.175180
3.191622
3.215782
3.239985
3.264582
3.278690
3.283535
3.283701
3.276546
3.263794
3.244476
3.224098
3.207973
3.193409
3.184441
3.181763
3.180965
3.181393
3.179300
3.176685
3.176382
3.181099
3.192633
3.193649
3.187023
3.180334
3.177315
3.173637
3.165508
3.157299
3.166885
3.212082
3.310139
3.448164
3.609104
3.762096
3.887878
3.973322
4.007931
3.994389
3.943636
3.870394
3.796638
3.732777
3.686571
3.660122
3.641949
3.630280
3.621111
3.616503
3.615522
3.620148
3.636097
3.662022
3.697704
3.742935
3.786066
3.824074
3.854122
3.878357
3.893377
3.900988
3.905979
3.913393
3.921080
3.929586
3.930019
3.925854
3.915827
3.902374
3.881680
3.855827
3.830414
3.806116
3.787106
3.774357
3.762405
3.751593
3.733561
3.709955
3.682547
3.644974
3.602312
3.553457
3.502443
3.456417
3.411232
3.370537
3.325232
3.276840
3.224766
3.174742
3.128811
3.081867
3.036974
3.001400
2.972656
2.951468
2.933569
2.921743
2.915144
2.907719
2.898075
2.882395
2.864079
2.848227
2.829556
2.813324
2.799850
2.791744
2.792473
2.799700
2.814180
2.832882
2.856628
2.875984
2.892597
2.908991
2.926987
2.941483
2.946127
2.945763
2.951834
2.967127
2.993029
3.027170
3.072525
3.128099
3.188002
3.245548
3.295998
3.333321
3.357735
3.363804
3.355263
3.335972
3.312309
3.292419
3.276707
3.270514
3.274803
3.291988
3.321619
3.356924
3.395943
3.437059
3.472918
3.502111
3.514706
3.513632
3.506681
3.499931
3.498461
3.492596
3.489878
3.496895
3.513737
3.539936
3.565063
3.588158
3.611282
3.627995
3.639023
3.640032
3.634939
3.623795
3.608782
3.593132
3.572214
3.548737
3.520714
3.491634
3.464945
3.436443
3.408861
3.381367
3.356537
3.337698
3.320770
3.307077
3.299141
3.291645
3.283886
3.272846
3.262751
3.244762
3.220892
3.198977
3.175789
3.154955
3.141222
3.126617
3.112581
3.098186
3.088810
3.088053
3.090385
3.095192
3.100443
3.105440
3.108465
3.110767
3.115963
3.113972
3.109219
3.108950
3.111645
3.119167
3.126547
3.137547
3.150387
3.169373
3.195000
3.224859
3.257332
3.286343
3.301361
3.305191
3.297646
3.284107
3.271164
3.258078
3.248747
3.246567
3.258743
3.285210
3.319237
3.359673
3.394733
3.424683
3.449705
3.464378
3.471193
3.473494
3.476692
3.480057
3.486618
3.501608
3.520485
3.542015
3.566639
3.586712
3.603653
3.615284
3.624271
3.634741
3.643770
3.653021
3.652842
3.646801
3.631800
3.611433
3.591183
3.566868
3.542393
3.519176
3.502180
3.496212
3.494844
3.498489
3.505976
3.509569
3.511074
3.504030
3.490675
3.475918
3.458178
3.440783
3.420914
3.403273
3.390207
3.377785
3.367725
3.358036
3.350807
3.335619
3.315315
3.296513
3.276981
3.260424
3.249779
3.243233
3.244949
3.251385
3.265259
3.286961
3.308853
3.329136
3.341305
3.346567
3.341549
3.327997
3.310265
3.287640
3.265169
3.241711
3.220741
3.206642
3.195593
3.189175
3.191711
3.197849
3.208420
3.218300
3.228333
3.241722
3.250715
3.256720
3.257902
3.258352
3.260654
3.260612
3.260941
3.259867
3.260284
3.259478
3.259251
3.262365
3.266029
3.271366
3.279646
3.282413
3.282511
3.279346
3.275047
3.275677
3.276785
3.282536
3.290396
3.300545
3.315031
3.329014
3.341629
3.353458
3.364853
3.368309
3.366455
3.363321
3.354923
3.345314
3.335678
3.322243
3.308136
3.293003
3.281876
3.272646
3.266964
3.269388
3.272942
3.279160
3.283064
3.286970
3.293182
3.296700
3.298437
3.294319
3.288412
3.284389
3.278263
3.273619
3.262804
3.249840
3.239807
3.230682
3.226791
3.230202
3.234547
3.242683
3.252697
3.265512
3.274963
3.282244
3.288151
3.288296
3.283440
3.271679
3.255089
3.239395
3.222256
3.207134
3.203915
3.212021
3.233755
3.267195
3.309044
3.353058
3.387377
3.409218
3.411346
3.396242
3.372974
3.345213
3.320415
3.296333
3.275682
3.262014
3.259594
3.262756
3.274048
3.299072
3.338840
3.389118
3.444098
3.495258
3.539564
3.574593
3.594177
3.597452
3.590202
3.572178
3.550476
3.523945
3.497999
3.474033
3.456839
3.443678
3.435310
3.433758
3.429466
3.423237
3.417532
3.416630
3.420961
3.424139
3.427952
3.435452
3.451096
3.470486
3.490910
3.502659
3.499695
3.480885
3.451641
3.414768
3.374405
3.331964
3.292339
3.260328
3.230854
3.208733
3.190331
3.176329
3.171728
3.171783
3.175488
3.173855
3.166077
3.157158
3.145271
3.133469
3.120674
3.111773
3.110552
3.111858
3.116863
3.128395
3.139374
3.148138
3.149397
3.145771
3.134298
3.119099
3.104937
3.090714
3.080627
3.070953
3.063381
3.063496
3.059395
3.053181
3.045025
3.040369
3.041058
3.043835
3.053173
3.066628
3.085594
3.109732
3.127235
3.138950
3.142490
3.140242
3.136181
3.129883
3.127052
3.126888
3.135468
3.154118
3.173355
3.194120
3.212862
3.230913
3.251362
3.267803
3.282429
3.291481
3.298971
3.309338
3.317911
3.326599
3.326431
3.319738
3.312519
3.302996
3.293995
3.283459
3.275784
3.277351
3.283913
3.295763
3.307625
3.319206
3.330881
3.337843
3.340933
3.331373
3.312948
3.293213
3.272270
3.251495
3.230536
3.214624
3.206465
3.204710
3.211086
3.226938
3.246403
3.270227
3.290672
3.307610
3.317162
3.320202
3.321486
3.314030
3.300362
3.280413
3.261049
3.246212
3.234091
3.225451
3.218273
3.214317
3.215799
3.212975
3.204739
3.189907
3.172592
3.154314
3.134380
3.116674
3.099516
3.088154
3.084618
3.087111
3.094549
3.099819
3.103579
3.107832
3.109360
3.109356
3.099728
3.085876
3.072195
3.058716
3.048344
3.036043
3.025642
3.024073
3.028543
3.039644
3.056993
3.074381
3.092508
3.106426
3.117998
3.119299
3.113609
3.103878
3.097811
3.092051
3.090181
3.089195
3.094715
3.103971
3.118298
3.133194
3.149204
3.165426
3.173195
3.172665
3.169270
3.161432
3.153137
3.143938
3.138901
3.140076
3.148260
3.166611
3.183344
3.198843
3.210056
3.218382
3.225094
3.226334
3.226271
3.225801
3.228342
3.236931
3.247709
3.260763
3.273726
3.286201
3.300552
3.311262
3.320372
3.322306
3.321554
3.322584
3.321781
3.321829
3.318619
3.315338
3.315781
3.317345
3.319929
3.320301
3.320927
3.324472
3.327387
3.327524
3.320210
3.309490
3.299246
3.284756
3.269861
3.250580
3.230076
3.214531
3.204615
3.200090
3.197803
3.196735
3.201920
3.207371
3.212887
3.215096
3.215824
3.217028
3.216379
3.215256
3.216549
3.216589
3.215721
3.209831
3.201252
3.188450
3.175076
3.164585
3.157913
3.156460
3.159525
3.168613
3.186075
3.202505
3.216579
3.224533
3.229006
3.232967
3.233679
3.234123
3.238918
3.249960
3.269594
3.285482
3.297848
3.297194
3.287598
3.273888
3.253870
3.231148
3.204674
3.180264
3.168318
3.170341
3.187679
3.213158
3.243858
3.276365
3.298466
3.307676
3.301582
3.284426
3.261074
3.233490
3.209309
3.189428
3.176044
3.171892
3.171566
3.175522
3.180676
3.187017
3.196430
3.204231
3.212778
3.224174
3.235607
3.249039
3.266891
3.289410
3.309235
3.327524
3.347462
3.363550
3.376715
3.381008
3.378820
3.375017
3.369761
3.365742
3.360006
3.355944
3.357553
3.360325
3.363562
3.362297
3.356522
3.348686
3.337101
3.322840
3.304794
3.283833
3.266483
3.246859
3.226566
3.202576
3.178802
3.157797
3.137339
3.118143
3.102171
3.085909
3.072844
3.058811
3.045988
3.033991
3.025166
3.020124
3.014193
3.009171
3.008160
3.007080
3.006874
3.005241
3.003881
2.999569
2.993652
2.988678
2.980383
2.970619
2.958601
2.947721
2.942272
2.938204
2.937565
2.938725
2.943981
2.953863
2.963888
2.976114
2.986765
2.998028
3.012802
3.027187
3.043472
3.058891
3.073347
3.089615
3.104218
3.118391
3.127775
3.134144
3.139751
3.142635
3.143366
3.140076
3.134916
3.132706
3.130598
3.129345
3.128155
3.128241
3.130930
3.133568
3.138512
3.142300
3.147757
3.156946
3.166445
3.177055
3.185169
3.194122
3.205921
3.216782
3.226978
3.232191
3.236992
3.243263
3.248055
3.252037
3.253696
3.254604
3.257645
3.259830
3.263840
3.265015
3.267559
3.273685
3.275372
3.275450
3.272758
3.268684
3.267124
3.267614
3.271870
3.278372
3.287647
3.300766
3.313847
3.325890
3.333101
3.336599
3.336933
3.332481
3.326061
3.317390
3.308001
3.301603
3.295591
3.292665
3.289957
3.287350
3.286835
3.284832
3.280714
3.273144
3.264835
3.260010
3.257561
3.259008
3.264902
3.273598
3.286255
3.300728
3.317461
3.333948
3.349373
3.364687
3.375454
3.382629
3.383789
3.380630
3.376148
3.370872
3.369286
3.368355
3.371277
3.378654
3.387432
3.397520
3.402363
3.403557
3.404312
3.403837
3.402573
3.399296
3.398384
3.403339
3.409891
3.420025
3.430815
3.441837
3.453743
3.460613
3.464287
3.462324
3.457249
3.452623
3.447435
3.444447
3.444689
3.445164
3.447626
3.445417
3.437941
3.428196
3.415052
3.401348
3.386337
3.371925
3.362270
3.357332
3.357496
3.357924
3.358829
3.353270
3.343216
3.331125
3.315067
3.298172
3.280382
3.264448
3.254803
3.250132
3.251450
3.255243
3.259478
3.264284
3.268545
3.271826
3.272179
3.267857
3.262344
3.255451
3.248270
3.241692
3.236824
3.234241
3.233143
3.233494
3.231333
3.227936
3.225967
3.221951
3.216797
3.213173
3.209650
3.208805
3.204899
3.198536
3.191595
3.183439
3.176826
3.169003
3.163151
3.157406
3.154448
3.157434
3.161301
3.166508
3.169538
3.172825
3.176273
3.177383
3.178663
3.178785
3.181154
3.188538
3.199175
3.212685
3.226608
3.238375
3.247314
3.251331
3.252352
3.247456
3.238949
3.230892
3.223629
3.218315
3.217796
3.219799
3.224604
3.229538
3.235172
3.237297
3.235416
3.231472
3.225491
3.216480
3.205376
3.195316
3.187170
3.180870
3.178835
3.177837
3.178633
3.181271
3.181984
3.180351
3.176182
3.171261
3.167728
3.164276
3.164806
3.166321
3.170475
3.178459
3.186266
3.193476
3.198971
3.202173
3.204700
3.206573
3.208374
3.211239
3.214634
3.218765
3.222748
3.225443
3.225418
3.223383
3.220520
3.214865
3.207323
3.198933
3.190899
3.186726
3.182508
3.179501
3.174530
3.168705
3.164633
3.160322
3.157532
3.154701
3.152660
3.154160
3.157375
3.161448
3.166077
3.171558
3.179777
3.187571
3.195309
3.199350
3.202961
3.205549
3.206289
3.205759
3.202898
3.197920
3.194616
3.192390
3.193668
3.197498
3.202799
3.211193
3.220816
3.230789
3.242226
3.251842
3.259151
3.262949
3.263407
3.259697
3.255566
3.252842
3.249491
3.247545
3.242493
3.235447
3.229584
3.223131
3.218235
3.212492
3.207752
3.205051
3.201296
3.198402
3.194025
3.189007
3.183611
3.176819
3.170177
3.165249
3.160091
3.156689
3.152004
3.147579
3.146612
3.147480
3.149883
3.153053
3.155815
3.156225
3.154127
3.151615
3.148201
3.144264
3.138073
3.131912
3.127617
3.124592
3.123154
3.125563
3.129065
3.134172
3.139118
3.145527
3.152119
3.156908
3.160116
3.161127
3.160398
3.155239
3.147514
3.138397
3.129339
3.120125
3.109684
3.101105
3.093899
3.088886
3.086681
3.087029
3.089064
3.092978
3.095797
3.096409
3.093021
3.088348
3.083412
3.077759
3.072607
3.067703
3.064945
3.065781
3.066593
3.069078
3.068752
3.066345
3.063765
3.059587
3.056231
3.052988
3.051149
3.053623
3.058537
3.066385
3.075134
3.083467
3.091900
3.098164
3.100975
3.101105
3.098478
3.095484
3.092432
3.090067
3.089088
3.090240
3.093094
3.096931
3.104137
3.114578
3.125658
3.138580
3.150518
3.160324
3.166748
3.171347
3.176010
3.177647
3.177578
3.176260
3.175640
3.177015
3.180622
3.186962
3.195799
3.207054
3.219925
3.235600
3.251369
3.263971
3.276253
3.286350
3.292469
3.297146
3.297899
3.296396
3.294952
3.292755
3.289791
3.286755
3.285503
3.288048
3.294657
3.303837
3.312729
3.322020
3.333031
3.341999
3.348976
3.353485
3.355312
3.356047
3.354885
3.353710
3.352079
3.351082
3.350925
3.350101
3.350311
3.349092
3.348721
3.349079
3.350044
3.351316
3.354055
3.359144
3.365551
3.372519
3.378183
3.381161
3.381937
3.381147
3.379642
3.377377
3.375851
3.373526
3.371975
3.371237
3.370567
3.368839
3.366055
3.361965
3.357641
3.353180
3.348057
3.342602
3.337837
3.334736
3.331116
3.328461
3.325615
3.323917
3.321962
3.319504
3.316660
3.313692
3.311140
3.308765
3.307140
3.304569
3.302259
3.299284
3.296879
3.293678
3.290651
3.287571
3.284687
3.281551
3.278942
3.276726
3.275475
3.275501
3.273083
3.269234
3.264448
3.258888
3.253038
3.245737
3.239243
3.234167
3.229305
3.224648
3.220613
3.216761
3.213701
3.209352
3.205074
3.199350
3.194614
3.190739
3.187265
3.184252
3.181057
3.178007
3.175631
3.173666
3.172318
3.171619
3.171719
3.172577
3.172916
3.172724
3.171404
3.170574
3.170195
3.171078
3.172108
3.173843
3.176105
3.178349
3.180029
3.182192
3.184822
3.188213
3.192713
3.196598
3.200911
3.205540
3.210442
3.215200
3.219976
3.224209
3.227905
3.231056
3.233335
3.235102
3.236876
3.238148
3.239864
3.240919
3.242050
3.243736
3.246643
3.249416
3.252123
3.254311
3.256474
3.258753
3.259804
3.261684
3.263454
3.264679
3.265347
3.266191
3.268341
3.271397
3.273134
3.274662
3.276604
3.278883
3.281132
3.283871
3.286161
3.288067
3.289881
3.291824
3.292847
3.294006
3.295565
3.297949
3.300955
3.303085
3.304085
3.305374
3.306616
3.306704
3.308472
3.311100
3.313120
3.314758
3.316055
3.318096
3.319876
3.322048
3.324665
3.326447
3.328571
3.331154
3.334393
3.338509
3.342079
3.345089
3.347263
3.350555
3.354736
3.358717
3.361692
3.363283
3.365517
3.368641
3.372398
3.374695
3.378811
3.381376
3.384247
3.387421
3.390524
3.393898
3.397310
3.402292
3.407724
3.411251
3.415234
3.418371
3.422068
3.426445
3.430986
3.434624
3.437973
3.441242
3.443932
3.446787
3.450563
3.454243
3.458681
3.464447
3.469566
3.475872
3.480808
3.485710
3.490749
3.497318
3.503914
3.510067
3.516920
3.523561
3.528517
3.533258
3.538055
3.543793
3.549332
3.553623
3.559376
3.565075
3.570507
3.576485
3.581314
3.585997
3.591064
3.595381
3.599863
3.604424
3.611313
3.619698
3.628777
3.637171
3.644457
3.651394
3.657473
3.663137
3.668861
3.674389
3.681261
3.688679
3.697475
3.705925
3.713642
3.720110
3.726604
3.732830
3.738115
3.742744
3.748650
3.754873
3.763124
3.771305
3.778048
3.785297
3.792904
3.799198
3.805265
3.812977
3.819534
3.825993
3.832495
3.839014
3.845633
3.853073
3.861088
3.869778
3.879246
3.888309
3.898262
3.907055
3.916348
3.924601
3.931978
3.941238
3.950531
3.959248
3.968224
3.976498
3.985765
3.995544
4.004591
4.013794
4.022322
4.033264
4.044975
4.058197
4.072077
4.085991
4.099251
4.110758
4.121782
4.131935
4.140577
4.148258
4.157627
4.166756
4.176653
4.187397
4.199217
4.210443
4.223116
4.235340
4.246206
4.257198
4.267902
4.276459
4.285192
4.293306
4.302769
4.313200
4.325216
4.338032
4.350986
4.363527
4.376141
4.386148
4.396307
4.406731
4.419762
4.435291
4.449669
4.464710
4.479942
4.494377
4.507597
4.520668
4.532907
4.544643
4.557123
4.569815
4.584610
4.599251
4.613201
4.628019
4.643265
4.656744
4.670364
4.683535
4.696911
4.709909
4.722271
4.734650
4.746820
4.759422
4.772575
4.786449
4.799484
4.811043
4.822178
4.833193
4.847725
4.864735
4.881664
4.898418
4.914608
4.929825
4.943676
4.956146
4.968231
4.978783
4.991459
5.005466
5.020227
5.036728
5.053547
5.070335
5.085239
5.099300
5.113331
5.126440
5.137770
5.147287
5.155331
5.167427
5.183744
5.200872
5.218529
5.236275
5.253773
5.265411
5.265463
5.256376
5.242777
5.231312
5.226456
5.229454
5.242203
5.261978
5.288097
5.316412
5.342903
5.366158
5.384693
5.401596
5.417364
5.431700
5.446722
5.461964
5.478790
5.495724
5.511925
5.528713
5.545212
5.563080
5.581120
5.597670
5.614567
5.631100
5.648987
5.666603
5.683765
5.698940
5.714731
5.730602
5.750208
5.772274
5.796385
5.820951
5.846046
5.869034
5.891220
5.912445
5.931404
5.949299
5.967991
5.985558
6.003025
6.021175
6.041904
6.063576
6.083900
6.104599
6.124352
6.144337
6.164190
6.182215
6.199438
6.216726
6.236069
6.255053
6.273487
6.291553
6.309216
6.327614
6.345276
6.361546
6.380369
6.399658
6.420202
6.440718
6.462564
6.483196
6.499670
6.515015
6.529455
6.542416
6.556805
6.570915
6.587667
6.606543
6.624899
6.643005
6.660812
6.678991
6.695744
6.710711
6.724768
6.738182
6.755371
6.774860
6.797424
6.820642
6.842844
6.866102
6.888647
6.908051
6.925489
6.939890
6.954659
6.969673
6.983521
6.997786
7.013325
7.030161
7.046684
7.061974
7.074926
7.088251
7.103912
7.120029
7.134872
7.150158
7.165390
7.182837
7.201950
7.219440
7.235634
7.251480
7.266817
7.280243
7.293217
7.304295
7.312531
7.320822
7.328756
7.338436
7.349138
7.359047
7.370684
7.381710
7.392834
7.404083
7.412519
7.419355
7.421846
7.422840
7.421291
7.415890
7.409113
7.400513
7.392618
7.384407
7.374229
7.364901
7.353722
7.340376
7.326416
7.311974
7.299431
7.287806
7.277866
7.268688
7.257523
7.247879
7.237526
7.227068
7.215631
7.201153
7.185219
7.168690
7.156082
7.145529
7.135572
7.128717
7.122021
7.117325
7.111168
7.100697
7.087318
7.070124
7.051392
7.031876
7.010136
6.991060
6.976089
6.967415
6.963379
6.961014
6.962059
6.964340
6.964876
6.962757
6.956785
6.948202
6.937286
6.926346
6.914959
6.901062
6.886484
6.869802
6.853703
6.838503
6.823307
6.811848
6.803665
6.798964
6.794319
6.788456
6.781826
6.773083
6.760025
6.745710
6.730907
6.720665
6.714058
6.713654
6.716965
6.722233
6.729839
6.737103
6.747358
6.757408
6.764664
6.770496
6.774319
6.776533
6.780500
6.784966
6.792187
6.799129
6.806412
6.815073
6.823568
6.832716
6.841412
6.851234
6.859955
6.866375
6.871670
6.876247
6.883797
6.895731
6.909313
6.923962
6.938454
6.955996
6.973995
6.988834
7.001472
7.011181
7.019543
7.027739
7.036037
7.047523
7.061207
7.074924
7.094784
7.117910
7.143496
7.169624
7.193642
7.216335
7.235582
7.251236
7.263702
7.271730
7.277828
7.281523
7.286016
7.292368
7.301619
7.311199
7.319321
7.327528
7.335354
7.341196
7.348801
7.356796
7.366665
7.376011
7.384184
7.388554
7.387007
7.381458
7.370445
7.357708
7.343847
7.327351
7.310839
7.295685
7.285307
7.277996
7.270479
7.264261
7.258682
7.255035
7.251587
7.245667
7.239351
7.231733
7.224930
7.217079
7.206640
7.195742
7.182919
7.165913
7.147131
7.126310
7.106300
7.086563
7.064747
7.044275
7.024326
7.008238
6.994905
6.981993
6.975620
6.974049
6.976124
6.978113
6.981409
6.981449
6.975235
6.964836
6.950241
6.930788
6.911140
6.891642
6.872009
6.855204
6.844318
6.836691
6.829113
6.818424
6.808979
6.798710
6.793011
6.789495
6.788612
6.787207
6.782482
6.776846
6.771410
6.761675
6.748569
6.733866
6.722605
6.715183
6.708736
6.706512
6.707741
6.709408
6.708372
6.700638
6.686249
6.673008
6.665972
6.665134
6.671432
6.680431
6.690594
6.703037
6.712578
6.717209
6.714485
6.706381
6.693632
6.679417
6.669163
6.664745
6.665430
6.674997
6.688732
6.708878
6.729403
6.744349
6.753578
6.754612
6.751350
6.741020
6.724056
6.702841
6.678783
6.655739
6.635561
6.617487
6.604174
6.593723
6.588856
6.587540
6.584991
6.583813
6.581011
6.582277
6.584068
6.583185
6.581409
6.578629
6.576324
6.571714
6.565617
6.555765
6.541121
6.526394
6.513088
6.505283
6.500526
6.499226
6.505013
6.516466
6.534292
6.554035
6.570396
6.583004
6.590443
6.589916
6.584789
6.576302
6.568632
6.560450
6.557714
6.558628
6.559927
6.563005
6.564997
6.566259
6.564482
6.556837
6.542280
6.522087
6.502529
6.483488
6.466263
6.454802
6.448469
6.450903
6.459455
6.469887
6.483744
6.497347
6.504498
6.506580
6.503181
6.497812
6.490784
6.484604
6.478970
6.473339
6.470009
6.468552
6.471207
6.477806
6.483635
6.492573
6.504215
6.519625
6.535360
6.548166
6.561510
6.575447
6.586885
6.597692
6.607159
6.618834
6.629057
6.637011
6.645515
6.653557
6.664333
6.675396
6.688032
6.700764
6.709663
6.718277
6.724035
6.723574
6.720877
6.714832
6.708757
6.702328
6.697714
6.694160
6.690214
6.684643
6.676226
6.665306
6.661768
6.663830
6.671869
6.681332
6.697525
6.717680
6.737373
6.749456
6.750523
6.750240
6.748066
6.741314
6.733686
6.726114
6.720829
6.725338
6.736256
6.752970
6.769945
6.787766
6.802677
6.811481
6.819046
6.824896
6.833225
6.843361
6.852955
6.863443
6.872034
6.875677
6.876148
6.871784
6.867706
6.860973
6.849228
6.833914
6.814745
6.795099
6.775658
6.759094
6.744663
6.729122
6.717215
6.706844
6.699677
6.693697
6.688383
6.687023
6.687098
6.691141
6.695526
6.696016
6.694336
6.688622
6.682846
6.676258
6.667065
6.659290
6.652613
6.646179
6.644348
6.645351
6.656349
6.674444
6.697033
6.719944
6.740084
6.756847
6.768089
6.776604
6.780310
6.779091
6.781397
6.787952
6.801416
6.818604
6.835674
6.855198
6.872417
6.882170
6.887999
6.887026
6.884911
6.880817
6.878881
6.878918
6.878845
6.880024
6.880981
6.879976
6.879377
6.878506
6.879473
6.881386
6.887199
6.894070
6.899017
6.908215
6.919827
6.929893
6.939764
6.946184
6.952345
6.955372
6.952620
6.946554
6.935884
6.925745
6.916964
6.907352
6.904421
6.907673
6.917774
6.929707
6.939318
6.948746
6.954865
6.958992
6.959637
6.957645
6.952562
6.943268
6.937799
6.935772
6.932981
6.931854
6.930874
6.930544
6.928085
6.923935
6.914942
6.898422
6.880447
6.862072
6.842377
6.827351
6.816238
6.806879
6.802849
6.802845
6.809587
6.817873
6.822758
6.822184
6.815247
6.810955
6.807354
6.804939
6.802523
6.802826
6.806644
6.810890
6.817642
6.824432
6.828896
6.835032
6.840364
6.846273
6.852127
6.855797
6.858585
6.858961
6.860733
6.863953
6.870972
6.879391
6.885170
6.892406
6.900377
6.904421
6.906696
6.906273
6.904476
6.899982
6.900875
6.906555
6.913517
6.924021
6.937672
6.951733
6.967716
6.982769
6.996346
7.007633
7.016380
7.022545
7.025349
7.034494
7.048893
7.065048
7.083189
7.101946
7.123182
7.142250
7.160725
7.174347
7.180025
7.183800
7.186899
7.187439
7.184324
7.178040
7.176683
7.178038
7.181780
7.187729
7.191307
7.196619
7.204296
7.215950
7.228516
7.237762
7.248190
7.257822
7.271574
7.286797
7.299995
7.312534
7.320679
7.327948
7.331676
7.327194
7.320187
7.310505
7.295513
7.280729
7.266752
7.256557
7.248564
7.249193
7.254890
7.260456
7.267323
7.274567
7.285309
7.293541
7.295168
7.293148
7.287895
7.281956
7.275007
7.264864
7.257427
7.252340
7.249126
7.250065
7.251520
7.255524
7.259174
7.265572
7.271402
7.274242
7.280848
7.290169
7.302536
7.316111
7.325811
7.335318
7.341503
7.340862
7.334993
7.322739
7.312630
7.305738
7.296822
7.289848
7.284458
7.282444
7.282280
7.283764
7.283123
7.276833
7.270725
7.264917
7.263346
7.265099
7.267370
7.274244
7.283588
7.291145
7.294571
7.292061
7.292282
7.294296
7.293140
7.292660
7.291836
7.295200
7.301605
7.308046
7.316732
7.324648
7.336330
7.350588
7.362503
7.375118
7.386204
7.399130
7.413208
7.423544
7.433357
7.439445
7.445944
7.450844
7.455137
7.456570
7.453186
7.449959
7.444475
7.435446
7.425678
7.415173
7.408674
7.404396
7.406864
7.413654
7.421566
7.433834
7.446953
7.462990
7.478397
7.487999
7.495586
7.499233
7.496244
7.490625
7.482901
7.478235
7.475775
7.474087
7.475796
7.479416
7.492268
7.511341
7.530800
7.552139
7.572578
7.591850
7.607185
7.613560
7.615078
7.611916
7.608612
7.603268
7.594889
7.582760
7.572367
7.567060
7.563576
7.557907
7.554064
7.550440
7.550274
7.551495
7.550962
7.551355
7.550625
7.548798
7.543034
7.543116
7.546175
7.547493
7.549028
7.548227
7.548065
7.547235
7.541405
7.529961
7.511692
7.486694
7.461519
7.437742
7.420811
7.409855
7.401419
7.398682
7.399080
7.406225
7.415016
7.419338
7.418650
7.412128
7.397587
7.372953
7.338934
7.310379
7.288389
7.273365
7.263382
7.254425
7.250738
7.246086
7.235306
7.215118
7.183571
7.146721
7.107679
7.075462
7.052303
7.045357
7.052250
7.066097
7.086105
7.105984
7.125368
7.139275
7.142403
7.139412
7.130335
7.113922
7.096575
7.076628
7.058205
7.040199
7.018398
6.997671
6.977758
6.960859
6.945055
6.927288
6.912222
6.898380
6.890783
6.885563
6.885178
6.886292
6.883942
6.885838
6.890421
6.896980
6.902409
6.901552
6.897789
6.891079
6.878448
6.864853
6.850773
6.845474
6.848625
6.859917
6.876268
6.894655
6.915951
6.934673
6.952202
6.964855
6.967134
6.962185
6.951195
6.939877
6.928764
6.914974
6.900911
6.887897
6.883640
6.885109
6.887445
6.890345
6.892492
6.898060
6.902857
6.902140
6.899242
6.893606
6.882881
6.865904
6.848251
6.834547
6.824100
6.819925
6.819695
6.820295
6.823702
6.822266
6.811781
6.790375
6.765026
6.745110
6.732357
6.730934
6.740122
6.757010
6.783791
6.815769
6.844254
6.871063
6.891432
6.902142
6.900923
6.890574
6.871105
6.842609
6.811247
6.780317
6.755373
6.736248
6.719999
6.710281
6.702801
6.704290
6.711182
6.717043
6.723593
6.729935
6.737806
6.744175
6.744062
6.739956
6.730522
6.715631
6.701965
6.689915
6.684801
6.685616
6.694889
6.709583
6.723852
6.744013
6.767563
6.792561
6.814472
6.828648
6.838459
6.840075
6.836166
6.824553
6.802544
6.777868
6.751999
6.733532
6.723087
6.716152
6.715378
6.718945
6.728371
6.739347
6.745413
6.747627
6.745472
6.746767
6.749325
6.749325
6.750315
6.751282
6.755177
6.757248
6.753063
6.745214
6.734545
6.728302
6.724785
6.723839
6.727219
6.734676
6.746368
6.757996
6.764370
6.764313
6.755590
6.747456
6.740555
6.731724
6.724365
6.717937
6.713131
6.707741
6.695459
6.677135
6.652508
6.630688
6.611549
6.593485
6.581335
6.573433
6.571930
6.570444
6.560993
6.547672
6.529959
6.509090
6.486052
6.460121
6.439631
6.426788
6.423609
6.425400
6.428499
6.434326
6.436958
6.438057
6.435413
6.423838
6.408138
6.388943
6.369753
6.349693
6.328011
6.310791
6.295509
6.285307
6.276798
6.266678
6.263054
6.263081
6.269321
6.274874
6.275707
6.275616
6.271811
6.264631
6.250744
6.228546
6.204494
6.177444
6.155449
6.139421
6.126976
6.121181
6.120003
6.119839
6.121634
6.121838
6.117004
6.111841
6.116514
6.128021
6.141947
6.160683
6.181183
6.203808
6.223034
6.232357
6.229988
6.212688
6.189508
6.161764
6.131937
6.106937
6.088661
6.078127
6.078882
6.084921
6.094725
6.103790
6.109848
6.111420
6.107140
6.101665
6.094847
6.085186
6.077641
6.071301
6.069021
6.068073
6.068773
6.068800
6.063402
6.058466
6.053993
6.058214
6.069870
6.085073
6.104574
6.125662
6.148359
6.170994
6.187153
6.198065
6.200935
6.199688
6.194418
6.184265
6.174459
6.166058
6.157459
6.153637
6.152130
6.159214
6.170385
6.186676
6.202042
6.211653
6.217667
6.218067
6.216022
6.209526
6.198702
6.188688
6.180437
6.177111
6.176868
6.177708
6.182480
6.188572
6.200811
6.215012
6.226871
6.237423
6.245625
6.249172
6.250893
6.249767
6.248190
6.245045
6.248457
6.255819
6.264572
6.276218
6.288759
6.305353
6.322172
6.335854
6.346598
6.352472
6.357044
6.358986
6.356483
6.352783
6.348228
6.345512
6.343208
6.338406
6.334866
6.333649
6.336973
6.343063
6.348591
6.351633
6.349714
6.347971
6.345034
6.339291
6.332006
6.324759
6.322386
6.322050
6.322865
6.331932
6.347616
6.368366
6.389053
6.405809
6.421188
6.433104
6.436279
6.435244
6.429083
6.427345
6.429136
6.438423
6.453693
6.470385
6.492065
6.516247
6.536905
6.554319
6.564236
6.571392
6.575758
6.584251
6.595005
6.604454
6.617836
6.632774
6.650970
6.667183
6.677530
6.681873
6.677483
6.668043
6.653011
6.632204
6.611864
6.594315
6.582806
6.577007
6.572948
6.578217
6.588383
6.598919
6.609718
6.619051
6.626444
6.630360
6.626585
6.616150
6.597967
6.581289
6.565449
6.550282
6.534653
6.518431
6.514254
6.519403
6.530533
6.541939
6.548409
6.554169
6.556587
6.551697
6.542559
6.530140
6.513727
6.493328
6.469297
6.456549
6.452377
6.456701
6.465551
6.472738
6.478600
6.482504
6.478357
6.461868
6.436100
6.401188
6.360991
6.321690
6.287846
6.265326
6.254742
6.254463
6.265593
6.280367
6.295799
6.307802
6.312687
6.317455
6.319246
6.314713
6.309052
6.302271
6.296761
6.289766
6.279457
6.267467
6.253021
6.241730
6.234581
6.229515
6.230354
6.236481
6.250154
6.268299
6.286007
6.304930
6.320732
6.330206
6.335102
6.334135
6.330524
6.324516
6.324177
6.328964
6.339445
6.353161
6.365620
6.380014
6.392090
6.402954
6.410278
6.411869
6.411091
6.408733
6.405167
6.403105
6.403696
6.410685
6.422157
6.443085
6.468662
6.492683
6.516764
6.538116
6.558453
6.575529
6.584358
6.587629
6.584215
6.573910
6.560238
6.543743
6.530533
6.519289
6.509148
6.503994
6.503431
6.510216
6.520897
6.530823
6.542128
6.551504
6.555546
6.557606
6.557735
6.557730
6.555714
6.558739
6.563393
6.565495
6.564219
6.559193
6.552572
6.542463
6.525785
6.506222
6.482861
6.460182
6.438644
6.425116
6.418167
6.415123
6.414738
6.415623
6.414043
6.413860
6.411753
6.406595
6.396481
6.384897
6.370773
6.353142
6.337997
6.325092
6.318459
6.316601
6.315783
6.318779
6.322773
6.324486
6.327765
6.331001
6.336584
6.341846
6.352673
6.365658
6.377251
6.387924
6.395300
6.402420
6.406515
6.404627
6.398809
6.390491
6.378708
6.364470
6.348316
6.340576
6.339561
6.341360
6.345486
6.349911
6.354954
6.358810
6.363905
6.368343
6.368950
6.368271
6.367216
6.372957
6.384537
6.398071
6.414326
6.431913
6.451521
6.468136
6.479095
6.486172
6.488628
6.490017
6.489201
6.486080
6.483627
6.480886
6.484314
6.492193
6.501289
6.513737
6.527710
6.543800
6.559731
6.571655
6.578999
6.583256
6.587517
6.591513
6.593121
6.596222
6.600847
6.604309
6.605589
6.604633
6.599302
6.601831
6.610888
6.621038
6.627914
6.638435
6.649380
6.661243
6.668900
6.671507
6.671001
6.664673
6.653069
6.634562
6.609011
6.581621
6.554012
6.530865
6.512360
6.496693
6.490349
6.491117
6.498398
6.506603
6.513000
6.516430
6.514088
6.507368
6.496904
6.482399
6.467545
6.453859
6.446793
6.446178
6.448317
6.453468
6.458681
6.463444
6.466537
6.464676
6.458431
6.448019
6.440681
6.436636
6.435078
6.437359
6.443155
6.454700
6.469387
6.481819
6.493551
6.501373
6.506834
6.509657
6.509764
6.509941
6.510307
6.513470
6.517979
6.520956
6.523113
6.524103
6.528465
6.535776
6.543283
6.552124
6.561573
6.571667
6.579750
6.581516
6.579166
6.572624
6.563908
6.552025
6.539291
6.531895
6.529469
6.532412
6.539196
6.546909
6.557888
6.569038
6.580477
6.591175
6.599689
6.606289
6.610525
6.616344
6.621822
6.624676
6.627216
6.628361
6.629755
6.629801
6.626215
6.621151
6.613285
6.601007
6.585529
6.571754
6.560692
6.552361
6.546059
6.542282
6.539600
6.539604
6.539310
6.537790
6.535549
6.530556
6.524706
6.517082
6.509357
6.501884
6.494377
6.488218
6.483711
6.483992
6.487169
6.490133
6.497204
6.506975
6.518431
6.527542
6.532005
6.531904
6.526812
6.518456
6.505278
6.486744
6.468021
6.448986
6.433647
6.422922
6.416187
6.414055
6.416584
6.422995
6.430998
6.438122
6.446583
6.453703
6.460104
6.466106
6.470377
6.474541
6.477051
6.480734
6.483883
6.485149
6.489243
6.495155
6.504028
6.514093
6.523399
6.533194
6.543530
6.552698
6.560310
6.564169
6.565798
6.563831
6.560574
6.557667
6.555384
6.554823
6.555349
6.559763
6.566528
6.572973
6.579571
6.585045
6.587727
6.590504
6.592991
6.599066
6.607073
6.618374
6.631784
6.644379
6.658422
6.670292
6.681387
6.688713
6.691124
6.689030
6.684265
6.681458
6.680277
6.680416
6.682423
6.685026
6.689770
6.692667
6.689926
6.682177
6.669575
6.654068
6.637180
6.618099
6.600275
6.584608
6.573774
6.566013
6.559181
6.549442
6.540327
6.536137
6.534395
6.531254
6.527370
6.522175
6.515221
6.506861
6.495201
6.486263
6.479530
6.476414
6.475163
6.475096
6.476017
6.476215
6.474249
6.469452
6.460365
6.449873
6.436161
6.421566
6.406088
6.389277
6.376467
6.367445
6.362038
6.359465
6.357883
6.358797
6.360090
6.361824
6.361639
6.357208
6.351562
6.344334
6.339666
6.337257
6.336693
6.339798
6.345224
6.353249
6.362545
6.371006
6.378628
6.384762
6.391418
6.397930
6.402588
6.406750
6.409977
6.414175
6.419033
6.423420
6.427589
6.431038
6.437271
6.444510
6.449472
6.454948
6.461279
6.467257
6.472733
6.476114
6.478643
6.480295
6.482821
6.485104
6.486553
6.488897
6.491711
6.495232
6.499638
6.502113
6.503315
6.502228
6.499439
6.493431
6.486532
6.482834
6.483509
6.487755
6.494284
6.502022
6.512358
6.522673
6.532616
6.538658
6.539940
6.537491
6.532162
6.525709
6.519148
6.514273
6.512888
6.514656
6.519840
6.525934
6.531752
6.538578
6.545624
6.553139
6.558422
6.561626
6.561729
6.559122
6.554888
6.548325
6.538010
6.527567
6.517876
6.509548
6.502792
6.497087
6.495361
6.496477
6.499426
6.502018
6.501427
6.497038
6.489376
6.478388
6.465210
6.450233
6.435450
6.422535
6.412720
6.405933
6.402052
6.401432
6.402567
6.406513
6.412142
6.417183
6.421080
6.423992
6.427116
6.430077
6.432199
6.434269
6.435764
6.437511
6.439734
6.442524
6.445646
6.448193
6.451750
6.454962
6.456072
6.456467
6.455042
6.453060
6.451546
6.449659
6.449148
6.448929
6.450672
6.453072
6.455233
6.457813
6.459728
6.461510
6.461628
6.459143
6.453703
6.445351
6.436523
6.427338
6.416702
6.406193
6.396717
6.389849
6.385986
6.383421
6.383419
6.385002
6.387262
6.390022
6.393080
6.396061
6.398636
6.400238
6.399534
6.396513
6.392479
6.386070
6.378361
6.371019
6.363358
6.357977
6.354456
6.353241
6.353197
6.352074
6.351753
6.351156
6.349865
6.348194
6.345047
6.340912
6.336412
6.332527
6.328276
6.323242
6.319139
6.316658
6.316265
6.317055
6.319010
6.322634
6.327971
6.335339
6.342489
6.348774
6.355442
6.361778
6.366386
6.368486
6.369030
6.370039
6.370142
6.371094
6.373884
6.376745
6.381088
6.386852
6.393848
6.401119
6.406826
6.411257
6.412941
6.414444
6.413738
6.411816
6.410221
6.408892
6.408562
6.409660
6.410870
6.413006
6.416590
6.419611
6.423069
6.427404
6.432003
6.437542
6.442844
6.448259
6.453295
6.457397
6.460056
6.462029
6.463186
6.463615
6.463596
6.463257
6.463360
6.464121
6.465565
6.466812
6.468712
6.470049
6.471809
6.472725
6.473042
6.472393
6.470039
6.467548
6.464653
6.461231
6.457535
6.453476
6.450197
6.447685
6.446192
6.446352
6.447447
6.448891
6.448462
6.448296
6.447393
6.446136
6.444626
6.443521
6.443027
6.442261
6.441557
6.441139
6.439869
6.438622
6.437008
6.435631
6.433704
6.431141
6.428041
6.423731
6.418316
6.412535
6.407173
6.402433
6.396780
6.390930
6.384815
6.379833
6.375475
6.371979
6.369923
6.368799
6.370096
6.371916
6.374172
6.376312
6.378920
6.381645
6.384422
6.386673
6.388496
6.390429
6.392136
6.394436
6.396532
6.398678
6.402033
6.405241
6.408504
6.411274
6.413717
6.415924
6.417704
6.420429
6.422079
6.423836
6.425554
6.427296
6.429733
6.431112
6.432072
6.433544
6.434975
6.436302
6.437412
6.438133
6.438564
6.438900
6.439159
6.439552
6.440430
6.441055
6.441772
6.442139
6.441837
6.441080
6.440336
6.439676
6.438648
6.437950
6.437437
6.436098
6.434929
6.433502
6.432415
6.432188
6.430950
6.429302
6.427336
6.425497
6.424150
6.422884
6.421736
6.420107
6.418715
6.417175
6.416204
6.415077
6.413780
6.411572
6.409456
6.406780
6.403996
6.401880
6.400394
6.398827
6.397791
6.397726
6.397102
6.397339
6.397305
6.396925
6.396997
6.396141
6.394537
6.392525
6.390459
6.387604
6.385216
6.384611
6.384020
6.382881
6.381414
6.378748
6.376606
6.375429
6.373470
6.371975
6.370871
6.369570
6.366652
6.363522
6.360573
6.357170
6.354462
6.352530
6.350882
6.349304
6.347361
6.344244
6.341722
6.339497
6.336403
6.333151
6.330044
6.327145
6.324064
6.320765
6.317301
6.313816
6.311665
6.308540
6.304993
6.300713
6.296415
6.292423
6.288290
6.284176
6.279886
6.275009
6.270227
6.265839
6.261906
6.257881
6.252813
6.247156
6.241142
6.234879
6.229544
6.225061
6.221073
6.216583
6.212070
6.207527
6.203030
6.199097
6.194506
6.190111
6.185110
6.179848
6.174715
6.169374
6.163929
6.157972
6.152267
6.146973
6.141811
6.136663
6.131302
6.125813
6.119190
6.111919
6.103481
6.095221
6.087433
6.080910
6.073866
6.066288
6.058722
6.051600
6.045151
6.038239
6.031416
6.024101
6.016544
6.008207
5.999535
5.991234
5.982435
5.973579
5.965193
5.957701
5.950886
5.943701
5.937286
5.931578
5.924845
5.916557
5.906393
5.896614
5.886747
5.877380
5.868759
5.859859
5.851171
5.844421
5.837132
5.829109
5.821110
5.813309
5.805992
5.797417
5.788137
5.778887
5.768559
5.756554
5.743515
5.731508
5.720385
5.709639
5.698053
5.687687
5.678860
5.670164
5.661480
5.652889
5.644129
5.635530
5.625507
5.614326
5.602854
5.590790
5.578594
5.566994
5.556480
5.546757
5.538599
5.530664
5.520927
5.509811
5.498428
5.486301
5.473969
5.461113
5.448498
5.435419
5.423357
5.412750
5.402538
5.392225
5.382236
5.372620
5.361788
5.349850
5.338972
5.325825
5.312864
5.300810
5.288277
5.275261
5.263483
5.250540
5.237438
5.223455
5.209831
5.196060
5.181303
5.167620
5.154884
5.142958
5.130405
5.117279
5.103920
5.089619
5.075104
5.059822
5.045607
5.032871
5.021027
5.009996
5.000488
4.991199
4.979933
4.966412
4.951174
4.933777
4.916418
4.900244
4.885912
4.874851
4.865351
4.855194
4.844677
4.831451
4.816143
4.800568
4.783905
4.766855
4.749029
4.732090
4.717350
4.703970
4.691113
4.677885
4.665894
4.653463
4.638365
4.621426
4.602995
4.583578
4.565414
4.547422
4.530117
4.512548
4.495041
4.478580
4.463652
4.449776
4.433239
4.415112
4.397154
4.378708
4.360542
4.342220
4.325920
4.309990
4.295517
4.282776
4.269760
4.256317
4.241850
4.223953
4.204939
4.184959
4.165995
4.147221
4.128628
4.111977
4.095100
4.079391
4.062874
4.046804
4.032209
4.016922
4.001753
3.986763
3.972340
3.958210
3.941853
3.923241
3.902857
3.881979
3.862442
3.843153
3.826038
3.808128
3.791143
3.776493
3.761524
3.747063
3.731163
3.714964
3.699455
3.684084
3.667982
3.648947
3.628815
3.608313
3.586792
3.566072
3.544685
3.522799
3.503101
3.485668
3.470760
3.458710
3.446943
3.435698
3.424751
3.412853
3.397913
3.381554
3.365192
3.348915
3.333778
3.319641
3.304852
3.291475
3.278885
3.266582
3.256474
3.245926
3.237324
3.226379
3.214228
3.204214
3.194990
3.187500
3.182812
3.180359
3.179092
3.179733
3.182699
3.185722
3.187305
3.187693
3.188841
3.190250
3.188620
3.184902
3.182110
3.178947
3.176907
3.177137
3.176060
3.175514
3.174519
3.172977
3.171625
3.170189
3.170950
3.171581
3.173073
3.174179
3.175369
3.179756
3.186216
3.189037
3.189371
3.187325
3.182766
3.178614
3.177586
3.177214
3.177353
3.179396
3.184111
3.193426
3.206320
3.220999
3.237059
3.252895
3.266390
3.271952
3.270512
3.263237
3.252312
3.240990
3.227707
3.216524
3.210850
3.207903
3.207577
3.208767
3.211998
3.215330
3.219414
3.224751
3.227608
3.227451
3.220007
3.207472
3.193512
3.177950
3.163279
3.151436
3.139507
3.130610
3.125582
3.125988
3.130260
3.135757
3.142101
3.146637
3.150473
3.154516
3.156359
3.157930
3.154772
3.150446
3.149265
3.147694
3.148277
3.148640
3.150270
3.153059
3.158064
3.168669
3.181601
3.195854
3.211300
3.223841
3.233881
3.238409
3.238420
3.233316
3.226624
3.224178
3.220642
3.219234
3.217184
3.216703
3.220097
3.223829
3.229012
3.238127
3.246006
3.253212
3.257095
3.260565
3.263351
3.264957
3.269180
3.274515
3.282625
3.295029
3.308205
3.322718
3.331337
3.334724
3.335257
3.335041
3.333548
3.333462
3.334055
3.329947
3.324623
3.321613
3.318369
3.315189
3.305412
3.295248
3.283676
3.268562
3.253189
3.239719
3.226486
3.214958
3.205748
3.197660
3.188799
3.179455
3.171919
3.157385
3.137592
3.119453
3.100910
3.085402
3.072302
3.064653
3.060705
3.062160
3.070744
3.083113
3.097919
3.113995
3.125839
3.133097
3.134336
3.130871
3.126299
3.120251
3.114029
3.106503
3.101097
3.100201
3.096342
3.091759
3.090473
3.092457
3.093473
3.089554
3.085983
3.083508
3.086969
3.099318
3.116741
3.137693
3.160238
3.181652
3.200914
3.215527
3.226145
3.228973
3.227589
3.225777
3.220661
3.216047
3.209560
3.203835
3.195232
3.184841
3.175579
3.165113
3.155201
3.147861
3.141415
3.137024
3.132248
3.128162
3.123299
3.119238
3.116205
3.109722
3.100670
3.093159
3.085546
3.078918
3.071495
3.064669
3.061790
3.061714
3.063839
3.065426
3.067705
3.069868
3.073135
3.080309
3.086494
3.092381
3.092634
3.090622
3.087498
3.080860
3.072660
3.062037
3.053200
3.048315
3.044907
3.043304
3.039400
3.034704
3.032471
3.031132
3.030857
3.030209
3.030472
3.033966
3.033642
3.032139
3.028803
3.025732
3.025276
3.025150
3.027050
3.028803
3.032848
3.039783
3.045780
3.048952
3.046848
3.041702
3.035587
3.024426
3.009731
2.995140
2.980446
2.967548
2.951527
2.935068
2.917746
2.903242
2.892136
2.880196
2.870443
2.861515
2.856256
2.858219
2.861530
2.864943
2.866983
2.869930
2.873743
2.875484
2.877321
2.879025
2.883232
2.890232
2.893200
2.892057
2.886127
2.877903
2.871019
2.861767
2.854595
2.853422
2.855492
2.862869
2.868080
2.872623
2.874737
2.876225
2.879639
2.882004
2.887177
2.893925
2.904667
2.922001
2.937901
2.952026
2.961849
2.967964
2.971678
2.970520
2.967709
2.965195
2.961538
2.958738
2.950010
2.938072
2.922977
2.906689
2.890759
2.872189
2.855244
2.843758
2.839701
2.845507
2.857855
2.874365
2.885754
2.892923
2.896332
2.892561
2.885014
2.871475
2.855188
2.843288
2.834335
2.827900
2.823446
2.821823
2.823103
2.827152
2.834030
2.838057
2.839645
2.839537
2.834267
2.825199
2.805918
2.780819
2.754425
2.726328
2.700733
2.676247
2.658464
2.650951
2.650757
2.658556
2.668486
2.682295
2.698303
2.712519
2.721832
2.721931
2.715218
2.705267
2.685366
2.659636
2.628843
2.597570
2.571383
2.547731
2.528389
2.511854
2.498629
2.490063
2.478497
2.465830
2.448025
2.427576
2.407074
2.388802
2.375065
2.361917
2.352316
2.348536
2.347639
2.350574
2.350506
2.349060
2.349100
2.348841
2.349953
2.350117
2.353188
2.362745
2.375048
2.390228
2.397223
2.397354
2.395603
2.390099
2.384184
2.376413
2.370186
2.371174
2.376783
2.387608
2.398642
2.408695
2.418812
2.423029
2.422686
2.415455
2.404154
2.394722
2.386381
2.381296
2.378778
2.380863
2.387497
2.392767
2.397121
2.394657
2.385971
2.374250
2.355873
2.333872
2.312550
2.289425
2.269653
2.252111
2.237055
2.220074
2.204815
2.191999
2.175491
2.157946
2.133408
2.104553
2.077789
2.049829
2.023867
1.996536
1.970688
1.951349
1.933548
1.917919
1.901712
1.886463
1.873806
1.859608
1.842394
1.819019
1.791485
1.763844
1.731785
1.697523
1.657902
1.617630
1.579325
1.538172
1.497425
1.455381
1.412720
1.373878
1.334351
1.296694
1.256443
1.216288
1.178734
1.140356
1.102018
1.061251
1.020763
0.983250
0.944492
0.905300
0.862873
0.819897
0.780504
0.740812
0.703716
0.667233
0.634438
0.605249
0.576113
0.550468
0.526123
0.506218
0.493271
0.482422
0.478374
0.483772
0.501108
0.534428
0.575401
0.619432
0.656759
0.685146
0.704830
0.708698
0.698683
0.674423
0.642862
0.609200
0.573139
0.536247
0.496513
0.457678
0.420979
0.382700
0.344067
0.300262
0.254826
0.211275
0.167011
0.124271
0.071564
0.013849
-0.042070
-0.097757
-0.149729
-0.199932
-0.243811
-0.277565
-0.303095
-0.315847
-0.321562
-0.319004
-0.307852
-0.287037
-0.259230
-0.232288
-0.205036
-0.178377
-0.158554
-0.146812
-0.147284
-0.158564
-0.178328
-0.206032
-0.236736
-0.270956
-0.301548
-0.324295
-0.341604
-0.352797
-0.363068
-0.373867
-0.384975
-0.401331
-0.421965
-0.447794
-0.472580
-0.489115
-0.500620
-0.505749
-0.507996
-0.504910
-0.496824
-0.489340
-0.480192
-0.478868
-0.481464
-0.481627
-0.483698
-0.484926
-0.487597
-0.489309
-0.486448
-0.482628
-0.478098
-0.477591
-0.478325
-0.478775
-0.481834
-0.487762
-0.500753
-0.515993
-0.529488
-0.543446
-0.555456
-0.567524
-0.575808
-0.577263
-0.578072
-0.577250
-0.578634
-0.581417
-0.581322
-0.582882
-0.586353
-0.594202
-0.601194
-0.604565
-0.606215
-0.604713
-0.602476
-0.596340
-0.585609
-0.574701
-0.562180
-0.556499
-0.557404
-0.559467
-0.558216
-0.557064
-0.561813
-0.568031
-0.571287
-0.575806
-0.577269
-0.578129
-0.576872
-0.573143
-0.571171
-0.568708
-0.563490
-0.554207
-0.541100
-0.525429
-0.524315
-0.538239
-0.558462
-0.579552
-0.602839
-0.625008
-0.651043
-0.676477
-0.692900
-0.701727
-0.701439
-0.696777
-0.685808
-0.665936
-0.643652
-0.620176
-0.603346
-0.589582
-0.576061
-0.565441
-0.555140
-0.548618
-0.543444
-0.533932
-0.525269
-0.517361
-0.513340
-0.513165
-0.514004
-0.518959
-0.525879
-0.542261
-0.565197
-0.587639
-0.612986
-0.638081
-0.666506
-0.692720
-0.710217
-0.717854
-0.713652
-0.704624
-0.697096
-0.686377
-0.675266
-0.661922
-0.644415
-0.616529
-0.563931
-0.481142
-0.370068
-0.242916
-0.121986
-0.016647
0.058973
0.099962
0.092985
0.052633
-0.000244
-0.053556
-0.099197
-0.137669
-0.165470
-0.183786
-0.200695
-0.217640
-0.239594
-0.266258
-0.293406
-0.324083
-0.355991
-0.395107
-0.439966
-0.484859
-0.528984
-0.567429
-0.599682
-0.621006
-0.626463
-0.622694
-0.610594
-0.594521
-0.575674
-0.552729
-0.538721
-0.532345
-0.533926
-0.538298
-0.543346
-0.553154
-0.564877
-0.578175
-0.588749
-0.593740
-0.602428
-0.610655
-0.618702
-0.621807
-0.618614
-0.612915
-0.604977
-0.595413
-0.582117
-0.562437
-0.548130
-0.538637
-0.536018
-0.535259
-0.534573
-0.540167
-0.548218
-0.559792
-0.569862
-0.577692
-0.591232
-0.608330
-0.627993
-0.645115
-0.654781
-0.664284
-0.669611
-0.673172
-0.671246
-0.662569
-0.653667
-0.643385
-0.640694
-0.642649
-0.645758
-0.654224
-0.665253
-0.679941
-0.692127
-0.696266
-0.695446
-0.686356
-0.672031
-0.651567
-0.622583
-0.593863
-0.565632
-0.546051
-0.531065
-0.519032
-0.514210
-0.513556
-0.526506
-0.549225
-0.574383
-0.601177
-0.627600
-0.655878
-0.680061
-0.696028
-0.706137
-0.707588
-0.704994
-0.697363
-0.683947
-0.669649
-0.654778
-0.649717
-0.651649
-0.655710
-0.664310
-0.676029
-0.692854
-0.706741
-0.715397
-0.721855
-0.723526
-0.729050
-0.734560
-0.737150
-0.741140
-0.743633
-0.749559
-0.753109
-0.749695
-0.740244
-0.722794
-0.701506
-0.674770
-0.643219
-0.614580
-0.590534
-0.573425
-0.564325
-0.559860
-0.566175
-0.579817
-0.602489
-0.627729
-0.650539
-0.669537
-0.688498
-0.711939
-0.733568
-0.747480
-0.758747
-0.766821
-0.780489
-0.792381
-0.795727
-0.786884
-0.773718
-0.756248
-0.738899
-0.716879
-0.692871
-0.665359
-0.639198
-0.614267
-0.585424
-0.553963
-0.521280
-0.494808
-0.473503
-0.454519
-0.447269
-0.449011
-0.463541
-0.486340
-0.511009
-0.535582
-0.555044
-0.571993
-0.586500
-0.593830
-0.599634
-0.605309
-0.616295
-0.630852
-0.646549
-0.668139
-0.692406
-0.718897
-0.742714
-0.761322
-0.778114
-0.790565
-0.801432
-0.808407
-0.808277
-0.805286
-0.799658
-0.795597
-0.789978
-0.781612
-0.775753
-0.770355
-0.768452
-0.767473
-0.765068
-0.765545
-0.767101
-0.772600
-0.777382
-0.778723
-0.783236
-0.788980
-0.797138
-0.802849
-0.800262
-0.795088
-0.784826
-0.773106
-0.756336
-0.733854
-0.711695
-0.689796
-0.675705
-0.665453
-0.654562
-0.650604
-0.651150
-0.655409
-0.661127
-0.664049
-0.668501
-0.671289
-0.676382
-0.679865
-0.678009
-0.676870
-0.675512
-0.678135
-0.682730
-0.684088
-0.685673
-0.688137
-0.694008
-0.700464
-0.702110
-0.701658
-0.698067
-0.696911
-0.694368
-0.685947
-0.668995
-0.644985
-0.620571
-0.596395
-0.570858
-0.544006
-0.519007
-0.503984
-0.499269
-0.499310
-0.509144
-0.527824
-0.557392
-0.593227
-0.625683
-0.663601
-0.702036
-0.735332
-0.765059
-0.787638
-0.807814
-0.820587
-0.820864
-0.815134
-0.804335
-0.793303
-0.781158
-0.767820
-0.752268
-0.734104
-0.717915
-0.702173
-0.683464
-0.664940
-0.650129
-0.641302
-0.636955
-0.636803
-0.639048
-0.638102
-0.637604
-0.636822
-0.637701
-0.634830
-0.625505
-0.622986
-0.623808
-0.627502
-0.630924
-0.630749
-0.632570
-0.633083
-0.632643
-0.629229
-0.621767
-0.617056
-0.615143
-0.618919
-0.625654
-0.632698
-0.646070
-0.661192
-0.673580
-0.686495
-0.696772
-0.708099
-0.716398
-0.715778
-0.713364
-0.709347
-0.707169
-0.705612
-0.709564
-0.716707
-0.724834
-0.741163
-0.760365
-0.782316
-0.803631
-0.818062
-0.830290
-0.833954
-0.826427
-0.806004
-0.773825
-0.739122
-0.708706
-0.687450
-0.671299
-0.656937
-0.649027
-0.647888
-0.655523
-0.665920
-0.674101
-0.683163
-0.691484
-0.700703
-0.707577
-0.708157
-0.708191
-0.707417
-0.710966
-0.715799
-0.718306
-0.723602
-0.729940
-0.732506
-0.738674
-0.745955
-0.756853
-0.767391
-0.773838
-0.779932
-0.784573
-0.782681
-0.778711
-0.771069
-0.765036
-0.757301
-0.750782
-0.742479
-0.730360
-0.718781
-0.703968
-0.691450
-0.678555
-0.661705
-0.647224
-0.633354
-0.632177
-0.639830
-0.651117
-0.668346
-0.687416
-0.710222
-0.731520
-0.746197
-0.758043
-0.765009
-0.769043
-0.771442
-0.768663
-0.766479
-0.763159
-0.761803
-0.760405
-0.766071
-0.774534
-0.781929
-0.791939
-0.800301
-0.808336
-0.812477
-0.810488
-0.803473
-0.794199
-0.785297
-0.772141
-0.755268
-0.738560
-0.720098
-0.710037
-0.706322
-0.703167
-0.702612
-0.702198
-0.705368
-0.708649
-0.705103
-0.697105
-0.683882
-0.671700
-0.658520
-0.643427
-0.631458
-0.622030
-0.618898
-0.619253
-0.617100
-0.622442
-0.634739
-0.652119
-0.668205
-0.680731
-0.690840
-0.695915
-0.697887
-0.695023
-0.684158
-0.678366
-0.676125
-0.673697
-0.674131
-0.674980
-0.679644
-0.687389
-0.698387
-0.707659
-0.710575
-0.710726
-0.706411
-0.705362
-0.703066
-0.695959
-0.690353
-0.685827
-0.687830
-0.692945
-0.696386
-0.699505
-0.700829
-0.698555
-0.696709
-0.691868
-0.688259
-0.685003
-0.691275
-0.704897
-0.721104
-0.741507
-0.763996
-0.789097
-0.812246
-0.827692
-0.837124
-0.837763
-0.833542
-0.825260
-0.809494
-0.793331
-0.777096
-0.766109
-0.759413
-0.752579
-0.750959
-0.751661
-0.760971
-0.774744
-0.786026
-0.796907
-0.804731
-0.811653
-0.813997
-0.807892
-0.796236
-0.777203
-0.755249
-0.727749
-0.694233
-0.656170
-0.614727
-0.575539
-0.540125
-0.517797
-0.512869
-0.520838
-0.537775
-0.565508
-0.600754
-0.641148
-0.677517
-0.707657
-0.726873
-0.732347
-0.731216
-0.725172
-0.718252
-0.711090
-0.701635
-0.696098
-0.694984
-0.699522
-0.706154
-0.710501
-0.716461
-0.720985
-0.726116
-0.728344
-0.727180
-0.726013
-0.726625
-0.729660
-0.733730
-0.735065
-0.736616
-0.735815
-0.735916
-0.735371
-0.732637
-0.734331
-0.738400
-0.746391
-0.754816
-0.758942
-0.762575
-0.763668
-0.761625
-0.755114
-0.743439
-0.729540
-0.712984
-0.703573
-0.700319
-0.699299
-0.703829
-0.711361
-0.722712
-0.734737
-0.743544
-0.750992
-0.755072
-0.758951
-0.761488
-0.759584
-0.757673
-0.754992
-0.753983
-0.751251
-0.744837
-0.744459
-0.747410
-0.753887
-0.759809
-0.762917
-0.764975
-0.763227
-0.762939
-0.761448
-0.755114
-0.747383
-0.738104
-0.732130
-0.725273
-0.716373
-0.708710
-0.699018
-0.694944
-0.692951
-0.690533
-0.690388
-0.689060
-0.690800
-0.691187
-0.684898
-0.677530
-0.669670
-0.664883
-0.660290
-0.655560
-0.654522
-0.657541
-0.670538
-0.690029
-0.711414
-0.736677
-0.764355
-0.795372
-0.824562
-0.845322
-0.860462
-0.866888
-0.868393
-0.862711
-0.851002
-0.841164
-0.834133
-0.829922
-0.825712
-0.821182
-0.820644
-0.821783
-0.825287
-0.827583
-0.827385
-0.826029
-0.820597
-0.815966
-0.810143
-0.800179
-0.794580
-0.791609
-0.787512
-0.785357
-0.781460
-0.776970
-0.766302
-0.751955
-0.735462
-0.714876
-0.693924
-0.673744
-0.652750
-0.641758
-0.638338
-0.643103
-0.652874
-0.667482
-0.681610
-0.692886
-0.703022
-0.710342
-0.716908
-0.721848
-0.721958
-0.723360
-0.724180
-0.721842
-0.722248
-0.722742
-0.723536
-0.722006
-0.722361
-0.719542
-0.714230
-0.710949
-0.708204
-0.703239
-0.701834
-0.702938
-0.702435
-0.699339
-0.704781
-0.714510
-0.724834
-0.737101
-0.748539
-0.761990
-0.769447
-0.761206
-0.739819
-0.706764
-0.661137
-0.612982
-0.565577
-0.525719
-0.493320
-0.475655
-0.470657
-0.476257
-0.493732
-0.519135
-0.547173
-0.574806
-0.599630
-0.621817
-0.641424
-0.659525
-0.675047
-0.689692
-0.708378
-0.728664
-0.752575
-0.776661
-0.796391
-0.816887
-0.835535
-0.855200
-0.873472
-0.887987
-0.898607
-0.904497
-0.908409
-0.908133
-0.901825
-0.899269
-0.898188
-0.902369
-0.907393
-0.909222
-0.909897
-0.907600
-0.900515
-0.894144
-0.886576
-0.878210
-0.867800
-0.857695
-0.846567
-0.833466
-0.823963
-0.816305
-0.806696
-0.798149
-0.789906
-0.781734
-0.770761
-0.759434
-0.745481
-0.729073
-0.713379
-0.699038
-0.689032
-0.681183
-0.672949
-0.670002
-0.671127
-0.673616
-0.680374
-0.688440
-0.700665
-0.714014
-0.725971
-0.738419
-0.749546
-0.758627
-0.766235
-0.775211
-0.783794
-0.789383
-0.796492
-0.803288
-0.813044
-0.823057
-0.829285
-0.833788
-0.836479
-0.839363
-0.840588
-0.837572
-0.834072
-0.828278
-0.823273
-0.818237
-0.810226
-0.804466
-0.800270
-0.799480
-0.799763
-0.798920
-0.801462
-0.805437
-0.811752
-0.817564
-0.820454
-0.825190
-0.827873
-0.827902
-0.827829
-0.826897
-0.820774
-0.814566
-0.811317
-0.807913
-0.801693
-0.797777
-0.794413
-0.789289
-0.784966
-0.779835
-0.775278
-0.770475
-0.763863
-0.754620
-0.742781
-0.731379
-0.719761
-0.713598
-0.713591
-0.716980
-0.723869
-0.733904
-0.748178
-0.761463
-0.771091
-0.780039
-0.787777
-0.794220
-0.798506
-0.798338
-0.798111
-0.796394
-0.800797
-0.809507
-0.816978
-0.824583
-0.829035
-0.832756
-0.833706
-0.829166
-0.821491
-0.809189
-0.797285
-0.787060
-0.776299
-0.767391
-0.760086
-0.756100
-0.755926
-0.757624
-0.756369
-0.753754
-0.748232
-0.750523
-0.759502
-0.772926
-0.786703
-0.797550
-0.807550
-0.816462
-0.825378
-0.832245
-0.834753
-0.830080
-0.818493
-0.801802
-0.779013
-0.751177
-0.722837
-0.694210
-0.669634
-0.649166
-0.630905
-0.621756
-0.621208
-0.630917
-0.646551
-0.665255
-0.687340
-0.709593
-0.732359
-0.752705
-0.769405
-0.783846
-0.793598
-0.801237
-0.806057
-0.805695
-0.804930
-0.805107
-0.807062
-0.811176
-0.816544
-0.824532
-0.834120
-0.844887
-0.854403
-0.866219
-0.879551
-0.890060
-0.897659
-0.903044
-0.906496
-0.904152
-0.897406
-0.887791
-0.874134
-0.855864
-0.837278
-0.819725
-0.805637
-0.794224
-0.784729
-0.779375
-0.778400
-0.784208
-0.793638
-0.807701
-0.823975
-0.838182
-0.850273
-0.858582
-0.862543
-0.862396
-0.858820
-0.853203
-0.844894
-0.833767
-0.818783
-0.799971
-0.782240
-0.763901
-0.744858
-0.729473
-0.717224
-0.708473
-0.701864
-0.695465
-0.691311
-0.687418
-0.684620
-0.680386
-0.678745
-0.678383
-0.676580
-0.673611
-0.670580
-0.665985
-0.662928
-0.661032
-0.663177
-0.667109
-0.671822
-0.678858
-0.687920
-0.701130
-0.717129
-0.732246
-0.747368
-0.760843
-0.773529
-0.784046
-0.793674
-0.802341
-0.807554
-0.815277
-0.825441
-0.835613
-0.843868
-0.849476
-0.857979
-0.867462
-0.874678
-0.882132
-0.888149
-0.894793
-0.903158
-0.911854
-0.915245
-0.914169
-0.911039
-0.905180
-0.894835
-0.884104
-0.873291
-0.865498
-0.860334
-0.856159
-0.853546
-0.850471
-0.849375
-0.847843
-0.844814
-0.841002
-0.836996
-0.835211
-0.832552
-0.829098
-0.830643
-0.835501
-0.840523
-0.844252
-0.845762
-0.848721
-0.851463
-0.855303
-0.859676
-0.862188
-0.865379
-0.868198
-0.869802
-0.870291
-0.869333
-0.866573
-0.860003
-0.850626
-0.840616
-0.835760
-0.831917
-0.826551
-0.819862
-0.812183
-0.804142
-0.794935
-0.781004
-0.765087
-0.748487
-0.735285
-0.723549
-0.714367
-0.707890
-0.703861
-0.703848
-0.705606
-0.706266
-0.707052
-0.708158
-0.708023
-0.709494
-0.712788
-0.716692
-0.724609
-0.735243
-0.747168
-0.759300
-0.770710
-0.785017
-0.800879
-0.814682
-0.824278
-0.831829
-0.836414
-0.839518
-0.838413
-0.832878
-0.823942
-0.815140
-0.806210
-0.801283
-0.799234
-0.802486
-0.808346
-0.816086
-0.825893
-0.834663
-0.845108
-0.855957
-0.863941
-0.871208
-0.873444
-0.875999
-0.876987
-0.876472
-0.875534
-0.870527
-0.864126
-0.857880
-0.851782
-0.849134
-0.849169
-0.851803
-0.854790
-0.859510
-0.863689
-0.865702
-0.867899
-0.867401
-0.866467
-0.863787
-0.857349
-0.849916
-0.842321
-0.836489
-0.833166
-0.831448
-0.832607
-0.836435
-0.842960
-0.851564
-0.861341
-0.871605
-0.883785
-0.896374
-0.907375
-0.915966
-0.925573
-0.931992
-0.937431
-0.941010
-0.941561
-0.941013
-0.937511
-0.931593
-0.924839
-0.919079
-0.914753
-0.910685
-0.907726
-0.904228
-0.901701
-0.899998
-0.899700
-0.900471
-0.901608
-0.901865
-0.904318
-0.908373
-0.913960
-0.917532
-0.917379
-0.915812
-0.910509
-0.903000
-0.893103
-0.881680
-0.869005
-0.857208
-0.843872
-0.831791
-0.821091
-0.810408
-0.800280
-0.793404
-0.785332
-0.774839
-0.763264
-0.751793
-0.741684
-0.731670
-0.721043
-0.710693
-0.702522
-0.696384
-0.691986
-0.688055
-0.687185
-0.687075
-0.689178
-0.690834
-0.691978
-0.692213
-0.691517
-0.692230
-0.691547
-0.690125
-0.689096
-0.688782
-0.689974
-0.691517
-0.693089
-0.696629
-0.701351
-0.707790
-0.714901
-0.721607
-0.728668
-0.735716
-0.742218
-0.748440
-0.753984
-0.759415
-0.764835
-0.770796
-0.776920
-0.782257
-0.788799
-0.793726
-0.799156
-0.805658
-0.811956
-0.817469
-0.821943
-0.826307
-0.831026
-0.834862
-0.838697
-0.842178
-0.844845
-0.846756
-0.848366
-0.850956
-0.853876
-0.856321
-0.857828
-0.858500
-0.860489
-0.862015
-0.864910
-0.866444
-0.867737
-0.867830
-0.867895
-0.868851
-0.869478
-0.868858
-0.868557
-0.868164
-0.868759
-0.870117
-0.871822
-0.873968
-0.876738
-0.879454
-0.882553
-0.884253
-0.886696
-0.889679
-0.892948
-0.897131
-0.901020
-0.905252
-0.909897
-0.914412
-0.917747
-0.919720
-0.918846
-0.917395
-0.915905
-0.914032
-0.911045
-0.906624
-0.901901
-0.896843
-0.890484
-0.883970
-0.876545
-0.868221
-0.860531
-0.851643
-0.842030
-0.833641
-0.826118
-0.818096
-0.812254
-0.806395
-0.802073
-0.801208
-0.801851
-0.802237
-0.802259
-0.801567
-0.799934
-0.797745
-0.795462
-0.790592
-0.785709
-0.780527
-0.775898
-0.771996
-0.768253
-0.765327
-0.762882
-0.759197
-0.756233
-0.754034
-0.751703
-0.748871
-0.745192
-0.741964
-0.738852
-0.735600
-0.731541
-0.728418
-0.725916
-0.723640
-0.723450
-0.723768
-0.724375
-0.725203
-0.726410
-0.727278
-0.727314
-0.727943
-0.728325
-0.728529
-0.728531
-0.728722
-0.730623
-0.732197
-0.733404
-0.734131
-0.734575
-0.735462
-0.736750
-0.738813
-0.739925
-0.741436
-0.742348
-0.743050
-0.743244
-0.743418
-0.745213
-0.747492
-0.748543
-0.749037
-0.749674
-0.750141
-0.751245
-0.752319
-0.752674
-0.753630
-0.753891
-0.753771
-0.753633
-0.753695
-0.753063
-0.752924
-0.753286
-0.752968
-0.753317
-0.753017
-0.751913
-0.750359
-0.750317
-0.750160
-0.749386
-0.748709
-0.748226
-0.747759
-0.747181
-0.746399
-0.745672
-0.745066
-0.744480
-0.743975
-0.743393
-0.743464
-0.743797
-0.743387
-0.741137
-0.738028
-0.735046
-0.731770
-0.729715
-0.729065
-0.727377
-0.725582
-0.724903
-0.723631
-0.722618
-0.721693
-0.720459
-0.718796
-0.715239
-0.712524
-0.710224
-0.706594
-0.704065
-0.702250
-0.701492
-0.699959
-0.697493
-0.693209
-0.688169
-0.684475
-0.681328
-0.676807
-0.673021
-0.669786
-0.667131
-0.664246
-0.662483
-0.659788
-0.656410
-0.652273
-0.648973
-0.646320
-0.642361
-0.637314
-0.632318
-0.626152
-0.621738
-0.618162
-0.613144
-0.607676
-0.603130
-0.599506
-0.596457
-0.593088
-0.589462
-0.585358
-0.581091
-0.578098
-0.573738
-0.569309
-0.564653
-0.557940
-0.552547
-0.545942
-0.539772
-0.533831
-0.527899
-0.522478
-0.517132
-0.511454
-0.505173
-0.500006
-0.495874
-0.490820
-0.484959
-0.478745
-0.472187
-0.465994
-0.459579
-0.453791
-0.448139
-0.443098
-0.438763
-0.433628
-0.427841
-0.421093
-0.414026
-0.406157
-0.398071
-0.391422
-0.384552
-0.378906
-0.373287
-0.367023
-0.359997
-0.354015
-0.346493
-0.339052
-0.331167
-0.323027
-0.314581
-0.306299
-0.297495
-0.289568
-0.283072
-0.275837
-0.268028
-0.259388
-0.250521
-0.242922
-0.236221
-0.229088
-0.221691
-0.213659
-0.204872
-0.195572
-0.187675
-0.178898
-0.168808
-0.159985
-0.150850
-0.142853
-0.133249
-0.123978
-0.115416
-0.107586
-0.102383
-0.096300
-0.088053
-0.078423
-0.068031
-0.058229
-0.050304
-0.043896
-0.038256
-0.031618
-0.026152
-0.020323
-0.014847
-0.010052
-0.002647
0.004940
0.013233
0.022404
0.030945
0.039680
0.047722
0.055590
0.063017
0.069832
0.076187
0.080788
0.085583
0.090353
0.095081
0.101055
0.106623
0.110668
0.114540
0.118807
0.124104
0.129158
0.133562
0.136597
0.138800
0.138298
0.135241
0.130360
0.123081
0.115232
0.107441
0.103319
0.101635
0.103439
0.107010
0.113325
0.121401
0.131012
0.140457
0.147898
0.153780
0.156319
0.156698
0.154114
0.148981
0.140646
0.129910
0.118450
0.106297
0.092619
0.081491
0.072565
0.068287
0.067833
0.069622
0.075867
0.084932
0.095957
0.105759
0.113995
0.122478
0.128696
0.133488
0.137028
0.136526
0.134724
0.131979
0.129232
0.127945
0.126137
0.125294
0.125521
0.131031
0.140144
0.150349
0.162380
0.175171
0.188862
0.202578
0.214891
0.225967
0.235479
0.245331
0.255939
0.263737
0.271492
0.279062
0.286430
0.293827
0.300875
0.305988
0.309284
0.313551
0.316954
0.317818
0.318993
0.318727
0.322992
0.330564
0.336235
0.342033
0.347815
0.355053
0.361177
0.363596
0.364893
0.364981
0.366497
0.369932
0.372362
0.374784
0.374165
0.374516
0.373621
0.369108
0.363445
0.355005
0.346544
0.338493
0.328011
0.316305
0.302319
0.287704
0.272060
0.255711
0.241499
0.228941
0.216143
0.204159
0.194254
0.185717
0.177954
0.170830
0.162975
0.153984
0.145973
0.138683
0.135555
0.137405
0.140709
0.147739
0.155853
0.166330
0.178696
0.189480
0.198582
0.204060
0.208265
0.209042
0.204742
0.198151
0.192211
0.187599
0.182869
0.177839
0.177025
0.177944
0.180370
0.182503
0.180538
0.176853
0.172138
0.165165
0.156368
0.145266
0.136799
0.130672
0.129646
0.129425
0.129398
0.131176
0.135061
0.140200
0.143282
0.143566
0.144522
0.145323
0.146828
0.149200
0.151911
0.156452
0.163609
0.176868
0.194302
0.212172
0.232067
0.252134
0.272682
0.290562
0.304136
0.313587
0.317793
0.321371
0.323776
0.323771
0.323183
0.323925
0.327131
0.331387
0.334057
0.335579
0.334970
0.334742
0.334547
0.330656
0.324699
0.317173
0.309464
0.301378
0.291367
0.284977
0.280205
0.278149
0.275459
0.269623
0.262939
0.253292
0.241051
0.227013
0.210037
0.194889
0.181513
0.170729
0.161400
0.152973
0.147402
0.143711
0.142864
0.142572
0.141668
0.145233
0.151970
0.160496
0.167412
0.170761
0.173723
0.175472
0.177593
0.176884
0.171627
0.166374
0.160172
0.154696
0.147970
0.137810
0.129337
0.121876
0.118332
0.117451
0.116060
0.116566
0.117271
0.118786
0.117521
0.113659
0.110895
0.107254
0.103838
0.102633
0.102911
0.109192
0.118851
0.132505
0.147968
0.162828
0.179024
0.194864
0.211084
0.224869
0.234051
0.241894
0.249483
0.256804
0.263960
0.269131
0.277288
0.289791
0.304783
0.318993
0.329056
0.334751
0.334385
0.328468
0.316877
0.299891
0.281094
0.261221
0.242275
0.223976
0.204876
0.187428
0.169052
0.153997
0.140955
0.127277
0.115881
0.106936
0.103380
0.105392
0.108616
0.115032
0.122086
0.128181
0.128794
0.123638
0.110723
0.096472
0.086624
0.080053
0.074154
0.071289
0.069475
0.074434
0.081463
0.086660
0.091877
0.096333
0.101856
0.106064
0.104990
0.101755
0.095970
0.092203
0.088923
0.085491
0.086525
0.091631
0.103376
0.118887
0.134211
0.148813
0.161934
0.176277
0.190838
0.204102
0.216534
0.227499
0.238934
0.249798
0.254395
0.256931
0.255816
0.253706
0.249920
0.243475
0.238474
0.233173
0.229961
0.226410
0.219423
0.212500
0.202583
0.191412
0.179880
0.165131
0.149744
0.133797
0.121571
0.111542
0.102444
0.100975
0.106049
0.117889
0.131443
0.146061
0.161499
0.173748
0.183268
0.188538
0.186369
0.186150
0.187256
0.190527
0.192623
0.191093
0.188635
0.183649
0.177578
0.169390
0.158083
0.147017
0.136692
0.131432
0.128403
0.128475
0.136337
0.149374
0.168980
0.189899
0.209545
0.228636
0.245169
0.260509
0.271790
0.276794
0.281651
0.287376
0.295153
0.303223
0.310268
0.317070
0.322548
0.326120
0.326527
0.319136
0.307934
0.294588
0.282423
0.271069
0.258335
0.251188
0.246220
0.241959
0.235714
0.226219
0.215736
0.203556
0.191837
0.179482
0.164263
0.152000
0.143042
0.139950
0.139324
0.140219
0.147018
0.156088
0.167984
0.177252
0.181362
0.181450
0.177200
0.164894
0.149546
0.133942
0.121481
0.111397
0.110394
0.117741
0.129509
0.147894
0.169331
0.192759
0.212811
0.226841
0.237537
0.242317
0.243666
0.243980
0.243681
0.250278
0.261517
0.277542
0.294191
0.307606
0.318855
0.325525
0.324135
0.314827
0.306082
0.301159
0.296402
0.292160
0.284531
0.273266
0.260620
0.246410
0.233601
0.220245
0.204470
0.190714
0.179205
0.176365
0.180361
0.185938
0.193584
0.200626
0.209282
0.215084
0.213295
0.207451
0.194946
0.179562
0.160923
0.140110
0.123098
0.109663
0.102022
0.100248
0.102499
0.108641
0.117094
0.132715
0.154188
0.176395
0.200481
0.222490
0.244272
0.262314
0.272663
0.277214
0.276058
0.272686
0.267570
0.259113
0.255316
0.254229
0.257812
0.264128
0.267174
0.268648
0.268251
0.265207
0.257233
0.243099
0.227020
0.208818
0.196152
0.188368
0.181530
0.179403
0.179302
0.181711
0.185543
0.185547
0.184616
0.179916
0.176163
0.169369
0.158718
0.150589
0.142061
0.135241
0.130663
0.123768
0.118982
0.114044
0.112514
0.112312
0.109459
0.115749
0.129412
0.151121
0.176928
0.202152
0.227123
0.250294
0.268391
0.279739
0.283592
0.283474
0.279526
0.277159
0.275003
0.271465
0.271006
0.271019
0.275494
0.280046
0.278469
0.272751
0.261921
0.251511
0.240082
0.224678
0.208626
0.192924
0.182571
0.176928
0.173063
0.173534
0.175255
0.180246
0.184252
0.184004
0.187281
0.191498
0.195370
0.196320
0.192469
0.187025
0.179600
0.172527
0.163628
0.150625
0.138834
0.128992
0.124573
0.125370
0.127943
0.134422
0.143307
0.157387
0.172157
0.184277
0.197927
0.211552
0.232437
0.257137
0.279606
0.301113
0.320263
0.337967
0.351337
0.354282
0.348320
0.333490
0.313768
0.288841
0.259094
0.225126
0.190151
0.155775
0.134785
0.125610
0.126076
0.134491
0.147936
0.162865
0.181416
0.204826
0.225382
0.238068
0.250990
0.260870
0.268135
0.271755
0.270765
0.267170
0.258673
0.247690
0.232170
0.214306
0.193676
0.170948
0.158596
0.156488
0.166306
0.184086
0.203485
0.225899
0.245365
0.262411
0.273949
0.276775
0.280312
0.284719
0.291725
0.299179
0.304556
0.310810
0.312904
0.308466
0.294798
0.269747
0.238817
0.205967
0.176022
0.148045
0.123207
0.110018
0.106356
0.116222
0.134224
0.153839
0.179058
0.207407
0.236025
0.259575
0.274698
0.286320
0.291098
0.293640
0.290739
0.279716
0.264511
0.245878
0.227036
0.209085
0.190998
0.177727
0.169109
0.170124
0.176369
0.184811
0.197962
0.213070
0.232172
0.250896
0.265877
0.281256
0.297016
0.315735
0.335005
0.351030
0.368738
0.383606
0.396751
0.405533
0.405964
0.401546
0.390766
0.375460
0.357656
0.335989
0.313133
0.288483
0.274426
0.267548
0.264656
0.264469
0.265076
0.269924
0.276016
0.276619
0.273682
0.264572
0.252684
0.236656
0.216805
0.198360
0.183146
0.175446
0.172312
0.170977
0.175179
0.181122
0.191257
0.202761
0.211811
0.223698
0.236986
0.253714
0.272850
0.289940
0.308659
0.327597
0.351583
0.375172
0.394386
0.410652
0.420912
0.422443
0.413208
0.393852
0.368137
0.335596
0.303442
0.273363
0.244734
0.224894
0.214832
0.219017
0.235254
0.256447
0.282667
0.309864
0.336819
0.356989
0.365265
0.372259
0.375998
0.381231
0.384739
0.381138
0.376278
0.369259
0.361757
0.352345
0.338005
0.322487
0.307987
0.299482
0.296616
0.295830
0.300943
0.308746
0.321238
0.335932
0.347832
0.359575
0.369362
0.380714
0.388353
0.390068
0.389069
0.383940
0.379501
0.373247
0.359703
0.343981
0.325676
0.309967
0.294350
0.276899
0.260803
0.245987
0.234983
0.224316
0.213921
0.205706
0.197784
0.190535
0.183191
0.171791
0.163937
0.158607
0.157757
0.159130
0.160343
0.169987
0.186478
0.210066
0.235321
0.257128
0.278883
0.295446
0.309172
0.316608
0.317030
0.315357
0.313684
0.315781
0.318480
0.319653
0.324429
0.330908
0.343904
0.358337
0.367556
0.374855
0.378014
0.380564
0.378359
0.369387
0.359970
0.346327
0.332672
0.316605
0.295820
0.276962
0.259993
0.246525
0.233513
0.218510
0.206964
0.198143
0.193829
0.192614
0.192337
0.197382
0.205191
0.219509
0.236227
0.250643
0.267809
0.285604
0.306387
0.327797
0.345589
0.369240
0.394497
0.423803
0.449839
0.468540
0.482342
0.487850
0.483751
0.469408
0.442734
0.408798
0.370417
0.333569
0.300564
0.269947
0.253345
0.249836
0.257641
0.271255
0.285206
0.299902
0.311357
0.319801
0.318510
0.307409
0.291660
0.270872
0.258816
0.253319
0.252630
0.261395
0.276894
0.299934
0.326225
0.348932
0.364122
0.370361
0.378559
0.387455
0.395515
0.404997
0.415800
0.431892
0.445765
0.450264
0.446712
0.433348
0.415695
0.393631
0.365139
0.338402
0.313492
0.296635
0.286190
0.278425
0.277706
0.280670
0.287422
0.293549
0.294415
0.298271
0.301971
0.306768
0.308208
0.303698
0.298168
0.289188
0.273830
0.257528
0.241848
0.230843
0.224237
0.223564
0.227612
0.235260
0.255959
0.285818
0.325548
0.366787
0.402023
0.434315
0.459538
0.478907
0.488605
0.485661
0.475168
0.457228
0.436813
0.414028
0.389271
0.374739
0.367449
0.366642
0.368153
0.370167
0.373857
0.377666
0.381950
0.382175
0.376450
0.368465
0.355793
0.337986
0.320026
0.301683
0.292521
0.291464
0.297131
0.303661
0.308319
0.314625
0.322411
0.331329
0.338095
0.338188
0.336712
0.332481
0.326891
0.324886
0.325346
0.332047
0.343618
0.352995
0.369133
0.387920
0.408363
0.423611
0.436970
0.443043
0.437288
0.421478
0.394461
0.361231
0.324390
0.285473
0.255249
0.236412
0.226152
0.224384
0.228556
0.237076
0.244713
0.248001
0.242542
0.228096
0.213642
0.202995
0.199984
0.204046
0.212646
0.228998
0.250847
0.280174
0.307068
0.325539
0.340528
0.349045
0.356449
0.364132
0.368008
0.371456
0.371002
0.370964
0.369987
0.363075
0.355129
0.342329
0.334511
0.330116
0.325169
0.321297
0.318316
0.319826
0.323095
0.321978
0.317905
0.307858
0.290396
0.270565
0.247402
0.228270
0.209873
0.195950
0.185238
0.173323
0.165255
0.159348
0.154551
0.156380
0.163338
0.182800
0.209633
0.241470
0.272961
0.299854
0.323450
0.340237
0.354256
0.361347
0.357899
0.351578
0.342100
0.333242
0.323360
0.310856
0.299625
0.287046
0.279398
0.273285
0.264244
0.260515
0.261118
0.269230
0.281204
0.291822
0.303633
0.314169
0.324608
0.331907
0.331724
0.328289
0.319426
0.309326
0.298065
0.281527
0.266665
0.253960
0.246796
0.244637
0.244141
0.249516
0.257856
0.276867
0.302402
0.326904
0.353271
0.377968
0.406235
0.433296
0.452042
0.463564
0.464462
0.460665
0.449165
0.427732
0.404522
0.380247
0.360680
0.343216
0.325289
0.311396
0.300880
0.297218
0.296841
0.295027
0.295298
0.295822
0.300102
0.303871
0.305292
0.314558
0.326675
0.342144
0.356272
0.364605
0.371792
0.374430
0.374014
0.369038
0.357887
0.345755
0.332180
0.324652
0.322491
0.323692
0.337133
0.360701
0.392626
0.425373
0.454102
0.481337
0.501686
0.513596
0.511686
0.493713
0.467215
0.435207
0.403740
0.374920
0.346790
0.324802
0.307190
0.303640
0.310352
0.318624
0.332270
0.347836
0.366705
0.381544
0.384769
0.376787
0.357256
0.332127
0.300150
0.263645
0.229567
0.200174
0.184050
0.180328
0.186115
0.201769
0.222965
0.252335
0.284092
0.311253
0.333405
0.349188
0.368555
0.388029
0.403337
0.417992
0.429878
0.442440
0.450392
0.446014
0.431515
0.409117
0.383793
0.355995
0.325432
0.296089
0.268330
0.249828
0.239132
0.230671
0.227373
0.225380
0.232145
0.243904
0.254234
0.265526
0.276144
0.286274
0.292873
0.291586
0.285046
0.270367
0.254429
0.237448
0.220499
0.212517
0.212807
0.224262
0.244749
0.269070
0.304073
0.341938
0.384130
0.423931
0.455700
0.483242
0.502169
0.515614
0.520699
0.513916
0.500774
0.480919
0.459080
0.435135
0.407310
0.382004
0.358583
0.340368
0.324265
0.307911
0.296616
0.289383
0.286369
0.283714
0.279388
0.277828
0.276180
0.277020
0.275896
0.270555
0.266689
0.263859
0.263712
0.264891
0.264528
0.267380
0.272167
0.281879
0.292952
0.303448
0.317642
0.333000
0.356678
0.384302
0.410978
0.437830
0.460884
0.484495
0.504473
0.515369
0.518187
0.510788
0.492619
0.465700
0.430992
0.391102
0.355356
0.331406
0.317066
0.306484
0.307747
0.316498
0.333126
0.352043
0.366951
0.378244
0.381048
0.368612
0.347652
0.318871
0.289749
0.258945
0.234776
0.218842
0.208313
0.209455
0.218082
0.233894
0.252701
0.270115
0.294815
0.322096
0.351789
0.381607
0.406923
0.430145
0.447762
0.461292
0.466866
0.460932
0.446608
0.426619
0.407032
0.387629
0.366518
0.351116
0.337173
0.328556
0.322475
0.313681
0.306719
0.302019
0.303953
0.309542
0.314558
0.325891
0.339428
0.355175
0.368883
0.376179
0.379295
0.375402
0.368229
0.355343
0.336321
0.316471
0.298943
0.289265
0.287315
0.288675
0.297848
0.309584
0.327099
0.347015
0.362415
0.381739
0.402897
0.427151
0.448929
0.463121
0.474072
0.478199
0.477196
0.466297
0.445356
0.423574
0.401302
0.381874
0.364433
0.348194
0.337221
0.330544
0.327671
0.324333
0.316826
0.314301
0.313953
0.315842
0.318172
0.317671
0.317604
0.317190
0.315971
0.308891
0.294800
0.278252
0.259758
0.246172
0.237514
0.233137
0.242325
0.262577
0.291691
0.325191
0.355875
0.386379
0.412161
0.433994
0.451180
0.459002
0.461514
0.457176
0.451433
0.443441
0.430861
0.418293
0.404919
0.396711
0.390081
0.381157
0.373444
0.365057
0.358673
0.351971
0.341169
0.329506
0.315529
0.300137
0.285131
0.268253
0.259079
0.254528
0.256948
0.262201
0.265913
0.270378
0.272987
0.276173
0.276604
0.270729
0.265047
0.260391
0.259523
0.262039
0.266970
0.280321
0.299953
0.325319
0.351164
0.373068
0.392754
0.407864
0.420225
0.427147
0.426968
0.422668
0.412060
0.401714
0.389610
0.373953
0.358147
0.340483
0.323751
0.306570
0.289202
0.275562
0.266111
0.264444
0.265905
0.268890
0.281507
0.302254
0.324438
0.343891
0.358906
0.374910
0.387566
0.393770
0.390385
0.374485
0.351040
0.321487
0.285166
0.248373
0.212374
0.181366
0.156185
0.143539
0.142773
0.151142
0.170235
0.196308
0.233614
0.277676
0.320324
0.360582
0.393488
0.422144
0.445490
0.459633
0.466755
0.465057
0.459406
0.450775
0.437012
0.425320
0.416519
0.417431
0.425167
0.434166
0.446396
0.457054
0.462044
0.463953
0.457952
0.446087
0.425798
0.400448
0.372208
0.343569
0.319262
0.301338
0.293652
0.293301
0.294098
0.298788
0.305656
0.313414
0.317726
0.317480
0.315495
0.309608
0.302153
0.291386
0.277121
0.265062
0.252663
0.246132
0.243591
0.244099
0.252300
0.266972
0.288498
0.310566
0.331680
0.352482
0.369350
0.384817
0.396841
0.403145
0.410583
0.416815
0.425215
0.433964
0.440357
0.446606
0.451462
0.455692
0.456718
0.453167
0.448650
0.439604
0.431252
0.421114
0.405912
0.390940
0.378008
0.367714
0.358402
0.346689
0.338232
0.330219
0.326910
0.326731
0.325905
0.332670
0.341640
0.349360
0.357327
0.364166
0.369476
0.370359
0.366882
0.358267
0.341309
0.322020
0.302475
0.286079
0.273308
0.264204
0.267616
0.280384
0.303432
0.331562
0.358727
0.386543
0.410662
0.430168
0.443384
0.448809
0.449392
0.446243
0.445465
0.444267
0.442389
0.443134
0.444107
0.443760
0.439041
0.428432
0.409893
0.397221
0.393726
0.393209
0.389174
0.385288
0.380516
0.376635
0.369125
0.355261
0.332870
0.305492
0.279259
0.256893
0.235847
0.220356
0.210810
0.212025
0.219524
0.228035
0.233082
0.233213
0.233555
0.230597
0.221172
0.211315
0.202843
0.200834
0.203754
0.207733
0.214281
0.219772
0.226971
0.235149
0.243313
0.254169
0.267458
0.282433
0.298965
0.313103
0.326382
0.335987
0.345810
0.355595
0.362991
0.375370
0.390003
0.407660
0.426161
0.442850
0.458294
0.468109
0.474590
0.475590
0.469090
0.457270
0.439108
0.418571
0.396681
0.372879
0.350657
0.330212
0.310631
0.294548
0.280840
0.272663
0.264519
0.254572
0.240061
0.220034
0.197853
0.174374
0.156834
0.146530
0.139935
0.144833
0.159344
0.177456
0.194672
0.208702
0.227177
0.247250
0.266506
0.280745
0.287268
0.291269
0.292774
0.289368
0.281071
0.268257
0.254673
0.240196
0.228899
0.219366
0.210808
0.206499
0.205105
0.208923
0.215504
0.223864
0.238731
0.255871
0.276932
0.299742
0.321766
0.344109
0.365101
0.385912
0.404240
0.415363
0.426657
0.438063
0.450212
0.460068
0.466749
0.468639
0.464315
0.459724
0.452835
0.439970
0.426792
0.413492
0.403395
0.396511
0.388735
0.381779
0.374306
0.369045
0.360983
0.347719
0.332138
0.315041
0.299599
0.286606
0.274303
0.265900
0.259935
0.260275
0.263222
0.267632
0.274408
0.282978
0.294744
0.307901
0.319965
0.331165
0.340378
0.346748
0.351242
0.350651
0.345343
0.335861
0.331295
0.331139
0.332516
0.335194
0.337227
0.336445
0.333099
0.325451
0.313616
0.297213
0.282677
0.270531
0.258196
0.248951
0.245905
0.252522
0.264164
0.276150
0.289120
0.300713
0.311079
0.319115
0.324993
0.335705
0.349596
0.367664
0.388596
0.408321
0.428234
0.443419
0.455320
0.461727
0.463446
0.462067
0.459740
0.458679
0.458490
0.458244
0.458841
0.461845
0.466652
0.469143
0.466841
0.465233
0.461798
0.459049
0.456284
0.451345
0.441944
0.427544
0.406683
0.387691
0.369951
0.353994
0.338165
0.327768
0.320347
0.312223
0.305393
0.296780
0.288452
0.279825
0.270205
0.261774
0.256592
0.257452
0.261230
0.265404
0.270748
0.275970
0.284395
0.292742
0.298138
0.303299
0.307011
0.310818
0.313290
0.314243
0.314301
0.311008
0.305912
0.296318
0.281906
0.267529
0.255079
0.246269
0.241096
0.238819
0.240213
0.243690
0.248201
0.252045
0.255430
0.261806
0.269518
0.278690
0.287951
0.296272
0.303818
0.310623
0.318594
0.327484
0.334976
0.343733
0.353212
0.364510
0.375282
0.384441
0.394819
0.405436
0.415651
0.425003
0.431664
0.439749
0.447536
0.456757
0.465942
0.473318
0.480621
0.486805
0.491768
0.495697
0.496132
0.494640
0.492754
0.490303
0.486458
0.481407
0.474716
0.466053
0.457207
0.448341
0.437166
0.427420
0.418571
0.410040
0.402550
0.394037
0.384855
0.374912
0.365646
0.356297
0.347282
0.339468
0.333340
0.328644
0.323896
0.316242
0.308123
0.299889
0.293602
0.287270
0.279703
0.274155
0.272865
0.275572
0.282093
0.289066
0.298412
0.307579
0.314606
0.321787
0.328093
0.334366
0.339569
0.343742
0.345352
0.343605
0.341228
0.337706
0.334436
0.331154
0.326021
0.323257
0.323038
0.325054
0.326441
0.325575
0.322664
0.316265
0.306942
0.295343
0.279591
0.263599
0.246828
0.234201
0.225464
0.220491
0.219002
0.219576
0.221375
0.221092
0.221798
0.222851
0.224571
0.230181
0.236954
0.244549
0.254398
0.265034
0.274700
0.282799
0.288313
0.292330
0.295601
0.298655
0.301327
0.304853
0.311825
0.319691
0.329449
0.339727
0.350052
0.360489
0.369556
0.378445
0.386274
0.393009
0.400543
0.408821
0.415546
0.421654
0.425425
0.427624
0.427181
0.425056
0.422029
0.417515
0.412468
0.408115
0.404100
0.401875
0.401604
0.403730
0.407066
0.410309
0.414392
0.419523
0.425526
0.432129
0.437416
0.441360
0.444073
0.446337
0.447796
0.446384
0.442923
0.436981
0.428787
0.419037
0.406534
0.394741
0.383553
0.374071
0.366699
0.360233
0.355038
0.350798
0.345404
0.342426
0.340107
0.337841
0.333326
0.327225
0.319956
0.312994
0.305252
0.295813
0.286436
0.276232
0.267527
0.261686
0.257318
0.254715
0.252693
0.250786
0.249386
0.247398
0.245037
0.239845
0.234060
0.226908
0.218262
0.210468
0.204390
0.200291
0.197403
0.196335
0.197783
0.199142
0.201895
0.205345
0.207211
0.209892
0.213665
0.218674
0.224758
0.231079
0.237537
0.242846
0.247324
0.251354
0.253981
0.256798
0.259613
0.262888
0.266268
0.269447
0.272594
0.276573
0.278580
0.277409
0.274542
0.271273
0.266598
0.263641
0.260986
0.257294
0.253736
0.250889
0.248280
0.245010
0.240585
0.236530
0.232208
0.227970
0.224125
0.221325
0.219212
0.216925
0.217115
0.220287
0.222939
0.224962
0.227482
0.230236
0.234812
0.237658
0.238340
0.238487
0.238371
0.237104
0.234747
0.233379
0.231951
0.231932
0.231991
0.230202
0.227747
0.224476
0.220097
0.214245
0.205902
0.196434
0.186293
0.173607
0.161545
0.151882
0.144270
0.137688
0.132692
0.130936
0.130913
0.131437
0.133656
0.136551
0.138731
0.140751
0.142706
0.144890
0.145622
0.147232
0.147581
0.148172
0.149395
0.151066
0.152332
0.153461
0.154049
0.154457
0.155632
0.157505
0.159935
0.163231
0.166862
0.169296
0.170889
0.172882
0.174753
0.176666
0.177464
0.178261
0.179276
0.180511
0.181561
0.181925
0.181189
0.180862
0.181087
0.181791
0.182442
0.182697
0.181570
0.180382
0.179995
0.180534
0.181255
0.182236
0.183203
0.184101
0.185257
0.185612
0.186909
0.188635
0.189455
0.189707
0.189697
0.189621
0.189590
0.189865
0.190617
0.191196
0.191963
0.192812
0.192221
0.190460
0.188734
0.187654
0.187645
0.187061
0.186121
0.185772
0.185240
0.185482
0.184710
0.182898
0.182455
0.182924
0.182602
0.182903
0.183125
0.181831
0.180088
0.178549
0.177767
0.177145
0.174519
0.172714
0.171246
0.168829
0.165150
0.162382
0.162132
0.161350
0.159903
0.157833
0.155243
0.152914
0.150640
0.148689
0.146160
0.143246
0.140200
0.136755
0.132904
0.130802
0.128126
0.124779
0.122120
0.119974
0.118389
0.115652
0.112431
0.109009
0.104837
0.099777
0.096142
0.093468
0.090733
0.087151
0.084034
0.081289
0.078630
0.074112
0.069998
0.065926
0.061285
0.057571
0.055391
0.053301
0.051077
0.048616
0.046268
0.044641
0.042816
0.040100
0.036999
0.034084
0.030308
0.025702
0.020317
0.015810
0.010460
0.005081
0.000000
-0.004665
-0.009315
-0.014374
-0.017096
-0.020329
-0.023640
-0.026886
-0.030447
-0.035210
-0.040567
-0.045559
-0.050508
-0.055307
-0.059410
-0.063646
-0.068373
-0.072357
-0.074974
-0.078999
-0.084295
-0.090279
-0.096161
-0.101183
-0.107954
-0.114334
-0.118469
-0.123564
-0.128246
-0.131918
-0.135611
-0.141680
-0.149460
-0.156708
-0.163424
-0.169828
-0.175947
-0.182259
-0.187340
-0.191647
-0.195923
-0.201017
-0.208000
-0.214716
-0.222172
-0.229401
-0.236937
-0.242872
-0.246954
-0.251947
-0.256479
-0.260202
-0.263529
-0.266338
-0.269371
-0.272823
-0.278255
-0.283537
-0.287754
-0.293989
-0.300316
-0.306396
-0.311602
-0.314260
-0.315577
-0.315611
-0.313318
-0.308104
-0.299591
-0.290501
-0.279110
-0.266922
-0.254387
-0.239355
-0.226292
-0.214203
-0.205843
-0.200693
-0.197584
-0.195845
-0.196377
-0.199589
-0.202379
-0.201811
-0.197834
-0.191147
-0.182541
-0.173708
-0.165766
-0.159365
-0.156803
-0.158188
-0.161808
-0.166948
-0.175568
-0.187696
-0.202499
-0.215504
-0.226879
-0.236164
-0.244558
-0.250952
-0.256237
-0.261152
-0.264931
-0.268404
-0.273472
-0.279013
-0.285259
-0.291832
-0.298693
-0.305489
-0.312206
-0.316786
-0.320761
-0.322088
-0.321232
-0.319031
-0.315279
-0.310493
-0.306587
-0.306280
-0.308268
-0.310709
-0.315254
-0.319633
-0.324682
-0.329865
-0.333931
-0.337540
-0.338909
-0.339046
-0.336185
-0.330910
-0.325003
-0.317490
-0.311535
-0.306067
-0.298510
-0.291166
-0.284126
-0.278845
-0.275639
-0.270781
-0.265638
-0.257914
-0.249117
-0.241631
-0.233154
-0.225204
-0.217760
-0.211199
-0.204943
-0.198284
-0.192841
-0.187546
-0.183441
-0.179707
-0.176033
-0.176296
-0.179161
-0.184593
-0.189766
-0.193592
-0.196653
-0.198057
-0.196777
-0.193260
-0.187830
-0.182476
-0.176462
-0.173473
-0.174107
-0.177961
-0.186043
-0.197460
-0.210953
-0.223558
-0.235409
-0.247099
-0.256550
-0.266008
-0.274986
-0.281208
-0.288019
-0.294571
-0.300940
-0.306652
-0.311008
-0.315165
-0.317518
-0.321438
-0.327259
-0.331932
-0.337908
-0.343674
-0.348064
-0.352274
-0.355183
-0.357487
-0.357880
-0.358978
-0.359043
-0.358986
-0.359795
-0.362068
-0.364603
-0.367498
-0.368578
-0.370285
-0.370604
-0.368816
-0.363710
-0.357523
-0.349972
-0.338991
-0.326101
-0.315660
-0.305761
-0.298069
-0.291204
-0.286114
-0.283916
-0.280645
-0.273020
-0.258163
-0.237135
-0.213167
-0.188051
-0.166466
-0.151314
-0.146677
-0.152079
-0.165771
-0.186146
-0.209406
-0.230156
-0.250164
-0.267849
-0.284353
-0.297701
-0.314245
-0.333082
-0.349945
-0.365717
-0.377529
-0.383465
-0.386282
-0.384573
-0.378777
-0.369959
-0.360462
-0.350430
-0.338966
-0.332035
-0.329494
-0.328571
-0.331657
-0.336813
-0.343136
-0.349131
-0.349543
-0.347332
-0.342575
-0.337383
-0.329920
-0.320042
-0.308250
-0.294420
-0.280788
-0.270555
-0.267750
-0.270845
-0.276852
-0.288172
-0.303652
-0.319927
-0.335867
-0.350920
-0.369518
-0.388842
-0.407375
-0.426067
-0.442869
-0.461529
-0.479479
-0.495634
-0.506950
-0.511724
-0.515219
-0.516930
-0.519444
-0.522778
-0.525599
-0.531403
-0.539248
-0.546509
-0.556915
-0.567350
-0.578720
-0.589233
-0.596010
-0.601013
-0.603001
-0.602961
-0.600288
-0.593502
-0.589907
-0.586811
-0.583359
-0.580704
-0.579241
-0.576984
-0.571411
-0.562561
-0.550245
-0.538111
-0.525541
-0.512756
-0.501711
-0.492348
-0.489147
-0.491888
-0.496517
-0.502989
-0.509415
-0.513451
-0.514839
-0.513142
-0.509321
-0.503258
-0.500378
-0.500324
-0.499792
-0.500706
-0.500404
-0.499985
-0.499876
-0.497267
-0.492346
-0.482578
-0.465866
-0.448362
-0.429321
-0.411167
-0.393196
-0.380157
-0.370195
-0.361767
-0.355610
-0.351271
-0.345470
-0.342651
-0.342596
-0.345570
-0.349686
-0.354870
-0.364140
-0.375368
-0.390686
-0.406754
-0.425913
-0.445721
-0.462784
-0.478321
-0.489784
-0.496456
-0.502848
-0.508175
-0.512140
-0.513130
-0.509855
-0.514339
-0.525675
-0.541817
-0.557213
-0.569881
-0.583385
-0.594456
-0.605486
-0.613573
-0.618595
-0.618406
-0.610941
-0.600670
-0.586887
-0.571850
-0.555950
-0.538733
-0.525707
-0.516146
-0.511911
-0.510895
-0.510101
-0.514442
-0.520460
-0.528648
-0.535645
-0.541094
-0.544933
-0.546616
-0.547918
-0.546267
-0.540394
-0.536171
-0.532900
-0.532143
-0.531977
-0.528910
-0.527081
-0.522873
-0.513466
-0.502403
-0.490482
-0.478075
-0.462566
-0.447483
-0.431759
-0.417093
-0.405840
-0.398327
-0.393196
-0.390064
-0.392197
-0.401299
-0.414408
-0.428347
-0.444319
-0.460470
-0.477901
-0.493862
-0.506689
-0.520018
-0.530870
-0.542721
-0.553333
-0.561241
-0.570623
-0.578253
-0.587490
-0.595966
-0.607409
-0.618759
-0.627583
-0.636122
-0.640308
-0.642429
-0.640190
-0.628670
-0.612701
-0.591948
-0.566061
-0.540476
-0.514969
-0.492516
-0.475271
-0.461910
-0.458689
-0.463329
-0.474501
-0.486931
-0.499851
-0.511330
-0.516001
-0.516212
-0.512621
-0.508095
-0.499546
-0.485168
-0.474161
-0.465326
-0.459309
-0.454798
-0.449738
-0.446339
-0.442074
-0.434317
-0.425182
-0.415800
-0.413668
-0.416853
-0.425514
-0.436310
-0.448067
-0.463690
-0.480856
-0.498667
-0.514898
-0.525690
-0.530569
-0.536152
-0.548325
-0.564739
-0.582138
-0.603502
-0.626352
-0.649405
-0.668835
-0.678129
-0.679834
-0.672791
-0.658968
-0.639626
-0.613701
-0.588053
-0.560406
-0.535604
-0.519325
-0.510658
-0.511641
-0.517303
-0.526197
-0.536652
-0.543539
-0.549160
-0.552378
-0.552309
-0.555443
-0.559700
-0.565281
-0.568016
-0.571707
-0.572998
-0.568235
-0.560913
-0.548079
-0.527817
-0.508877
-0.490396
-0.473021
-0.455338
-0.441090
-0.430719
-0.420341
-0.415079
-0.411373
-0.413059
-0.418036
-0.423424
-0.430672
-0.439751
-0.453903
-0.469727
-0.485909
-0.504435
-0.523506
-0.537996
-0.554306
-0.569937
-0.585251
-0.596737
-0.603588
-0.604097
-0.595181
-0.581108
-0.560307
-0.534927
-0.509684
-0.483957
-0.462404
-0.442148
-0.434626
-0.436689
-0.443951
-0.456347
-0.471745
-0.490431
-0.508612
-0.521358
-0.530823
-0.533974
-0.533875
-0.529148
-0.518127
-0.509113
-0.500053
-0.488451
-0.477615
-0.467022
-0.457125
-0.447607
-0.438990
-0.427567
-0.415155
-0.407427
-0.401600
-0.403202
-0.410883
-0.421202
-0.436937
-0.456198
-0.480619
-0.505932
-0.527439
-0.549776
-0.570232
-0.589703
-0.606239
-0.617411
-0.631088
-0.645229
-0.655355
-0.659489
-0.660679
-0.661177
-0.657513
-0.651672
-0.640413
-0.622547
-0.602737
-0.576904
-0.542244
-0.508558
-0.473972
-0.443876
-0.417229
-0.396254
-0.381207
-0.369329
-0.361807
-0.357470
-0.360081
-0.367161
-0.371098
-0.375340
-0.378643
-0.379168
-0.381590
-0.382561
-0.384987
-0.389019
-0.391880
-0.397274
-0.403879
-0.412689
-0.420052
-0.432577
-0.446022
-0.458004
-0.473021
-0.490356
-0.505226
-0.520857
-0.534132
-0.546329
-0.554651
-0.556076
-0.558834
-0.560638
-0.562239
-0.562059
-0.557426
-0.545324
-0.524021
-0.498343
-0.481792
-0.477365
-0.478241
-0.481436
-0.488590
-0.496502
-0.502846
-0.507624
-0.504574
-0.497169
-0.485935
-0.473421
-0.455662
-0.434801
-0.414907
-0.397177
-0.387323
-0.381161
-0.375746
-0.380932
-0.394066
-0.415100
-0.438799
-0.460152
-0.480860
-0.499857
-0.514845
-0.525995
-0.532103
-0.535805
-0.536596
-0.536812
-0.536043
-0.532988
-0.536509
-0.542898
-0.552380
-0.562008
-0.567940
-0.572702
-0.575127
-0.576130
-0.572969
-0.564537
-0.561563
-0.562078
-0.565538
-0.569918
-0.572226
-0.570099
-0.567680
-0.568449
-0.567995
-0.561287
-0.552528
-0.540699
-0.533752
-0.528711
-0.523031
-0.519506
-0.517061
-0.517233
-0.515287
-0.508877
-0.499403
-0.487207
-0.477369
-0.467995
-0.458010
-0.454142
-0.454304
-0.463856
-0.479174
-0.496355
-0.524372
-0.558052
-0.595091
-0.631685
-0.660604
-0.684761
-0.699055
-0.701496
-0.696041
-0.683832
-0.667221
-0.647789
-0.629322
-0.610832
-0.590006
-0.578264
-0.574509
-0.579071
-0.586498
-0.592119
-0.599113
-0.604633
-0.603512
-0.603075
-0.599606
-0.591764
-0.574282
-0.560062
-0.548775
-0.538898
-0.532801
-0.530964
-0.536575
-0.547365
-0.556244
-0.565971
-0.572500
-0.578503
-0.579420
-0.574415
-0.568110
-0.560467
-0.561871
-0.570261
-0.579979
-0.592161
-0.602982
-0.614315
-0.620789
-0.616064
-0.604412
-0.587242
-0.571198
-0.556328
-0.540394
-0.523426
-0.512903
-0.512287
-0.514248
-0.512941
-0.511978
-0.508211
-0.504107
-0.495197
-0.477716
-0.458677
-0.438663
-0.428286
-0.424114
-0.422684
-0.426708
-0.435425
-0.445816
-0.453053
-0.455133
-0.455505
-0.454441
-0.459599
-0.470612
-0.484596
-0.503538
-0.526026
-0.554899
-0.585382
-0.610666
-0.633013
-0.647327
-0.654839
-0.655912
-0.648348
-0.643147
-0.638620
-0.638197
-0.638691
-0.638266
-0.634045
-0.631878
-0.633635
-0.633179
-0.628843
-0.623686
-0.617424
-0.607170
-0.593092
-0.575277
-0.564341
-0.559074
-0.560577
-0.563549
-0.563538
-0.563000
-0.558994
-0.554836
-0.546459
-0.532637
-0.517838
-0.503059
-0.498333
-0.500675
-0.507147
-0.518303
-0.534803
-0.557955
-0.581255
-0.598423
-0.612553
-0.621399
-0.633280
-0.645203
-0.653402
-0.660702
-0.667274
-0.675453
-0.683376
-0.685690
-0.684402
-0.677883
-0.674385
-0.672667
-0.667599
-0.663704
-0.660154
-0.662926
-0.668772
-0.674780
-0.680977
-0.684834
-0.687397
-0.686514
-0.681181
-0.680716
-0.681942
-0.680794
-0.680349
-0.678320
-0.676081
-0.669935
-0.657803
-0.643240
-0.624681
-0.614189
-0.608803
-0.609549
-0.614248
-0.619637
-0.629181
-0.640320
-0.652571
-0.662729
-0.668753
-0.677380
-0.686176
-0.696184
-0.705359
-0.711159
-0.716114
-0.719589
-0.723307
-0.725468
-0.723278
-0.720467
-0.714895
-0.710285
-0.702785
-0.691355
-0.676119
-0.657772
-0.646112
-0.639574
-0.633949
-0.636379
-0.644058
-0.651276
-0.659184
-0.664429
-0.668716
-0.667551
-0.662367
-0.649563
-0.627033
-0.606972
-0.590034
-0.578289
-0.570280
-0.563805
-0.563322
-0.567490
-0.577291
-0.588844
-0.598066
-0.607706
-0.612181
-0.623493
-0.637804
-0.650036
-0.662086
-0.672596
-0.683615
-0.691763
-0.692532
-0.690186
-0.683023
-0.681349
-0.681389
-0.680653
-0.681831
-0.683193
-0.689074
-0.694412
-0.693798
-0.690113
-0.679890
-0.673525
-0.665543
-0.651402
-0.637501
-0.624252
-0.616213
-0.609753
-0.600225
-0.591269
-0.583658
-0.578648
-0.573795
-0.568111
-0.567667
-0.570276
-0.581396
-0.597740
-0.614851
-0.634844
-0.654039
-0.673864
-0.692139
-0.703518
-0.716341
-0.728104
-0.740337
-0.751736
-0.759188
-0.766510
-0.768467
-0.761944
-0.750547
-0.733217
-0.715336
-0.696096
-0.681894
-0.670965
-0.659811
-0.652817
-0.644958
-0.634706
-0.625044
-0.611113
-0.595917
-0.578125
-0.554865
-0.534344
-0.516251
-0.505011
-0.499693
-0.504930
-0.518484
-0.535210
-0.559975
-0.589495
-0.623606
-0.656570
-0.684326
-0.712721
-0.736229
-0.758392
-0.773466
-0.777895
-0.778482
-0.773851
-0.767277
-0.757399
-0.744198
-0.726969
-0.708971
-0.696136
-0.685032
-0.672346
-0.664896
-0.661304
-0.661266
-0.668121
-0.680159
-0.695839
-0.712132
-0.729918
-0.743740
-0.748716
-0.750626
-0.747717
-0.749012
-0.752577
-0.752625
-0.751064
-0.746429
-0.740572
-0.730928
-0.714340
-0.697258
-0.677692
-0.661583
-0.649281
-0.637432
-0.634438
-0.637890
-0.650637
-0.666723
-0.683210
-0.699509
-0.711636
-0.719435
-0.720917
-0.714003
-0.708424
-0.702066
-0.693125
-0.687078
-0.681610
-0.680527
-0.681713
-0.687559
-0.693716
-0.696079
-0.698967
-0.700916
-0.697653
-0.693159
-0.684162
-0.677254
-0.669586
-0.662840
-0.655405
-0.644886
-0.634897
-0.626759
-0.624344
-0.623549
-0.623909
-0.622881
-0.619389
-0.631010
-0.654009
-0.680124
-0.712370
-0.745556
-0.775822
-0.809929
-0.842928
-0.867048
-0.877905
-0.877018
-0.863169
-0.834942
-0.793743
-0.743753
-0.699280
-0.664637
-0.637337
-0.622976
-0.619730
-0.630001
-0.649111
-0.669979
-0.693577
-0.713715
-0.733879
-0.748064
-0.751932
-0.750473
-0.743311
-0.728155
-0.704876
-0.674049
-0.641291
-0.608688
-0.576614
-0.556950
-0.550571
-0.558048
-0.573229
-0.597691
-0.626991
-0.656488
-0.685574
-0.708019
-0.720869
-0.720905
-0.707581
-0.683001
-0.655262
-0.626049
-0.611462
-0.607817
-0.614197
-0.627132
-0.649010
-0.671543
-0.682739
-0.683998
-0.674557
-0.663370
-0.650494
-0.631418
-0.612694
-0.593264
-0.579872
-0.567291
-0.553223
-0.543015
-0.533571
-0.527466
-0.521229
-0.512245
-0.506779
-0.503008
-0.505226
-0.513744
-0.524042
-0.545883
-0.573906
-0.605341
-0.635515
-0.661085
-0.686077
-0.706890
-0.725506
-0.741369
-0.751026
-0.759151
-0.763380
-0.768682
-0.774040
-0.775558
-0.775774
-0.772900
-0.770876
-0.765490
-0.754547
-0.744991
-0.733711
-0.721258
-0.707176
-0.691694
-0.687529
-0.691259
-0.696573
-0.705353
-0.715582
-0.730045
-0.741810
-0.751888
-0.755066
-0.747746
-0.734932
-0.714840
-0.692934
-0.670103
-0.645750
-0.626291
-0.612179
-0.607599
-0.609497
-0.614437
-0.626699
-0.641541
-0.662832
-0.685160
-0.704151
-0.721497
-0.735056
-0.747580
-0.756216
-0.757669
-0.755960
-0.750362
-0.749552
-0.750843
-0.750547
-0.753954
-0.759310
-0.769489
-0.778673
-0.783356
-0.781935
-0.776262
-0.770138
-0.761721
-0.746620
-0.733158
-0.721125
-0.713659
-0.710638
-0.707443
-0.707624
-0.708433
-0.705683
-0.696674
-0.680897
-0.671307
-0.665268
-0.663692
-0.663378
-0.665215
-0.674786
-0.688660
-0.707691
-0.728245
-0.745691
-0.763447
-0.778124
-0.785515
-0.785145
-0.779270
-0.767380
-0.768774
-0.780504
-0.793592
-0.801407
-0.808460
-0.806511
-0.797626
-0.781076
-0.758060
-0.733883
-0.710487
-0.692980
-0.676575
-0.659380
-0.646751
-0.637592
-0.632658
-0.629656
-0.623171
-0.618208
-0.612911
-0.610092
-0.608307
-0.604733
-0.607676
-0.614960
-0.629189
-0.646551
-0.662252
-0.678671
-0.692026
-0.706223
-0.719330
-0.727358
-0.736387
-0.746132
-0.758936
-0.770014
-0.778564
-0.788158
-0.798647
-0.811514
-0.822369
-0.827139
-0.831354
-0.831545
-0.829914
-0.824930
-0.814974
-0.807241
-0.800287
-0.798084
-0.798199
-0.797501
-0.799164
-0.802883
-0.806314
-0.808355
-0.806080
-0.800869
-0.791601
-0.786386
-0.782621
-0.776632
-0.772015
-0.765457
-0.762188
-0.757496
-0.747135
-0.735197
-0.721289
-0.709618
-0.699196
-0.687878
-0.677319
-0.668013
-0.664507
-0.664333
-0.664394
-0.666143
-0.666712
-0.668127
-0.668407
-0.663679
-0.662849
-0.665947
-0.673515
-0.680660
-0.685837
-0.694668
-0.703529
-0.712252
-0.718884
-0.720808
-0.720081
-0.716259
-0.713257
-0.708658
-0.702440
-0.703808
-0.709150
-0.717419
-0.722864
-0.722885
-0.722853
-0.720823
-0.712103
-0.700062
-0.685368
-0.673048
-0.662966
-0.664991
-0.676268
-0.690948
-0.711563
-0.736692
-0.764610
-0.790054
-0.810125
-0.823990
-0.829161
-0.823519
-0.813406
-0.798389
-0.784338
-0.770121
-0.759922
-0.751049
-0.741623
-0.737579
-0.735462
-0.738523
-0.743977
-0.747953
-0.758247
-0.770935
-0.786655
-0.800312
-0.807882
-0.813152
-0.814352
-0.812321
-0.803558
-0.786427
-0.766781
-0.743048
-0.723141
-0.705780
-0.688116
-0.674955
-0.664413
-0.659145
-0.655922
-0.652145
-0.650459
-0.649160
-0.654770
-0.665358
-0.677027
-0.692833
-0.709911
-0.731796
-0.751703
-0.764896
-0.775291
-0.781721
-0.784899
-0.784103
-0.777390
-0.768532
-0.756487
-0.752783
-0.757292
-0.763378
-0.773619
-0.784719
-0.799589
-0.812967
-0.820101
-0.823977
-0.824135
-0.821575
-0.815315
-0.805120
-0.799334
-0.796949
-0.798500
-0.799631
-0.798395
-0.796654
-0.791792
-0.786207
-0.775183
-0.758900
-0.746700
-0.738415
-0.736013
-0.736740
-0.738464
-0.745527
-0.754971
-0.767643
-0.780338
-0.789679
-0.798700
-0.804642
-0.809608
-0.811941
-0.809935
-0.810200
-0.811474
-0.813463
-0.813650
-0.808884
-0.803520
-0.796268
-0.789993
-0.782129
-0.771046
-0.761444
-0.751905
-0.743982
-0.738485
-0.731270
-0.724600
-0.717752
-0.717583
-0.720383
-0.722542
-0.725405
-0.725773
-0.724886
-0.720230
-0.709507
-0.695999
-0.679752
-0.663965
-0.648884
-0.633253
-0.621706
-0.612549
-0.617380
-0.633194
-0.653721
-0.680099
-0.707190
-0.734459
-0.757473
-0.772411
-0.782135
-0.784897
-0.784595
-0.781597
-0.774519
-0.768145
-0.762459
-0.760267
-0.759098
-0.756325
-0.755325
-0.753820
-0.760883
-0.771339
-0.781284
-0.792183
-0.800966
-0.810751
-0.816454
-0.816563
-0.813974
-0.807106
-0.802362
-0.798189
-0.789928
-0.781727
-0.773972
-0.768715
-0.763046
-0.751719
-0.736286
-0.716110
-0.700924
-0.687899
-0.672968
-0.659954
-0.649126
-0.642912
-0.638338
-0.633091
-0.628393
-0.624674
-0.625252
-0.627083
-0.629280
-0.633692
-0.640888
-0.649424
-0.658737
-0.668139
-0.680201
-0.692108
-0.704432
-0.715977
-0.725170
-0.736258
-0.746315
-0.760683
-0.777721
-0.792213
-0.804270
-0.812979
-0.819609
-0.820688
-0.812515
-0.798325
-0.780416
-0.763357
-0.745480
-0.726736
-0.715075
-0.711557
-0.716928
-0.727198
-0.739553
-0.754398
-0.768847
-0.781805
-0.790333
-0.792614
-0.789946
-0.781853
-0.777983
-0.775076
-0.770403
-0.765732
-0.759924
-0.756378
-0.752613
-0.745296
-0.735437
-0.722221
-0.713938
-0.709633
-0.707026
-0.708324
-0.713045
-0.725254
-0.739895
-0.753038
-0.763401
-0.770313
-0.777086
-0.782602
-0.784801
-0.789454
-0.796009
-0.808069
-0.821650
-0.833014
-0.844614
-0.853998
-0.860346
-0.863434
-0.860378
-0.854776
-0.845018
-0.835014
-0.824461
-0.813356
-0.808956
-0.810255
-0.818279
-0.827568
-0.835897
-0.843910
-0.848175
-0.850433
-0.849607
-0.842884
-0.835154
-0.826185
-0.818293
-0.809444
-0.798529
-0.788460
-0.778381
-0.769709
-0.759012
-0.743710
-0.728857
-0.713757
-0.700344
-0.687265
-0.674431
-0.669954
-0.672066
-0.680565
-0.692041
-0.701717
-0.712751
-0.723402
-0.734386
-0.743412
-0.748983
-0.755447
-0.762392
-0.771595
-0.782982
-0.792809
-0.806253
-0.821381
-0.836452
-0.849831
-0.858532
-0.863989
-0.863766
-0.855247
-0.842899
-0.827524
-0.816896
-0.809057
-0.806057
-0.806633
-0.808577
-0.814714
-0.821377
-0.828485
-0.833965
-0.835365
-0.835682
-0.831411
-0.828663
-0.826262
-0.820501
-0.818270
-0.817320
-0.818367
-0.820642
-0.821331
-0.819775
-0.815218
-0.812042
-0.809492
-0.804115
-0.798208
-0.789875
-0.783001
-0.775536
-0.764101
-0.750839
-0.734859
-0.724571
-0.720392
-0.718555
-0.720535
-0.725304
-0.730606
-0.735153
-0.737822
-0.739227
-0.739227
-0.742844
-0.749203
-0.756269
-0.767206
-0.780102
-0.797518
-0.816124
-0.831139
-0.843750
-0.852081
-0.859787
-0.865599
-0.867041
-0.866282
-0.865417
-0.864254
-0.860937
-0.853397
-0.846092
-0.835007
-0.823704
-0.810987
-0.798304
-0.788565
-0.781435
-0.778906
-0.779015
-0.778818
-0.780062
-0.782347
-0.790646
-0.799850
-0.807697
-0.813753
-0.817581
-0.820911
-0.820782
-0.814157
-0.805714
-0.791489
-0.776995
-0.761051
-0.741798
-0.721992
-0.701336
-0.684942
-0.672222
-0.661251
-0.655630
-0.654522
-0.658504
-0.664740
-0.670742
-0.676487
-0.681080
-0.686480
-0.691725
-0.695137
-0.699268
-0.704506
-0.715067
-0.729090
-0.743002
-0.758434
-0.773617
-0.789301
-0.803326
-0.812868
-0.821556
-0.827917
-0.833317
-0.838167
-0.839844
-0.840124
-0.839905
-0.843784
-0.850262
-0.854147
-0.853981
-0.852945
-0.852976
-0.851301
-0.845722
-0.837744
-0.825348
-0.815521
-0.805939
-0.794771
-0.782902
-0.771864
-0.764860
-0.758923
-0.752028
-0.745985
-0.741608
-0.743591
-0.751163
-0.761034
-0.773592
-0.786421
-0.801432
-0.817097
-0.832403
-0.847408
-0.858444
-0.867306
-0.872400
-0.867952
-0.860712
-0.850723
-0.837275
-0.820763
-0.801414
-0.783806
-0.767624
-0.751308
-0.735596
-0.718449
-0.703238
-0.689047
-0.676558
-0.664389
-0.652321
-0.645893
-0.644625
-0.650928
-0.660995
-0.671911
-0.684845
-0.697882
-0.711002
-0.722954
-0.732880
-0.742582
-0.750750
-0.758503
-0.764540
-0.767672
-0.773991
-0.782965
-0.794701
-0.806908
-0.818386
-0.830133
-0.840454
-0.850679
-0.859352
-0.864899
-0.872425
-0.880617
-0.888845
-0.897305
-0.903629
-0.907366
-0.908806
-0.906694
-0.899902
-0.888805
-0.879652
-0.872776
-0.869047
-0.865709
-0.861914
-0.857864
-0.852898
-0.847357
-0.840553
-0.833206
-0.821926
-0.810654
-0.805908
-0.805948
-0.808987
-0.814478
-0.821535
-0.829737
-0.835249
-0.836618
-0.835451
-0.831976
-0.829336
-0.827034
-0.823967
-0.821339
-0.820227
-0.822119
-0.824192
-0.823954
-0.821049
-0.814606
-0.807394
-0.798889
-0.787115
-0.775560
-0.765593
-0.758595
-0.753019
-0.745844
-0.737812
-0.728710
-0.720963
-0.712225
-0.701853
-0.693235
-0.686279
-0.683411
-0.684620
-0.686443
-0.690027
-0.696499
-0.704491
-0.712082
-0.716061
-0.719036
-0.721340
-0.725018
-0.728399
-0.732475
-0.738995
-0.747208
-0.757790
-0.769808
-0.781300
-0.793402
-0.805037
-0.818638
-0.830965
-0.840775
-0.850666
-0.859491
-0.866308
-0.870943
-0.871769
-0.871067
-0.869425
-0.868980
-0.868719
-0.868515
-0.871876
-0.878109
-0.887295
-0.898493
-0.910500
-0.922575
-0.933058
-0.941059
-0.946730
-0.951267
-0.955746
-0.957357
-0.960358
-0.961155
-0.960089
-0.958775
-0.954617
-0.948870
-0.940994
-0.932289
-0.923658
-0.915154
-0.908993
-0.904261
-0.901402
-0.898493
-0.895077
-0.892338
-0.888935
-0.883181
-0.875656
-0.867252
-0.859438
-0.852285
-0.845833
-0.842575
-0.843000
-0.847864
-0.855049
-0.862337
-0.871384
-0.880602
-0.889532
-0.896296
-0.899733
-0.903166
-0.905893
-0.906385
-0.905039
-0.900711
-0.895613
-0.890724
-0.887276
-0.884153
-0.880527
-0.876598
-0.873550
-0.873537
-0.877047
-0.882401
-0.887539
-0.891426
-0.894344
-0.887224
-0.851139
-0.780094
-0.681263
-0.568787
-0.453510
-0.348820
-0.267811
-0.217470
-0.199703
-0.209650
-0.234951
-0.265507
-0.293938
-0.316092
-0.333263
-0.346193
-0.358370
-0.370850
-0.385754
-0.402855
-0.422052
-0.440952
-0.458447
-0.473072
-0.482748
-0.486900
-0.487617
-0.487286
-0.487679
-0.490889
-0.495977
-0.504627
-0.515596
-0.527517
-0.539610
-0.550734
-0.560925
-0.570837
-0.583113
-0.595795
-0.607832
-0.619312
-0.630365
-0.641396
-0.651577
-0.659302
-0.665243
-0.670364
-0.674274
-0.677519
-0.679234
-0.681650
-0.685200
-0.689070
-0.694302
-0.699848
-0.705898
-0.711754
-0.717543
-0.721643
-0.723328
-0.726072
-0.727694
-0.729582
-0.732393
-0.734512
-0.739189
-0.743645
-0.748146
-0.752644
-0.756609
-0.759968
-0.761621
-0.764776
-0.768883
-0.773790
-0.779003
-0.784704
-0.790009
-0.794352
-0.798695
-0.802132
-0.804651
-0.806389
-0.806934
-0.807772
-0.809605
-0.811905
-0.815180
-0.818054
-0.822123
-0.826187
-0.829752
-0.832111
-0.833630
-0.835135
-0.835516
-0.835590
-0.835266
-0.833080
-0.829834
-0.826485
-0.823063
-0.818220
-0.811388
-0.803614
-0.795124
-0.785818
-0.777065
-0.768740
-0.760353
-0.753592
-0.747959
-0.744930
-0.742706
-0.741693
-0.740250
-0.739235
-0.739788
-0.741608
-0.742580
-0.743315
-0.743406
-0.743935
-0.744072
-0.744122
-0.743816
-0.742445
-0.741812
-0.739706
-0.737156
-0.734322
-0.730928
-0.727032
-0.722790
-0.719584
-0.716969
-0.713747
-0.709389
-0.705511
-0.702166
-0.700609
-0.698940
-0.698940
-0.698936
-0.698301
-0.698847
-0.700218
-0.701874
-0.703571
-0.704327
-0.705376
-0.707361
-0.709425
-0.710892
-0.712082
-0.712912
-0.713583
-0.713837
-0.714066
-0.714806
-0.716427
-0.717989
-0.719597
-0.720230
-0.720804
-0.720308
-0.721275
-0.722355
-0.724583
-0.726063
-0.727114
-0.728210
-0.729683
-0.731617
-0.731239
-0.731421
-0.732647
-0.733185
-0.734554
-0.735535
-0.736158
-0.737354
-0.738464
-0.739649
-0.740917
-0.742462
-0.742929
-0.742298
-0.741779
-0.741556
-0.741577
-0.741745
-0.742050
-0.742468
-0.741522
-0.741417
-0.740744
-0.740826
-0.742153
-0.743225
-0.744080
-0.744087
-0.743477
-0.743647
-0.743906
-0.742977
-0.741388
-0.739933
-0.740358
-0.740059
-0.739164
-0.738243
-0.738716
-0.738186
-0.737068
-0.735729
-0.734364
-0.731852
-0.730141
-0.729300
-0.729813
-0.729729
-0.728855
-0.727449
-0.725204
-0.724600
-0.723860
-0.722843
-0.721298
-0.718424
-0.716213
-0.715258
-0.713913
-0.712364
-0.710447
-0.708462
-0.706427
-0.705055
-0.703274
-0.701124
-0.697653
-0.694902
-0.692474
-0.690195
-0.687933
-0.685488
-0.684093
-0.681610
-0.677814
-0.675209
-0.672115
-0.669804
-0.666206
-0.661922
-0.659065
-0.656345
-0.653257
-0.650640
-0.647802
-0.644796
-0.641659
-0.637053
-0.632584
-0.628044
-0.623514
-0.618412
-0.614107
-0.610096
-0.606340
-0.603127
-0.599579
-0.595852
-0.591087
-0.585468
-0.579668
-0.573364
-0.566822
-0.559853
-0.553871
-0.548670
-0.544312
-0.540396
-0.534161
-0.529011
-0.522964
-0.516405
-0.509789
-0.503952
-0.499298
-0.495150
-0.489174
-0.483522
-0.478476
-0.474180
-0.470425
-0.466759
-0.464197
-0.461540
-0.458569
-0.456205
-0.451773
-0.445871
-0.439455
-0.433220
-0.429018
-0.423346
-0.416210
-0.407780
-0.399788
-0.392506
-0.384640
-0.377699
-0.371376
-0.365282
-0.360916
-0.355175
-0.348791
-0.342703
-0.335361
-0.327414
-0.320440
-0.312586
-0.304623
-0.297049
-0.290905
-0.284740
-0.278313
-0.270073
-0.261873
-0.255354
-0.247971
-0.239895
-0.230812
-0.222210
-0.214348
-0.206310
-0.199791
-0.193447
-0.185621
-0.179060
-0.171354
-0.164452
-0.155972
-0.147728
-0.139015
-0.129242
-0.119930
-0.109680
-0.100586
-0.092964
-0.085817
-0.080053
-0.072681
-0.065441
-0.058475
-0.050114
-0.040630
-0.030247
-0.019783
-0.009602
0.000355
0.010178
0.018700
0.026295
0.031906
0.038231
0.044899
0.052433
0.060387
0.067835
0.075357
0.081385
0.087788
0.093925
0.098612
0.103598
0.107315
0.111595
0.116442
0.120630
0.124317
0.126593
0.128414
0.129669
0.129257
0.126143
0.120230
0.114845
0.110035
0.104099
0.100445
0.098152
0.097912
0.099918
0.103636
0.110214
0.118233
0.128508
0.140362
0.151543
0.161772
0.170460
0.179550
0.186731
0.188597
0.187691
0.183771
0.178738
0.170671
0.158421
0.143200
0.124847
0.106979
0.091627
0.077946
0.068691
0.062866
0.060390
0.061321
0.064274
0.069099
0.074623
0.080317
0.085899
0.089483
0.092957
0.095554
0.101135
0.107582
0.114712
0.122355
0.129696
0.137093
0.144760
0.150938
0.156677
0.162127
0.169209
0.176542
0.184162
0.194180
0.205647
0.218040
0.231142
0.241249
0.250299
0.257797
0.269011
0.280762
0.291611
0.302227
0.312788
0.324471
0.335403
0.340652
0.342556
0.340826
0.338261
0.333515
0.327652
0.320374
0.313875
0.312485
0.315895
0.321634
0.329937
0.338772
0.349409
0.359039
0.365141
0.368843
0.369141
0.364143
0.357529
0.348927
0.339186
0.329466
0.320547
0.311834
0.301430
0.289324
0.275921
0.265388
0.254608
0.240774
0.226250
0.211929
0.199673
0.188372
0.175856
0.163137
0.149443
0.137413
0.125851
0.114222
0.108280
0.107889
0.111633
0.118238
0.125711
0.134396
0.142105
0.149643
0.157022
0.162567
0.167130
0.169886
0.172382
0.173731
0.171867
0.169088
0.165524
0.165375
0.168419
0.170794
0.175364
0.180796
0.187038
0.191126
0.190289
0.185452
0.175926
0.164507
0.150581
0.135916
0.122576
0.109938
0.100349
0.093801
0.087797
0.083361
0.081099
0.082205
0.084955
0.088110
0.093748
0.102921
0.117929
0.136505
0.156078
0.176582
0.197083
0.215485
0.232948
0.248013
0.259657
0.267241
0.271780
0.274197
0.273716
0.273266
0.271559
0.271902
0.274534
0.275440
0.277946
0.282335
0.289545
0.297104
0.303402
0.309694
0.315123
0.321098
0.324648
0.322830
0.318125
0.311193
0.303684
0.294807
0.283155
0.270662
0.257027
0.243324
0.227840
0.211258
0.196409
0.182230
0.172441
0.165623
0.158268
0.155622
0.155144
0.158314
0.160368
0.160480
0.160839
0.160721
0.161341
0.159801
0.154541
0.148048
0.139864
0.133221
0.126827
0.118828
0.111837
0.106991
0.104921
0.102436
0.099056
0.097712
0.096382
0.095650
0.093821
0.086767
0.077265
0.068872
0.062294
0.056484
0.049154
0.043850
0.040989
0.039906
0.042402
0.048323
0.058306
0.070381
0.086214
0.103409
0.120213
0.138884
0.157600
0.177116
0.195995
0.211821
0.231010
0.250843
0.271482
0.289303
0.301676
0.311563
0.316084
0.317532
0.314367
0.306759
0.297256
0.286831
0.281998
0.281637
0.281389
0.282831
0.283131
0.283661
0.280848
0.271263
0.256035
0.237200
0.215958
0.192583
0.166698
0.144083
0.125265
0.116695
0.114803
0.115898
0.120134
0.124819
0.128159
0.134060
0.139256
0.146494
0.151932
0.160709
0.168159
0.172443
0.175735
0.176371
0.177355
0.177858
0.176968
0.174982
0.168446
0.158932
0.146030
0.128822
0.116489
0.108173
0.107056
0.109175
0.111889
0.116215
0.120413
0.125311
0.128590
0.128841
0.129631
0.129692
0.132790
0.138367
0.143337
0.153233
0.165062
0.176104
0.185194
0.190243
0.200460
0.212540
0.226316
0.238417
0.246342
0.254314
0.258106
0.259811
0.257683
0.251129
0.244656
0.234718
0.228836
0.224455
0.218472
0.213207
0.205547
0.194893
0.184366
0.171854
0.159565
0.144363
0.131844
0.120792
0.110533
0.103668
0.100018
0.103001
0.109196
0.114761
0.121178
0.127411
0.133612
0.138826
0.142029
0.146461
0.150620
0.155581
0.158718
0.156803
0.151802
0.144682
0.139418
0.135422
0.130165
0.129356
0.130939
0.137007
0.144859
0.151470
0.158585
0.164234
0.171167
0.176579
0.180550
0.184837
0.189035
0.195671
0.203409
0.209368
0.221426
0.237011
0.256178
0.275894
0.293861
0.310207
0.322668
0.332071
0.336926
0.334894
0.329227
0.319874
0.307079
0.295916
0.284695
0.275658
0.266125
0.256298
0.244987
0.229362
0.214006
0.198977
0.185202
0.171968
0.159218
0.150745
0.144135
0.142927
0.143950
0.144131
0.147789
0.154209
0.164421
0.175350
0.182974
0.189159
0.192631
0.192852
0.187752
0.175457
0.161341
0.146027
0.137085
0.132809
0.131216
0.134495
0.141581
0.153225
0.166363
0.176294
0.187378
0.198019
0.209354
0.220167
0.226915
0.228054
0.225594
0.225311
0.223677
0.220188
0.220118
0.222828
0.231840
0.243969
0.254467
0.267981
0.281292
0.295631
0.308809
0.315372
0.318663
0.317352
0.312746
0.302923
0.286829
0.268967
0.247070
0.228439
0.211292
0.194191
0.181164
0.172558
0.171963
0.175152
0.177877
0.183439
0.188828
0.194859
0.200062
0.201893
0.200327
0.192158
0.182049
0.170353
0.153093
0.136135
0.120964
0.108938
0.098288
0.088007
0.083309
0.082287
0.088085
0.096426
0.105442
0.122164
0.142019
0.161303
0.181416
0.200111
0.217943
0.231646
0.242687
0.246706
0.245464
0.243170
0.239498
0.236494
0.233133
0.228275
0.222462
0.217382
0.219238
0.222820
0.224112
0.224941
0.223511
0.221746
0.216906
0.205629
0.190269
0.170540
0.152426
0.135036
0.117786
0.104851
0.097076
0.100555
0.111691
0.125092
0.141731
0.157627
0.174374
0.188074
0.194929
0.195763
0.190020
0.184601
0.178364
0.169655
0.162922
0.156382
0.156532
0.159500
0.160978
0.161924
0.160616
0.164488
0.172226
0.180634
0.190685
0.203989
0.222729
0.241375
0.256212
0.267813
0.272751
0.279600
0.285206
0.285349
0.285004
0.284336
0.284878
0.285679
0.282877
0.278820
0.269392
0.261841
0.253555
0.241816
0.230862
0.220182
0.212259
0.205612
0.198076
0.190170
0.180008
0.174034
0.168747
0.159742
0.151772
0.143539
0.138638
0.135090
0.128113
0.120785
0.109385
0.098969
0.089312
0.079844
0.080393
0.088692
0.106621
0.129799
0.152674
0.173815
0.192188
0.212204
0.231085
0.242823
0.251884
0.257454
0.264862
0.270180
0.270176
0.269024
0.262020
0.252438
0.238436
0.219353
0.202618
0.187637
0.183979
0.187014
0.191553
0.201984
0.215420
0.232052
0.246870
0.253807
0.255024
0.246983
0.233398
0.214363
0.190708
0.166338
0.143028
0.127878
0.118568
0.111189
0.110216
0.113668
0.123484
0.135910
0.146397
0.162186
0.180185
0.194653
0.209908
0.223457
0.237186
0.247807
0.255646
0.258251
0.253847
0.246555
0.235395
0.231594
0.232306
0.230560
0.230049
0.230968
0.233227
0.232281
0.224171
0.210526
0.191036
0.172670
0.157574
0.143377
0.135965
0.133274
0.141071
0.154619
0.167303
0.181957
0.194889
0.208370
0.216732
0.216646
0.212576
0.203993
0.199492
0.200047
0.201385
0.205311
0.212048
0.224771
0.240780
0.253372
0.263306
0.269417
0.274662
0.277929
0.277784
0.278322
0.279057
0.289307
0.306648
0.324963
0.345211
0.362846
0.381470
0.396797
0.402920
0.401079
0.387108
0.366114
0.339226
0.305481
0.275410
0.250813
0.236376
0.230736
0.228954
0.232971
0.240543
0.251305
0.259943
0.260853
0.258387
0.249905
0.241796
0.233765
0.222916
0.213469
0.205608
0.208889
0.218040
0.229609
0.245924
0.262791
0.283060
0.302261
0.314232
0.321518
0.323584
0.324488
0.324080
0.319736
0.315496
0.311167
0.311232
0.313189
0.312975
0.312214
0.307846
0.304642
0.299519
0.289742
0.283110
0.279644
0.283401
0.291187
0.298311
0.307550
0.316273
0.325874
0.332518
0.329803
0.322445
0.310207
0.296896
0.282825
0.267506
0.256004
0.246986
0.242670
0.239292
0.235943
0.237572
0.241714
0.255701
0.275677
0.295967
0.318069
0.340446
0.363770
0.384083
0.395935
0.401691
0.401016
0.396336
0.385769
0.367912
0.349571
0.331352
0.324005
0.324404
0.326033
0.329666
0.332092
0.334635
0.333193
0.323441
0.307823
0.284967
0.257992
0.228474
0.194017
0.168365
0.150139
0.142908
0.142687
0.145285
0.152874
0.163197
0.175026
0.186512
0.194424
0.204403
0.214746
0.226681
0.239307
0.250679
0.270851
0.296993
0.329132
0.360348
0.384207
0.406113
0.421431
0.430918
0.430866
0.418480
0.398129
0.372112
0.352468
0.339275
0.326206
0.316990
0.311670
0.313547
0.317520
0.318680
0.320150
0.318525
0.314905
0.306093
0.290047
0.276300
0.265568
0.260532
0.257442
0.252258
0.250019
0.247898
0.247929
0.247803
0.242369
0.244505
0.252022
0.266047
0.283916
0.301752
0.317722
0.333908
0.353344
0.370195
0.379139
0.388517
0.394825
0.400494
0.400883
0.392942
0.377842
0.352757
0.320997
0.286800
0.248716
0.214809
0.187149
0.170753
0.164494
0.162579
0.167522
0.176048
0.190485
0.206181
0.217505
0.226357
0.231554
0.235731
0.237015
0.233639
0.236671
0.242664
0.248913
0.252354
0.253056
0.257305
0.260448
0.272243
0.289322
0.307972
0.332245
0.360746
0.392998
0.423393
0.445433
0.462021
0.469639
0.470045
0.461752
0.443905
0.429953
0.420765
0.418339
0.417177
0.414503
0.410116
0.399399
0.385401
0.368084
0.344372
0.320923
0.297899
0.285149
0.281446
0.282471
0.288925
0.297287
0.308353
0.316355
0.315109
0.305618
0.288076
0.272924
0.260010
0.248320
0.243584
0.244562
0.257343
0.275188
0.291737
0.308027
0.320158
0.332193
0.341499
0.344757
0.354481
0.369215
0.389158
0.410183
0.426010
0.438488
0.445097
0.448048
0.441973
0.425034
0.404476
0.380882
0.360472
0.340948
0.323954
0.318199
0.321491
0.330927
0.344158
0.355324
0.366877
0.374863
0.379368
0.377087
0.364967
0.348034
0.328247
0.316525
0.311321
0.310654
0.318996
0.333807
0.356091
0.379055
0.396183
0.409115
0.414200
0.412846
0.405025
0.389889
0.375004
0.361637
0.360468
0.366718
0.373455
0.382452
0.388737
0.394384
0.395218
0.380232
0.355408
0.322058
0.293262
0.268648
0.246840
0.233196
0.225853
0.226507
0.229652
0.226164
0.219114
0.204117
0.184921
0.163635
0.140923
0.126497
0.121613
0.131033
0.151737
0.178240
0.210651
0.244429
0.280624
0.312681
0.335255
0.351095
0.357759
0.361082
0.360163
0.353477
0.347298
0.339588
0.342169
0.352488
0.365076
0.380384
0.395332
0.412048
0.426332
0.430315
0.427921
0.416714
0.401703
0.381241
0.356234
0.332260
0.308891
0.295673
0.292017
0.289736
0.289124
0.286671
0.285959
0.281940
0.269796
0.252853
0.231709
0.205700
0.183456
0.166840
0.162739
0.166786
0.183308
0.208815
0.234415
0.265894
0.297709
0.331207
0.359707
0.380060
0.393368
0.399387
0.407299
0.415382
0.418634
0.422104
0.423058
0.422247
0.416784
0.400961
0.378420
0.346575
0.317432
0.291637
0.266411
0.248358
0.238129
0.239941
0.248085
0.255472
0.261400
0.261782
0.252346
0.237005
0.217974
0.208824
0.208282
0.219166
0.238144
0.259592
0.286320
0.313152
0.338829
0.359495
0.371340
0.384254
0.397205
0.414959
0.433138
0.449448
0.461201
0.465881
0.466972
0.467901
0.462082
0.451424
0.436230
0.420826
0.401876
0.382298
0.366169
0.350992
0.344872
0.342243
0.337458
0.334381
0.330505
0.330173
0.328438
0.319567
0.309086
0.295338
0.280725
0.264458
0.245306
0.229694
0.220413
0.228645
0.251011
0.280073
0.314892
0.351765
0.383930
0.412062
0.429581
0.440199
0.441757
0.438389
0.428356
0.411341
0.395594
0.378357
0.365961
0.355494
0.343021
0.333471
0.323681
0.317413
0.313623
0.308617
0.298508
0.289036
0.287243
0.289061
0.288887
0.289108
0.286818
0.286386
0.284725
0.278463
0.271742
0.261505
0.252708
0.243103
0.232552
0.225895
0.223537
0.229069
0.240088
0.252134
0.268156
0.285265
0.305241
0.326052
0.343037
0.367250
0.395611
0.425491
0.451912
0.470802
0.485308
0.491982
0.492762
0.484776
0.464893
0.440510
0.411375
0.384327
0.358921
0.334587
0.317097
0.302975
0.295715
0.292137
0.287544
0.284393
0.279390
0.274641
0.267223
0.255871
0.247011
0.238714
0.234734
0.231682
0.227921
0.228422
0.231874
0.240620
0.253258
0.264290
0.282507
0.306036
0.334911
0.364130
0.389259
0.414629
0.436657
0.457352
0.472242
0.477745
0.475540
0.468035
0.458738
0.444019
0.423515
0.402260
0.379877
0.366442
0.357111
0.348852
0.345684
0.343967
0.346220
0.349091
0.347902
0.341930
0.330082
0.318354
0.303989
0.286520
0.271347
0.258606
0.251835
0.247063
0.239122
0.230686
0.220581
0.218241
0.221651
0.227997
0.241207
0.260260
0.288038
0.319065
0.345362
0.365692
0.377542
0.384476
0.384132
0.374422
0.355766
0.331697
0.302425
0.268677
0.232906
0.194813
0.167429
0.151215
0.151871
0.167870
0.198479
0.235531
0.274750
0.308264
0.329494
0.336950
0.328369
0.315397
0.294807
0.264761
0.226532
0.190046
0.159256
0.141809
0.134611
0.138206
0.147224
0.157505
0.172531
0.189764
0.207687
0.224659
0.245750
0.267483
0.283995
0.300188
0.314514
0.325792
0.341152
0.359062
0.380531
0.403349
0.421776
0.435160
0.442043
0.444700
0.440422
0.430264
0.414646
0.394321
0.375950
0.358084
0.352423
0.355825
0.362616
0.368759
0.372355
0.384586
0.401417
0.413496
0.419519
0.417095
0.409670
0.397242
0.376787
0.353226
0.324251
0.290907
0.259333
0.231613
0.212357
0.201782
0.204102
0.215870
0.231436
0.253933
0.278320
0.306831
0.333401
0.353670
0.376205
0.397995
0.423145
0.445415
0.460373
0.472187
0.478401
0.482979
0.482079
0.471666
0.456463
0.437073
0.418016
0.398884
0.376646
0.357779
0.340862
0.331364
0.326128
0.319706
0.314724
0.311039
0.307907
0.303020
0.293858
0.282251
0.268995
0.256950
0.246553
0.234440
0.230843
0.234003
0.243607
0.254824
0.265377
0.278807
0.292242
0.306919
0.319813
0.328484
0.335978
0.341387
0.348522
0.356049
0.361122
0.371477
0.385588
0.402710
0.419098
0.430147
0.439089
0.444038
0.446672
0.444107
0.432043
0.417301
0.399490
0.381802
0.364807
0.347736
0.333878
0.322521
0.316654
0.312670
0.307652
0.304882
0.302343
0.300915
0.296604
0.286901
0.275974
0.263145
0.251518
0.241375
0.230984
0.228701
0.233166
0.245468
0.261641
0.278061
0.299061
0.321480
0.342245
0.357092
0.363651
0.367195
0.367594
0.371216
0.376701
0.383179
0.396942
0.415035
0.437176
0.459854
0.476809
0.488964
0.494890
0.498974
0.497000
0.487204
0.474422
0.458834
0.444618
0.429918
0.411280
0.394125
0.377729
0.366398
0.358732
0.351122
0.345919
0.341381
0.340128
0.338125
0.333328
0.329218
0.323120
0.318420
0.313763
0.305424
0.297779
0.289700
0.284904
0.282324
0.279034
0.283453
0.294115
0.313616
0.337057
0.360760
0.385952
0.409912
0.433411
0.452061
0.463470
0.470215
0.471975
0.473125
0.473316
0.469193
0.466572
0.462975
0.459797
0.457184
0.450401
0.443495
0.433804
0.423410
0.410637
0.394861
0.384346
0.377151
0.373577
0.370708
0.367241
0.365173
0.362139
0.361002
0.357922
0.350307
0.342619
0.333216
0.323734
0.313107
0.300797
0.289787
0.277821
0.273123
0.272102
0.271950
0.275448
0.282375
0.294439
0.307518
0.316586
0.322817
0.327431
0.329910
0.329105
0.325912
0.326332
0.330601
0.345238
0.366802
0.389118
0.413542
0.434441
0.452477
0.463520
0.465141
0.458660
0.444525
0.427553
0.407686
0.385757
0.366714
0.348427
0.337040
0.329311
0.321341
0.315617
0.311440
0.314804
0.322575
0.329294
0.337051
0.345499
0.355795
0.364363
0.365898
0.362904
0.353931
0.342777
0.329885
0.313189
0.297234
0.283157
0.277298
0.276909
0.277719
0.280479
0.283987
0.292093
0.300659
0.304434
0.306763
0.308777
0.311245
0.313267
0.314117
0.317047
0.320683
0.331373
0.345806
0.360809
0.380056
0.400276
0.422287
0.442505
0.456272
0.464087
0.463501
0.458746
0.448681
0.433073
0.415773
0.398302
0.379776
0.360920
0.343834
0.332390
0.322937
0.317196
0.312489
0.306644
0.303366
0.296555
0.288033
0.277006
0.258518
0.237940
0.217400
0.202524
0.190771
0.180988
0.174885
0.169659
0.164440
0.155107
0.142391
0.131081
0.124235
0.125931
0.133739
0.145355
0.163219
0.183395
0.210987
0.241127
0.269009
0.291569
0.316561
0.339594
0.357021
0.366806
0.371098
0.371275
0.373419
0.377201
0.381727
0.392065
0.407007
0.428713
0.451866
0.471375
0.485062
0.489243
0.486565
0.476650
0.459883
0.444763
0.432201
0.422783
0.414751
0.405830
0.392818
0.375591
0.355032
0.337755
0.322247
0.311087
0.302076
0.300640
0.306213
0.315332
0.328997
0.342064
0.348511
0.348942
0.342867
0.331419
0.315174
0.293934
0.269138
0.246304
0.228294
0.214172
0.204456
0.195957
0.187071
0.182295
0.181190
0.184515
0.188347
0.190191
0.194281
0.200306
0.210518
0.223145
0.235683
0.249996
0.265991
0.285532
0.304901
0.321484
0.339186
0.356159
0.375736
0.393250
0.407351
0.420568
0.430758
0.440365
0.446510
0.447275
0.446299
0.442984
0.439400
0.433567
0.425318
0.418972
0.413803
0.411245
0.409084
0.404196
0.398384
0.390215
0.386494
0.382423
0.378448
0.373661
0.367434
0.362312
0.355812
0.346439
0.336678
0.326481
0.322304
0.323372
0.324825
0.329092
0.335876
0.345898
0.355289
0.359493
0.359478
0.353138
0.346081
0.336792
0.325321
0.317055
0.311272
0.309181
0.307266
0.303144
0.297737
0.290880
0.284555
0.278423
0.270452
0.266142
0.266228
0.270359
0.277184
0.285852
0.298098
0.311300
0.324116
0.337542
0.347717
0.358063
0.368038
0.382137
0.397480
0.412405
0.425398
0.434607
0.444969
0.455343
0.463451
0.469925
0.473967
0.480844
0.487762
0.492062
0.495945
0.496510
0.496967
0.496765
0.491121
0.486658
0.482544
0.480091
0.478937
0.477734
0.476351
0.472607
0.467407
0.458618
0.445320
0.430853
0.414160
0.398441
0.383392
0.369743
0.356960
0.345566
0.338264
0.334812
0.331240
0.325682
0.318413
0.313332
0.309776
0.306044
0.305140
0.306444
0.310125
0.314253
0.318310
0.324286
0.330002
0.335276
0.339098
0.337706
0.334366
0.327759
0.322020
0.316799
0.310066
0.303257
0.296305
0.289671
0.281677
0.272703
0.264883
0.256714
0.251064
0.248783
0.247257
0.248585
0.251804
0.256645
0.261461
0.265518
0.269157
0.273001
0.277649
0.282333
0.286648
0.295752
0.307867
0.322308
0.338558
0.354790
0.371740
0.386726
0.400349
0.411385
0.417583
0.421062
0.422852
0.424786
0.426085
0.426512
0.426130
0.425985
0.430782
0.437004
0.443882
0.453476
0.464041
0.476089
0.486652
0.492519
0.497559
0.499672
0.499485
0.495495
0.486134
0.474873
0.462477
0.450626
0.439585
0.428642
0.418335
0.407982
0.399952
0.392136
0.382874
0.372171
0.360785
0.350534
0.341103
0.331146
0.322968
0.316158
0.312046
0.308409
0.303970
0.300066
0.296028
0.295088
0.296116
0.297022
0.298557
0.299843
0.305319
0.312698
0.317493
0.320318
0.321266
0.322390
0.322102
0.318872
0.317118
0.315582
0.315697
0.316578
0.315559
0.314520
0.312529
0.310862
0.306864
0.300520
0.296635
0.294075
0.291943
0.288984
0.283356
0.276850
0.268145
0.258837
0.249828
0.239389
0.230837
0.224205
0.219496
0.217228
0.217243
0.222065
0.230198
0.239674
0.248940
0.256565
0.261677
0.264774
0.266167
0.267027
0.267220
0.268494
0.270929
0.275673
0.281391
0.287199
0.295485
0.304995
0.315941
0.325199
0.333776
0.342957
0.350237
0.357916
0.366997
0.374439
0.380774
0.385992
0.388412
0.388912
0.388460
0.389019
0.389847
0.392044
0.392969
0.394011
0.397856
0.403748
0.410477
0.415966
0.417866
0.418236
0.417912
0.415869
0.411940
0.408018
0.406694
0.407820
0.410591
0.413841
0.417976
0.424578
0.430841
0.436512
0.440950
0.443144
0.444853
0.446604
0.447817
0.447212
0.444599
0.439484
0.434189
0.430111
0.425341
0.419256
0.413391
0.405945
0.397923
0.390030
0.382368
0.374985
0.367542
0.359432
0.351192
0.341776
0.331877
0.321590
0.313152
0.303963
0.295094
0.284861
0.275576
0.268270
0.261543
0.254412
0.248680
0.243864
0.238569
0.234238
0.229940
0.227079
0.226173
0.226318
0.226299
0.225918
0.225029
0.220924
0.217510
0.213871
0.209894
0.206644
0.204584
0.203457
0.204382
0.206284
0.210684
0.216652
0.223278
0.231827
0.239216
0.245411
0.249203
0.252020
0.254896
0.257597
0.258694
0.260012
0.261652
0.264814
0.268654
0.274067
0.280205
0.286789
0.293636
0.298649
0.303280
0.306049
0.308535
0.309349
0.308725
0.306395
0.301941
0.297531
0.292280
0.286629
0.280704
0.274515
0.267897
0.262320
0.257433
0.254099
0.251638
0.249859
0.247108
0.245264
0.244297
0.243851
0.245321
0.247145
0.250139
0.252859
0.253553
0.254824
0.256348
0.256668
0.257034
0.258162
0.259638
0.260193
0.260599
0.260056
0.258789
0.257641
0.256634
0.254232
0.249796
0.244904
0.236778
0.226334
0.214712
0.203735
0.193308
0.181320
0.170538
0.161312
0.154314
0.147259
0.142208
0.139849
0.139500
0.139259
0.138948
0.137920
0.135653
0.132475
0.129124
0.125626
0.123446
0.123669
0.125530
0.128899
0.133308
0.137745
0.141336
0.144464
0.147284
0.149979
0.151083
0.153328
0.155403
0.159304
0.161951
0.165186
0.167276
0.168894
0.171206
0.173904
0.175507
0.176447
0.176861
0.177221
0.176565
0.175980
0.176781
0.177704
0.178860
0.178581
0.178003
0.178429
0.179546
0.180788
0.180895
0.181799
0.182026
0.181658
0.182606
0.184845
0.186310
0.187527
0.188131
0.187557
0.187363
0.188200
0.187897
0.187531
0.187189
0.188023
0.188360
0.188160
0.187744
0.187263
0.185413
0.184311
0.183880
0.183746
0.184011
0.183701
0.183346
0.182953
0.182932
0.182875
0.182812
0.182472
0.181673
0.180710
0.179771
0.179134
0.178640
0.176661
0.174866
0.172503
0.170813
0.170155
0.169170
0.167389
0.165646
0.163946
0.162312
0.160530
0.159510
0.158798
0.157709
0.155060
0.150570
0.147320
0.145504
0.143869
0.142031
0.139812
0.137482
0.134964
0.132454
0.130043
0.126263
0.122129
0.118790
0.116638
0.114956
0.112753
0.110153
0.108681
0.107353
0.105764
0.103611
0.100758
0.096703
0.092083
0.087341
0.083881
0.081158
0.077282
0.073055
0.070309
0.066805
0.062748
0.058998
0.055635
0.052576
0.050739
0.048100
0.044081
0.039423
0.034481
0.029371
0.026615
0.024155
0.021145
0.017775
0.014164
0.010403
0.005838
0.001255
-0.002743
-0.007706
-0.012220
-0.015881
-0.018764
-0.022451
-0.027630
-0.033680
-0.040081
-0.046597
-0.053524
-0.060686
-0.065973
-0.070122
-0.073666
-0.075686
-0.075657
-0.076082
-0.077339
-0.080978
-0.087519
-0.096741
-0.106949
-0.115446
-0.117001
-0.108257
-0.090721
-0.068295
-0.044701
-0.023542
-0.008877
-0.001215
-0.002911
-0.013599
-0.030262
-0.051662
-0.072655
-0.091122
-0.107393
-0.118822
-0.129528
-0.139086
-0.146053
-0.150944
-0.155245
-0.158302
-0.162212
-0.165543
-0.168571
-0.173424
-0.178787
-0.184341
-0.188759
-0.191677
-0.194281
-0.196747
-0.200270
-0.203705
-0.206453
-0.206390
-0.204901
-0.203819
-0.201605
-0.198662
-0.195141
-0.192364
-0.191256
-0.190958
-0.191677
-0.194338
-0.195320
-0.196646
-0.198620
-0.201273
-0.202587
-0.201742
-0.198723
-0.194347
-0.190050
-0.185068
-0.180792
-0.177839
-0.174820
-0.172457
-0.169842
-0.167742
-0.168091
-0.171225
-0.176260
-0.181713
-0.186703
-0.192999
-0.199654
-0.208029
-0.216606
-0.224531
-0.231674
-0.237829
-0.242191
-0.244711
-0.247620
-0.250963
-0.254961
-0.260059
-0.267147
-0.276684
-0.287270
-0.296253
-0.305305
-0.314089
-0.322544
-0.329153
-0.333408
-0.335533
-0.335882
-0.334391
-0.331516
-0.327421
-0.324215
-0.323034
-0.323296
-0.324322
-0.325315
-0.326679
-0.328608
-0.331043
-0.332577
-0.332388
-0.332691
-0.331200
-0.329708
-0.327061
-0.322914
-0.317598
-0.309452
-0.300285
-0.289495
-0.276997
-0.264704
-0.254606
-0.248066
-0.243399
-0.239788
-0.238363
-0.237228
-0.239145
-0.240721
-0.241186
-0.239357
-0.235083
-0.228275
-0.219925
-0.208666
-0.196856
-0.185848
-0.177151
-0.170406
-0.163895
-0.159187
-0.157398
-0.155262
-0.151361
-0.146349
-0.143593
-0.143946
-0.148279
-0.156101
-0.164341
-0.170891
-0.167480
-0.154739
-0.131233
-0.099543
-0.067776
-0.040533
-0.022495
-0.018198
-0.026793
-0.047186
-0.073891
-0.103464
-0.130817
-0.152454
-0.171015
-0.186907
-0.202524
-0.218130
-0.233978
-0.250275
-0.266926
-0.283192
-0.297901
-0.309689
-0.321739
-0.331989
-0.345285
-0.360708
-0.374729
-0.387823
-0.398539
-0.408279
-0.415171
-0.416817
-0.412657
-0.403112
-0.387482
-0.369747
-0.351177
-0.333925
-0.318724
-0.308212
-0.301502
-0.296494
-0.294615
-0.293377
-0.290459
-0.287954
-0.286366
-0.286474
-0.289400
-0.295485
-0.303925
-0.313168
-0.324162
-0.335184
-0.341505
-0.343796
-0.341238
-0.334837
-0.327654
-0.325867
-0.328327
-0.332176
-0.337624
-0.343632
-0.352060
-0.358761
-0.357393
-0.347780
-0.329559
-0.310196
-0.290287
-0.270395
-0.254080
-0.243904
-0.242935
-0.248854
-0.256788
-0.266663
-0.275908
-0.285795
-0.294025
-0.299290
-0.303604
-0.306614
-0.309124
-0.309769
-0.308270
-0.307049
-0.305416
-0.304195
-0.302164
-0.299019
-0.295759
-0.290363
-0.289944
-0.292572
-0.296232
-0.303005
-0.312023
-0.327686
-0.346655
-0.364672
-0.382149
-0.396969
-0.411543
-0.424759
-0.434177
-0.441013
-0.444168
-0.447212
-0.450464
-0.451927
-0.453398
-0.456045
-0.462021
-0.470098
-0.478518
-0.490774
-0.505299
-0.522621
-0.541309
-0.557348
-0.572779
-0.587152
-0.599024
-0.607420
-0.611631
-0.613056
-0.610432
-0.606001
-0.598419
-0.586218
-0.573586
-0.560915
-0.548584
-0.534966
-0.520590
-0.508726
-0.499094
-0.492205
-0.486858
-0.480333
-0.476671
-0.475878
-0.478123
-0.481462
-0.484062
-0.489962
-0.497671
-0.507641
-0.518286
-0.527021
-0.536144
-0.543242
-0.549482
-0.552097
-0.547310
-0.539673
-0.530367
-0.521280
-0.510914
-0.497730
-0.485268
-0.472399
-0.462669
-0.455118
-0.444086
-0.433559
-0.423178
-0.413435
-0.402092
-0.387413
-0.376623
-0.369770
-0.366573
-0.364620
-0.363667
-0.366785
-0.371798
-0.379976
-0.389904
-0.399744
-0.410320
-0.420433
-0.430466
-0.439131
-0.445934
-0.452383
-0.458872
-0.468361
-0.478546
-0.486950
-0.499935
-0.515650
-0.533438
-0.550842
-0.566046
-0.579037
-0.588072
-0.593699
-0.593081
-0.586084
-0.575792
-0.562080
-0.549646
-0.536182
-0.520226
-0.508038
-0.498352
-0.494005
-0.490767
-0.486771
-0.485302
-0.487789
-0.493677
-0.501743
-0.508167
-0.517174
-0.526882
-0.537029
-0.543964
-0.546028
-0.543600
-0.535625
-0.530529
-0.529369
-0.528648
-0.530283
-0.532433
-0.534683
-0.526739
-0.497980
-0.451815
-0.390057
-0.319750
-0.247782
-0.179638
-0.126741
-0.093628
-0.084856
-0.096216
-0.117374
-0.147102
-0.179750
-0.217636
-0.256355
-0.289965
-0.320732
-0.347851
-0.374025
-0.395334
-0.412582
-0.425533
-0.433758
-0.439341
-0.442432
-0.443439
-0.451048
-0.463137
-0.481421
-0.502670
-0.523251
-0.543255
-0.559137
-0.571585
-0.577744
-0.576736
-0.573126
-0.565422
-0.553436
-0.541351
-0.528872
-0.520798
-0.513596
-0.510857
-0.509596
-0.505943
-0.503128
-0.500324
-0.499043
-0.496199
-0.491732
-0.493792
-0.498983
-0.508522
-0.519131
-0.527328
-0.536566
-0.543207
-0.548557
-0.549395
-0.543653
-0.532429
-0.515652
-0.497499
-0.477440
-0.454163
-0.432804
-0.411076
-0.398088
-0.392387
-0.390064
-0.393267
-0.402258
-0.417549
-0.436073
-0.453403
-0.471216
-0.486328
-0.500696
-0.512373
-0.518930
-0.525230
-0.531658
-0.541332
-0.554113
-0.567345
-0.583460
-0.600548
-0.616993
-0.629519
-0.637362
-0.640884
-0.639370
-0.635199
-0.629421
-0.619267
-0.610691
-0.600855
-0.594799
-0.588823
-0.581152
-0.581064
-0.584778
-0.592781
-0.601885
-0.607092
-0.610203
-0.608465
-0.606785
-0.602074
-0.592228
-0.579472
-0.563637
-0.549660
-0.534880
-0.518349
-0.504725
-0.490955
-0.479515
-0.469704
-0.458973
-0.447250
-0.433344
-0.425814
-0.422234
-0.421257
-0.424276
-0.430124
-0.440422
-0.452427
-0.460039
-0.466015
-0.470139
-0.474026
-0.477318
-0.477020
-0.481182
-0.490129
-0.504290
-0.520216
-0.534353
-0.548389
-0.558449
-0.563944
-0.563129
-0.555571
-0.542425
-0.525244
-0.513422
-0.504425
-0.498177
-0.495989
-0.496580
-0.495682
-0.490639
-0.479710
-0.471645
-0.463869
-0.460770
-0.460741
-0.459980
-0.460148
-0.451332
-0.430458
-0.390789
-0.336298
-0.273409
-0.207760
-0.150791
-0.106747
-0.078918
-0.072603
-0.083300
-0.113728
-0.154465
-0.198362
-0.242052
-0.282875
-0.317762
-0.348000
-0.372860
-0.395741
-0.416080
-0.438148
-0.460480
-0.479345
-0.495831
-0.509541
-0.519026
-0.528166
-0.535763
-0.544264
-0.551928
-0.557133
-0.561871
-0.563555
-0.570547
-0.579842
-0.585930
-0.591858
-0.597385
-0.603275
-0.606466
-0.602781
-0.595573
-0.584045
-0.574005
-0.560974
-0.543749
-0.526619
-0.508383
-0.493050
-0.478090
-0.461685
-0.445904
-0.430700
-0.422735
-0.419216
-0.420015
-0.421265
-0.419727
-0.419466
-0.419550
-0.421917
-0.424541
-0.424854
-0.426264
-0.428547
-0.433905
-0.441359
-0.448153
-0.457401
-0.466339
-0.478422
-0.490759
-0.499588
-0.507738
-0.513914
-0.526388
-0.540741
-0.550512
-0.558775
-0.561958
-0.565645
-0.567703
-0.563314
-0.555979
-0.543924
-0.533667
-0.522144
-0.508102
-0.499718
-0.492573
-0.491039
-0.493162
-0.495537
-0.499809
-0.505299
-0.512072
-0.515882
-0.510956
-0.508205
-0.506981
-0.507837
-0.507124
-0.501820
-0.496944
-0.490427
-0.484360
-0.476929
-0.467232
-0.465799
-0.471241
-0.485008
-0.501526
-0.517914
-0.536350
-0.553156
-0.569204
-0.580421
-0.585178
-0.590982
-0.594748
-0.597103
-0.597067
-0.592548
-0.587980
-0.584661
-0.583765
-0.580038
-0.572950
-0.567112
-0.560888
-0.560425
-0.563496
-0.566910
-0.571630
-0.574726
-0.581594
-0.588770
-0.588877
-0.584810
-0.574572
-0.562963
-0.547047
-0.524288
-0.502331
-0.481091
-0.464916
-0.454336
-0.446342
-0.445122
-0.446909
-0.450899
-0.453293
-0.463758
-0.484648
-0.509937
-0.539396
-0.569616
-0.597279
-0.624916
-0.648758
-0.669300
-0.683216
-0.688490
-0.690998
-0.687870
-0.684412
-0.679216
-0.668900
-0.659290
-0.651167
-0.651985
-0.657017
-0.661266
-0.665257
-0.665451
-0.664824
-0.660473
-0.649321
-0.631897
-0.608288
-0.588348
-0.569021
-0.547642
-0.527050
-0.506571
-0.489967
-0.476957
-0.462048
-0.450733
-0.444059
-0.443432
-0.443642
-0.442692
-0.448242
-0.456100
-0.475069
-0.500937
-0.529230
-0.559364
-0.586555
-0.611244
-0.630449
-0.638159
-0.637325
-0.626053
-0.613190
-0.595991
-0.574743
-0.555719
-0.538786
-0.529926
-0.525928
-0.524281
-0.525972
-0.528816
-0.533386
-0.535725
-0.533566
-0.532501
-0.529394
-0.529274
-0.527584
-0.521166
-0.521048
-0.524166
-0.530130
-0.536242
-0.537254
-0.537779
-0.534723
-0.532658
-0.529469
-0.523909
-0.520609
-0.518604
-0.526726
-0.542255
-0.560232
-0.581984
-0.604206
-0.629236
-0.651476
-0.665691
-0.673540
-0.672718
-0.668407
-0.658199
-0.639343
-0.620310
-0.602268
-0.590500
-0.583555
-0.578014
-0.578941
-0.583857
-0.595810
-0.609825
-0.620895
-0.637606
-0.656145
-0.676960
-0.694807
-0.702480
-0.706482
-0.702898
-0.694025
-0.676847
-0.651955
-0.623022
-0.592735
-0.567059
-0.544500
-0.524471
-0.519621
-0.527521
-0.545046
-0.568766
-0.593203
-0.622047
-0.649546
-0.675180
-0.694778
-0.704170
-0.707586
-0.705427
-0.706337
-0.707996
-0.705425
-0.704556
-0.703835
-0.706219
-0.707577
-0.705065
-0.699657
-0.690205
-0.685301
-0.680450
-0.673943
-0.668789
-0.664753
-0.664213
-0.663374
-0.656507
-0.645210
-0.628220
-0.615408
-0.604704
-0.590923
-0.579817
-0.571688
-0.571732
-0.576397
-0.580297
-0.587765
-0.595800
-0.607512
-0.618595
-0.625460
-0.633034
-0.639791
-0.647085
-0.653141
-0.656643
-0.660547
-0.663769
-0.667656
-0.672195
-0.671211
-0.674383
-0.681019
-0.691742
-0.702244
-0.709106
-0.715740
-0.717260
-0.717094
-0.714005
-0.704647
-0.694490
-0.683542
-0.675468
-0.668861
-0.659773
-0.656588
-0.656017
-0.657835
-0.657162
-0.652136
-0.644173
-0.632399
-0.620068
-0.605194
-0.587646
-0.574636
-0.565725
-0.572002
-0.587307
-0.606735
-0.630693
-0.655525
-0.680912
-0.700859
-0.709974
-0.712336
-0.705641
-0.693815
-0.677423
-0.655792
-0.640968
-0.630749
-0.629227
-0.633835
-0.639790
-0.650164
-0.661713
-0.674488
-0.682940
-0.684475
-0.684431
-0.680157
-0.675531
-0.665979
-0.651012
-0.642412
-0.639128
-0.640682
-0.642616
-0.640642
-0.639761
-0.638393
-0.639252
-0.636810
-0.630669
-0.625015
-0.621904
-0.624315
-0.628345
-0.631252
-0.642265
-0.658892
-0.680775
-0.702309
-0.717314
-0.728424
-0.733889
-0.735945
-0.730709
-0.716770
-0.706797
-0.699156
-0.695341
-0.693649
-0.691463
-0.692337
-0.693996
-0.696157
-0.695419
-0.688772
-0.683525
-0.677204
-0.670841
-0.660601
-0.643940
-0.627853
-0.609663
-0.593307
-0.577250
-0.560646
-0.554787
-0.555836
-0.564545
-0.577398
-0.591982
-0.610651
-0.628101
-0.647032
-0.663857
-0.674793
-0.688782
-0.700754
-0.711857
-0.718903
-0.721420
-0.722153
-0.719488
-0.714886
-0.707331
-0.695547
-0.684576
-0.673431
-0.663887
-0.655787
-0.649368
-0.654167
-0.666468
-0.683525
-0.702015
-0.717728
-0.733191
-0.743843
-0.750326
-0.749905
-0.739799
-0.725105
-0.705730
-0.689896
-0.676825
-0.663441
-0.656754
-0.656321
-0.663425
-0.672859
-0.677917
-0.681444
-0.683895
-0.687731
-0.688324
-0.684521
-0.675192
-0.668734
-0.674892
-0.690016
-0.705803
-0.722734
-0.737389
-0.750114
-0.752947
-0.733843
-0.699350
-0.650890
-0.596621
-0.538778
-0.480986
-0.431278
-0.392147
-0.365860
-0.349161
-0.340012
-0.348549
-0.368923
-0.398605
-0.433094
-0.466705
-0.498001
-0.522940
-0.543406
-0.558769
-0.569111
-0.578978
-0.588923
-0.600344
-0.612041
-0.621836
-0.627047
-0.642284
-0.670147
-0.700911
-0.731474
-0.763189
-0.792749
-0.821070
-0.844471
-0.858875
-0.868118
-0.869804
-0.860554
-0.846447
-0.827040
-0.815809
-0.810755
-0.810970
-0.814589
-0.817097
-0.822441
-0.823984
-0.820740
-0.813633
-0.800224
-0.784527
-0.766146
-0.751518
-0.740665
-0.728085
-0.718594
-0.709793
-0.698278
-0.684761
-0.667509
-0.649910
-0.629383
-0.606577
-0.587036
-0.570642
-0.567211
-0.573376
-0.583315
-0.593607
-0.602938
-0.615915
-0.627157
-0.638294
-0.645063
-0.647587
-0.649996
-0.649942
-0.650713
-0.650547
-0.647636
-0.653933
-0.664627
-0.681648
-0.698715
-0.711802
-0.723768
-0.733519
-0.740925
-0.743477
-0.737291
-0.727503
-0.711929
-0.696514
-0.677927
-0.655510
-0.628164
-0.598238
-0.571011
-0.546263
-0.522789
-0.513107
-0.514570
-0.527769
-0.549032
-0.572929
-0.600508
-0.629608
-0.657295
-0.679892
-0.695244
-0.705875
-0.711626
-0.714338
-0.713772
-0.709518
-0.715307
-0.729015
-0.749620
-0.772875
-0.793531
-0.812399
-0.825361
-0.834484
-0.835848
-0.827320
-0.814676
-0.797630
-0.787750
-0.782291
-0.776360
-0.772713
-0.771069
-0.776155
-0.781513
-0.782900
-0.782473
-0.776932
-0.766342
-0.747562
-0.718616
-0.688164
-0.654709
-0.619360
-0.581739
-0.552036
-0.535511
-0.529457
-0.535593
-0.550215
-0.569254
-0.598267
-0.630238
-0.661551
-0.685873
-0.699345
-0.707584
-0.709448
-0.707386
-0.701250
-0.689686
-0.677687
-0.664171
-0.653677
-0.646593
-0.640474
-0.640495
-0.644672
-0.655819
-0.669815
-0.681879
-0.697487
-0.715902
-0.730707
-0.740358
-0.748096
-0.759201
-0.768208
-0.779480
-0.788261
-0.789864
-0.788109
-0.778257
-0.765802
-0.749056
-0.727066
-0.706432
-0.686872
-0.673670
-0.662785
-0.653015
-0.651249
-0.655304
-0.667723
-0.684221
-0.699444
-0.716900
-0.732767
-0.750467
-0.765131
-0.772770
-0.777832
-0.779936
-0.782667
-0.783613
-0.777695
-0.770803
-0.761608
-0.753887
-0.746405
-0.736309
-0.726997
-0.717905
-0.707176
-0.700708
-0.694445
-0.692337
-0.690258
-0.691063
-0.690676
-0.684469
-0.677473
-0.669420
-0.662395
-0.653528
-0.642433
-0.635149
-0.629433
-0.630045
-0.634783
-0.640095
-0.651209
-0.665810
-0.686184
-0.708138
-0.728333
-0.749821
-0.770170
-0.793068
-0.815121
-0.829958
-0.843533
-0.853531
-0.863205
-0.868816
-0.866388
-0.865509
-0.867691
-0.873455
-0.877445
-0.875881
-0.873838
-0.867861
-0.861746
-0.852114
-0.835331
-0.815203
-0.792770
-0.771242
-0.749958
-0.726276
-0.703543
-0.678898
-0.659456
-0.641464
-0.623281
-0.610016
-0.601725
-0.601555
-0.605343
-0.611294
-0.622456
-0.635637
-0.654839
-0.675173
-0.692232
-0.708170
-0.720690
-0.734335
-0.744835
-0.747446
-0.749151
-0.747646
-0.745813
-0.742851
-0.735653
-0.728052
-0.720499
-0.715958
-0.711067
-0.705315
-0.703333
-0.703697
-0.709639
-0.715963
-0.718437
-0.719542
-0.718882
-0.719374
-0.718729
-0.713230
-0.699764
-0.678991
-0.653084
-0.628933
-0.615932
-0.610392
-0.606859
-0.609949
-0.619896
-0.630661
-0.646381
-0.663111
-0.687000
-0.715086
-0.742601
-0.769279
-0.793015
-0.816050
-0.835987
-0.846794
-0.853321
-0.852976
-0.850746
-0.844416
-0.831175
-0.814222
-0.794312
-0.778481
-0.765688
-0.750347
-0.738705
-0.728687
-0.724070
-0.722582
-0.721703
-0.724136
-0.726080
-0.735174
-0.745037
-0.750544
-0.754930
-0.756052
-0.755184
-0.747992
-0.732550
-0.714235
-0.692331
-0.669062
-0.644695
-0.619591
-0.594471
-0.571280
-0.559696
-0.558920
-0.564835
-0.582119
-0.607094
-0.640615
-0.675325
-0.706224
-0.736267
-0.762047
-0.781319
-0.791758
-0.791821
-0.788813
-0.782394
-0.778309
-0.775646
-0.770426
-0.763872
-0.756235
-0.752522
-0.751024
-0.747692
-0.747902
-0.748360
-0.754833
-0.762470
-0.767954
-0.777071
-0.787531
-0.800886
-0.813210
-0.818941
-0.821026
-0.818426
-0.816662
-0.812891
-0.805300
-0.796989
-0.785328
-0.777189
-0.769264
-0.760040
-0.750345
-0.740053
-0.732418
-0.726173
-0.717714
-0.712564
-0.709633
-0.710302
-0.711405
-0.710966
-0.713856
-0.717356
-0.727533
-0.738995
-0.746958
-0.757330
-0.767241
-0.782917
-0.800789
-0.815037
-0.827267
-0.835714
-0.841812
-0.842781
-0.833710
-0.820612
-0.802008
-0.782965
-0.763834
-0.743221
-0.726511
-0.711897
-0.704615
-0.699862
-0.694868
-0.690811
-0.685352
-0.680199
-0.671141
-0.656551
-0.640644
-0.624039
-0.606926
-0.589508
-0.571033
-0.558716
-0.553007
-0.557140
-0.568531
-0.584213
-0.607332
-0.634834
-0.666048
-0.698259
-0.726936
-0.752752
-0.774534
-0.792835
-0.807644
-0.815788
-0.820602
-0.823673
-0.827753
-0.830400
-0.830788
-0.831581
-0.830011
-0.834799
-0.841896
-0.846394
-0.850370
-0.850664
-0.853260
-0.853397
-0.848156
-0.841047
-0.829849
-0.819099
-0.806828
-0.791027
-0.774483
-0.758781
-0.744253
-0.729446
-0.714018
-0.701235
-0.689617
-0.680613
-0.674326
-0.668056
-0.664040
-0.661236
-0.661755
-0.663967
-0.666559
-0.668362
-0.668119
-0.667994
-0.666159
-0.662952
-0.657650
-0.651787
-0.649969
-0.650461
-0.650589
-0.655897
-0.665344
-0.680655
-0.697971
-0.714838
-0.734884
-0.754984
-0.775925
-0.792862
-0.802973
-0.812653
-0.818541
-0.822521
-0.822805
-0.817699
-0.809801
-0.799534
-0.791222
-0.782822
-0.771482
-0.768381
-0.769835
-0.778322
-0.790161
-0.801025
-0.813494
-0.823633
-0.832712
-0.838814
-0.837765
-0.833933
-0.825422
-0.815212
-0.802059
-0.785307
-0.766718
-0.748117
-0.734838
-0.723244
-0.712309
-0.705769
-0.701260
-0.702703
-0.707451
-0.712545
-0.721607
-0.733004
-0.747498
-0.762838
-0.776184
-0.790035
-0.802761
-0.816463
-0.829584
-0.839722
-0.849443
-0.859150
-0.870426
-0.880577
-0.886604
-0.891937
-0.893038
-0.894182
-0.893982
-0.888723
-0.883196
-0.875172
-0.867210
-0.859512
-0.850147
-0.844362
-0.839344
-0.837305
-0.835583
-0.831631
-0.828861
-0.827108
-0.826838
-0.826654
-0.823311
-0.819695
-0.814831
-0.811069
-0.807400
-0.799419
-0.791172
-0.780758
-0.770742
-0.761068
-0.747618
-0.733698
-0.720915
-0.710361
-0.699854
-0.689266
-0.683420
-0.680174
-0.680700
-0.683538
-0.685680
-0.691254
-0.698545
-0.709812
-0.723515
-0.736128
-0.750507
-0.764946
-0.781643
-0.798447
-0.811556
-0.824383
-0.835415
-0.846184
-0.853470
-0.855326
-0.856037
-0.853127
-0.852455
-0.852621
-0.850666
-0.847233
-0.841564
-0.839075
-0.835800
-0.828331
-0.821682
-0.813868
-0.807228
-0.800888
-0.794025
-0.790499
-0.788727
-0.791834
-0.797295
-0.801075
-0.808641
-0.817261
-0.828461
-0.836699
-0.841743
-0.842268
-0.839069
-0.830910
-0.817753
-0.798306
-0.779909
-0.759651
-0.742668
-0.728815
-0.716082
-0.706394
-0.699652
-0.699085
-0.702164
-0.705208
-0.711853
-0.719248
-0.730347
-0.741776
-0.750954
-0.764507
-0.779732
-0.797474
-0.815660
-0.831772
-0.846642
-0.856478
-0.864870
-0.868956
-0.867119
-0.861748
-0.853407
-0.843410
-0.831301
-0.815453
-0.796228
-0.774477
-0.763498
-0.760101
-0.761618
-0.768978
-0.778559
-0.792721
-0.805561
-0.813185
-0.814512
-0.808714
-0.796467
-0.780987
-0.760708
-0.741817
-0.723860
-0.713955
-0.710255
-0.708832
-0.711056
-0.716114
-0.724646
-0.731447
-0.731049
-0.725460
-0.713551
-0.695442
-0.676342
-0.658371
-0.643307
-0.631302
-0.628227
-0.630390
-0.635498
-0.644438
-0.656553
-0.671730
-0.684507
-0.692299
-0.698805
-0.702829
-0.710327
-0.718981
-0.725048
-0.732574
-0.743025
-0.756973
-0.770769
-0.781521
-0.789396
-0.795343
-0.802038
-0.808737
-0.812729
-0.816696
-0.820549
-0.828451
-0.838333
-0.847174
-0.855906
-0.862549
-0.867613
-0.870079
-0.866859
-0.861168
-0.851824
-0.841679
-0.829132
-0.813629
-0.799500
-0.787136
-0.780390
-0.777134
-0.774366
-0.779156
-0.788679
-0.801722
-0.816683
-0.830526
-0.843847
-0.854576
-0.863422
-0.869556
-0.871128
-0.869352
-0.867170
-0.866365
-0.862888
-0.856283
-0.849745
-0.840578
-0.834787
-0.831324
-0.826115
-0.820557
-0.814825
-0.811022
-0.803909
-0.791328
-0.776535
-0.759205
-0.744215
-0.729424
-0.714977
-0.702480
-0.691450
-0.683756
-0.678347
-0.675303
-0.673325
-0.673262
-0.678926
-0.689945
-0.703165
-0.717203
-0.730383
-0.744522
-0.757887
-0.766193
-0.772657
-0.775784
-0.780655
-0.788235
-0.795004
-0.803310
-0.812408
-0.824619
-0.837858
-0.849760
-0.859545
-0.865318
-0.869715
-0.871473
-0.868570
-0.866264
-0.863789
-0.862959
-0.862726
-0.861738
-0.860537
-0.856998
-0.853062
-0.848335
-0.842546
-0.833298
-0.820297
-0.812704
-0.809080
-0.809114
-0.811100
-0.814859
-0.821815
-0.828968
-0.832317
-0.835369
-0.838873
-0.841511
-0.842415
-0.839912
-0.835968
-0.829681
-0.824184
-0.820219
-0.815807
-0.817200
-0.820314
-0.822706
-0.823746
-0.822092
-0.822586
-0.822292
-0.820915
-0.820082
-0.818014
-0.815968
-0.813259
-0.811611
-0.807766
-0.800093
-0.791716
-0.781237
-0.772003
-0.761560
-0.749044
-0.733784
-0.720196
-0.712017
-0.706940
-0.702841
-0.700285
-0.698870
-0.700756
-0.701956
-0.701096
-0.702309
-0.704420
-0.710766
-0.718706
-0.724949
-0.732349
-0.739300
-0.747959
-0.755207
-0.761251
-0.767746
-0.774473
-0.783791
-0.793598
-0.803192
-0.813324
-0.823881
-0.833885
-0.843040
-0.849239
-0.852898
-0.854343
-0.858519
-0.864689
-0.871161
-0.878647
-0.886244
-0.895081
-0.902943
-0.911222
-0.918259
-0.924028
-0.930717
-0.938286
-0.945030
-0.950840
-0.954481
-0.958607
-0.959787
-0.958048
-0.955191
-0.948441
-0.941685
-0.934143
-0.926699
-0.919540
-0.911854
-0.905954
-0.901112
-0.894602
-0.886839
-0.877806
-0.871078
-0.866325
-0.861893
-0.858156
-0.853960
-0.852949
-0.855852
-0.859510
-0.863195
-0.866955
-0.873428
-0.880491
-0.887312
-0.893124
-0.896639
-0.900341
-0.902893
-0.901653
-0.897213
-0.891802
-0.886271
-0.880356
-0.873129
-0.869114
-0.867466
-0.868401
-0.871250
-0.873447
-0.877800
-0.882811
-0.886229
-0.888155
-0.886951
-0.883224
-0.877224
-0.870071
-0.860512
-0.849531
-0.837381
-0.825312
-0.814602
-0.806696
-0.800060
-0.794003
-0.787415
-0.782785
-0.777477
-0.769993
-0.762098
-0.753498
-0.745829
-0.737198
-0.727484
-0.717257
-0.707954
-0.703728
-0.702993
-0.702114
-0.702278
-0.704380
-0.706678
-0.708303
-0.707090
-0.704916
-0.701675
-0.697315
-0.691143
-0.684151
-0.679247
-0.675013
-0.674767
-0.677721
-0.682100
-0.688103
-0.694933
-0.703014
-0.710857
-0.717224
-0.722403
-0.726957
-0.732712
-0.738184
-0.741919
-0.746929
-0.752586
-0.760586
-0.769760
-0.777952
-0.785671
-0.793522
-0.801107
-0.808453
-0.812761
-0.815664
-0.818054
-0.820381
-0.823271
-0.825420
-0.827902
-0.830626
-0.834385
-0.837687
-0.840597
-0.842018
-0.842306
-0.842762
-0.843346
-0.842361
-0.842392
-0.842972
-0.843513
-0.843870
-0.843845
-0.843403
-0.840460
-0.837353
-0.835522
-0.835503
-0.838051
-0.841673
-0.846109
-0.851431
-0.857510
-0.864172
-0.869539
-0.873131
-0.875711
-0.877001
-0.877865
-0.878941
-0.880495
-0.883469
-0.885290
-0.886274
-0.887617
-0.889406
-0.890615
-0.890553
-0.889622
-0.887072
-0.883892
-0.880020
-0.875055
-0.870747
-0.866264
-0.860270
-0.853590
-0.846014
-0.838993
-0.832487
-0.824053
-0.816071
-0.809160
-0.803766
-0.798157
-0.794695
-0.791563
-0.787939
-0.785328
-0.782564
-0.779001
-0.776094
-0.774500
-0.773232
-0.772627
-0.771219
-0.769327
-0.766859
-0.763655
-0.760920
-0.758324
-0.756151
-0.753283
-0.750410
-0.747271
-0.746071
-0.743841
-0.739868
-0.736492
-0.732052
-0.728109
-0.723804
-0.719505
-0.715061
-0.712429
-0.711485
-0.711405
-0.711473
-0.710819
-0.710171
-0.711258
-0.712738
-0.713331
-0.714052
-0.714094
-0.714815
-0.717163
-0.719587
-0.721931
-0.723263
-0.724161
-0.726034
-0.728659
-0.730564
-0.732290
-0.733803
-0.734238
-0.734365
-0.735470
-0.736027
-0.736736
-0.738100
-0.738153
-0.738941
-0.739355
-0.740095
-0.739443
-0.738895
-0.738422
-0.738337
-0.738586
-0.739368
-0.740038
-0.741081
-0.741121
-0.741655
-0.741186
-0.740616
-0.740345
-0.740265
-0.740250
-0.740267
-0.740526
-0.740698
-0.739552
-0.739578
-0.738680
-0.738289
-0.737091
-0.735338
-0.735250
-0.734797
-0.734980
-0.735910
-0.736633
-0.737230
-0.737221
-0.737478
-0.736195
-0.734909
-0.732777
-0.730276
-0.729254
-0.728912
-0.727566
-0.725010
-0.723207
-0.722597
-0.720781
-0.719469
-0.717871
-0.716621
-0.715693
-0.713427
-0.710932
-0.708384
-0.706207
-0.704239
-0.702091
-0.699257
-0.695169
-0.690464
-0.686771
-0.682854
-0.679941
-0.677444
-0.674091
-0.671343
-0.668890
-0.666880
-0.664484
-0.661852
-0.658222
-0.654654
-0.651205
-0.647511
-0.643749
-0.640200
-0.637001
-0.633307
-0.630474
-0.627089
-0.624584
-0.620960
-0.617521
-0.613110
-0.609129
-0.604866
-0.602026
-0.599491
-0.595482
-0.590799
-0.585752
-0.581053
-0.576628
-0.571819
-0.566431
-0.562159
-0.557108
-0.550987
-0.544893
-0.539783
-0.536934
-0.534931
-0.532911
-0.529739
-0.525162
-0.520409
-0.515020
-0.508959
-0.501202
-0.492586
-0.484074
-0.475830
-0.468300
-0.461599
-0.455568
-0.449373
-0.443485
-0.438002
-0.431683
-0.426294
-0.421764
-0.416901
-0.410179
-0.402977
-0.396435
-0.391153
-0.384304
-0.376385
-0.367826
-0.358999
-0.350372
-0.341633
-0.333477
-0.326117
-0.319456
-0.313551
-0.307539
-0.301497
-0.294270
-0.286638
-0.277826
-0.267700
-0.258579
-0.249691
-0.242174
-0.235937
-0.229692
-0.224457
-0.217747
-0.209908
-0.201588
-0.192558
-0.182753
-0.172016
-0.162045
-0.154116
-0.147350
-0.140835
-0.134995
-0.128283
-0.122286
-0.114956
-0.107708
-0.098932
-0.089584
-0.081734
-0.072859
-0.063383
-0.054052
-0.045204
-0.037445
-0.030891
-0.025724
-0.019751
-0.013582
-0.008188
-0.001875
0.005795
0.014149
0.022528
0.029516
0.037727
0.046206
0.055399
0.064478
0.071287
0.078165
0.083679
0.090233
0.096054
0.100107
0.103102
0.105377
0.107615
0.109386
0.107578
0.105679
0.103878
0.103281
0.103634
0.102623
0.101908
0.100653
0.100805
0.102036
0.103634
0.106314
0.109861
0.114498
0.118458
0.121267
0.124252
0.126499
0.127575
0.127895
0.125847
0.124905
0.124414
0.121387
0.116764
0.108517
0.101460
0.094875
0.089237
0.084805
0.081562
0.081337
0.083818
0.088083
0.092623
0.098192
0.103859
0.108110
0.110538
0.112579
0.114145
0.115543
0.116402
0.117863
0.118774
0.118877
0.121738
0.127464
0.136337
0.145996
0.154495
0.162630
0.170717
0.179787
0.188889
0.197227
0.203955
0.211060
0.219221
0.227398
0.234661
0.243452
0.253143
0.262360
0.271130
0.278463
0.285120
0.290459
0.298899
0.308649
0.317760
0.323517
0.326408
0.330667
0.334627
0.335270
0.334671
0.333403
0.333149
0.333885
0.334301
0.333237
0.331392
0.330658
0.328968
0.327183
0.327602
0.328888
0.330692
0.331047
0.329788
0.327618
0.323128
0.317108
0.310535
0.299091
0.287235
0.274990
0.264290
0.251894
0.239408
0.227678
0.216150
0.206722
0.197906
0.188152
0.179178
0.171164
0.164886
0.157938
0.149368
0.142761
0.135433
0.129984
0.124550
0.119297
0.116041
0.114832
0.117626
0.123453
0.128620
0.137070
0.146618
0.157314
0.167782
0.175259
0.180033
0.181932
0.183735
0.184853
0.183371
0.180380
0.175674
0.172842
0.170500
0.167454
0.166176
0.163910
0.162743
0.161850
0.158215
0.153332
0.146767
0.138931
0.130205
0.117901
0.106699
0.098333
0.094156
0.091755
0.090332
0.090908
0.092440
0.095707
0.099964
0.103273
0.110039
0.118238
0.129913
0.142349
0.154104
0.168125
0.181973
0.196560
0.208481
0.216263
0.223061
0.229839
0.236256
0.240910
0.242241
0.247219
0.253506
0.262680
0.272091
0.279896
0.288145
0.295025
0.301121
0.305641
0.307823
0.305864
0.299843
0.292246
0.284588
0.275597
0.266485
0.256096
0.248545
0.244333
0.241985
0.242474
0.244312
0.248123
0.252312
0.253307
0.252487
0.249390
0.247364
0.245438
0.239605
0.233583
0.226818
0.220467
0.212500
0.201252
0.187847
0.172581
0.158691
0.146328
0.133190
0.123222
0.115442
0.110760
0.107773
0.102776
0.097637
0.091333
0.088234
0.085224
0.080231
0.075457
0.071255
0.068413
0.063475
0.054638
0.047291
0.040989
0.038012
0.036022
0.034302
0.035334
0.038322
0.044422
0.049770
0.052797
0.057613
0.063877
0.069811
0.075428
0.080879
0.089203
0.106739
0.128267
0.150299
0.169910
0.188595
0.202787
0.210340
0.210083
0.203602
0.196651
0.191290
0.192265
0.199867
0.212116
0.225744
0.237789
0.248558
0.255207
0.253677
0.246332
0.235718
0.220926
0.208885
0.199959
0.194759
0.191738
0.191957
0.193451
0.192997
0.186359
0.177467
0.170031
0.161598
0.150059
0.140217
0.131266
0.129240
0.129120
0.128000
0.127781
0.127964
0.129881
0.132893
0.134287
0.136841
0.137806
0.139730
0.140326
0.137140
0.133091
0.127775
0.124540
0.121746
0.117130
0.112879
0.106483
0.098965
0.088215
0.075912
0.065266
0.055840
0.051376
0.050297
0.049067
0.049982
0.051996
0.057671
0.064240
0.070766
0.083876
0.102236
0.125372
0.148861
0.168503
0.187777
0.204535
0.218584
0.228346
0.231453
0.234745
0.238972
0.245113
0.251333
0.256775
0.264101
0.272043
0.279411
0.282700
0.279610
0.273834
0.263485
0.257221
0.252102
0.247927
0.244282
0.238358
0.234758
0.231106
0.221508
0.207558
0.189093
0.167660
0.146141
0.124931
0.107262
0.093063
0.090267
0.095325
0.101395
0.110521
0.119467
0.129850
0.138359
0.142801
0.146049
0.145706
0.144924
0.140322
0.132286
0.123251
0.114609
0.108595
0.104483
0.100437
0.098339
0.098383
0.102234
0.108845
0.114992
0.124630
0.135786
0.151115
0.167112
0.182379
0.199238
0.214199
0.231039
0.247543
0.261093
0.271217
0.273243
0.267897
0.251854
0.226820
0.198195
0.168926
0.140314
0.115442
0.103819
0.109867
0.123110
0.139339
0.155584
0.165920
0.166866
0.150366
0.110502
0.046127
-0.035835
-0.117487
-0.188713
-0.240515
-0.268402
-0.272491
-0.252062
-0.216412
-0.174957
-0.137657
-0.111111
-0.089022
-0.070351
-0.053164
-0.036848
-0.021751
-0.004257
0.015335
0.037678
0.058159
0.073051
0.087851
0.102108
0.113066
0.120636
0.124985
0.135019
0.149872
0.167370
0.183105
0.195671
0.209526
0.222935
0.238077
0.251581
0.261089
0.271198
0.280403
0.295486
0.313814
0.331070
0.349066
0.366117
0.383759
0.399021
0.405943
0.404337
0.394201
0.383253
0.370487
0.353792
0.335781
0.315479
0.299377
0.284451
0.265770
0.245047
0.221161
0.202305
0.187893
0.174952
0.164511
0.157387
0.156914
0.160654
0.162182
0.161142
0.154785
0.145752
0.132505
0.115576
0.104876
0.099945
0.101551
0.105064
0.108086
0.112860
0.117447
0.123148
0.127718
0.130283
0.134254
0.138664
0.150433
0.166008
0.182856
0.200066
0.217548
0.237835
0.255058
0.265558
0.272350
0.273134
0.273766
0.272467
0.267687
0.262239
0.255938
0.249966
0.241194
0.226347
0.207382
0.183687
0.159851
0.136616
0.114107
0.102415
0.101566
0.111601
0.127724
0.143883
0.159691
0.172173
0.182373
0.187302
0.184326
0.180237
0.175381
0.169928
0.162737
0.153486
0.145679
0.137463
0.131779
0.126286
0.119671
0.120338
0.126205
0.139099
0.155790
0.172091
0.191137
0.207689
0.224594
0.239071
0.247458
0.253258
0.257723
0.262852
0.266409
0.265522
0.269024
0.272667
0.277775
0.281393
0.280422
0.278570
0.272701
0.264256
0.250858
0.229977
0.206646
0.183548
0.164347
0.148811
0.135611
0.132103
0.134745
0.143711
0.153616
0.159883
0.164841
0.165903
0.164606
0.159235
0.146465
0.135529
0.127066
0.123510
0.123817
0.125557
0.134045
0.144592
0.156191
0.167385
0.174704
0.185373
0.196663
0.209862
0.226099
0.242292
0.260616
0.278168
0.295212
0.306393
0.307550
0.306742
0.302946
0.297962
0.290329
0.280561
0.273354
0.264896
0.256493
0.245085
0.229807
0.217695
0.207121
0.202658
0.201731
0.203476
0.215588
0.234169
0.258377
0.281458
0.298130
0.310093
0.311642
0.307697
0.296011
0.273008
0.246284
0.217339
0.190458
0.169046
0.152380
0.143803
0.143831
0.159008
0.182011
0.204927
0.228405
0.248600
0.269691
0.289005
0.302256
0.313736
0.320877
0.326572
0.327927
0.320835
0.308666
0.291479
0.279690
0.271923
0.262077
0.254660
0.250511
0.247995
0.243073
0.234011
0.224392
0.210859
0.198908
0.188206
0.175316
0.164774
0.155090
0.151346
0.149582
0.145903
0.144779
0.143864
0.145287
0.145464
0.142574
0.141808
0.143415
0.156202
0.176571
0.200140
0.228531
0.257656
0.286348
0.311317
0.326859
0.334209
0.330612
0.323315
0.312784
0.299013
0.289623
0.284554
0.286987
0.293503
0.297104
0.300667
0.299885
0.296209
0.289814
0.278112
0.266111
0.253775
0.249279
0.251863
0.255478
0.264894
0.276115
0.291527
0.305202
0.312307
0.312927
0.305071
0.291960
0.272598
0.245998
0.220848
0.198906
0.184862
0.176754
0.172979
0.179474
0.193729
0.217009
0.243090
0.265945
0.288757
0.308193
0.333521
0.359108
0.380163
0.399229
0.416080
0.432724
0.445324
0.446941
0.436773
0.413198
0.381004
0.343086
0.302139
0.259663
0.218090
0.180611
0.165157
0.169704
0.190012
0.218647
0.253719
0.289375
0.320114
0.343716
0.354223
0.355246
0.344467
0.318035
0.286526
0.251932
0.224033
0.203352
0.189663
0.187437
0.192671
0.208439
0.229210
0.248898
0.268833
0.284962
0.306721
0.332523
0.355648
0.377825
0.396271
0.412634
0.423149
0.423689
0.414562
0.393965
0.369036
0.340807
0.307247
0.275366
0.248066
0.235844
0.236961
0.243649
0.256874
0.271378
0.286722
0.296400
0.295794
0.285997
0.264874
0.237646
0.205843
0.171995
0.141838
0.119751
0.104599
0.102592
0.111240
0.133785
0.163023
0.192783
0.222311
0.248280
0.270960
0.287788
0.294363
0.296955
0.295593
0.293423
0.288761
0.280144
0.278833
0.285051
0.298412
0.313839
0.330669
0.341986
0.340908
0.331692
0.311909
0.287304
0.260012
0.231020
0.213480
0.207155
0.214924
0.229235
0.245659
0.265228
0.281981
0.290659
0.293213
0.285444
0.276068
0.266960
0.260120
0.253393
0.245842
0.242523
0.241844
0.247890
0.255354
0.259289
0.268747
0.282692
0.301296
0.321110
0.339499
0.359335
0.377087
0.392517
0.402269
0.401356
0.398521
0.392397
0.384834
0.376480
0.363770
0.350180
0.337032
0.324640
0.311695
0.295784
0.286182
0.281399
0.282330
0.285889
0.289368
0.297869
0.303555
0.310280
0.312397
0.306664
0.296329
0.280073
0.266655
0.255148
0.246180
0.242975
0.245159
0.255062
0.267982
0.281609
0.303469
0.330349
0.362144
0.394289
0.421598
0.447392
0.466877
0.483873
0.495953
0.497898
0.493820
0.482653
0.469624
0.454405
0.432705
0.411648
0.391312
0.375484
0.359774
0.343092
0.329445
0.318256
0.316158
0.321335
0.325880
0.330788
0.333902
0.334538
0.330256
0.315228
0.291939
0.264528
0.239578
0.216913
0.197174
0.187691
0.187832
0.205099
0.235321
0.268543
0.304983
0.337997
0.371473
0.398157
0.413216
0.418716
0.414953
0.405798
0.392406
0.372005
0.354874
0.342697
0.336452
0.332783
0.328960
0.325848
0.320662
0.317404
0.312668
0.303158
0.300369
0.301970
0.308779
0.318213
0.325729
0.334856
0.343798
0.352306
0.354206
0.346701
0.332466
0.310287
0.289078
0.270802
0.255907
0.246433
0.241873
0.252605
0.273323
0.297441
0.326635
0.357435
0.391256
0.423203
0.445999
0.462528
0.469568
0.470819
0.463402
0.446049
0.423115
0.396572
0.371180
0.346497
0.321262
0.299292
0.279924
0.266312
0.256371
0.245325
0.241695
0.243284
0.250412
0.259407
0.264948
0.269278
0.267788
0.257826
0.237112
0.205742
0.168879
0.129278
0.095798
0.069742
0.054714
0.062233
0.089127
0.132969
0.184717
0.235884
0.285339
0.325937
0.357559
0.374729
0.377872
0.372799
0.361679
0.354424
0.351269
0.350859
0.357395
0.367517
0.384235
0.401552
0.413589
0.422632
0.426098
0.430479
0.433701
0.428667
0.418835
0.404158
0.388487
0.370674
0.348818
0.326443
0.303240
0.276659
0.247177
0.214279
0.191109
0.175259
0.168385
0.169413
0.174635
0.186657
0.201437
0.217827
0.228842
0.233194
0.236404
0.234232
0.233540
0.234583
0.236561
0.247690
0.265867
0.291412
0.318148
0.342278
0.366695
0.386908
0.397120
0.393963
0.378933
0.361694
0.341284
0.322567
0.305796
0.290033
0.282993
0.283123
0.290640
0.301033
0.310087
0.318136
0.321487
0.322308
0.317022
0.306513
0.299416
0.294090
0.292816
0.292280
0.288788
0.286652
0.283840
0.282845
0.280720
0.274143
0.276524
0.285521
0.302267
0.322096
0.339029
0.357216
0.372711
0.387299
0.396336
0.397425
0.396885
0.395321
0.398308
0.403273
0.408831
0.415760
0.423517
0.431883
0.438046
0.437893
0.437042
0.433315
0.429394
0.420656
0.406874
0.393152
0.378780
0.368013
0.359833
0.352444
0.348776
0.348375
0.353462
0.360441
0.363838
0.365477
0.364363
0.362780
0.356201
0.342676
0.327272
0.310799
0.297619
0.288357
0.279072
0.276237
0.278456
0.289471
0.306433
0.324423
0.343376
0.359371
0.377523
0.393864
0.404253
0.414425
0.422762
0.431835
0.440407
0.442890
0.442884
0.439520
0.436316
0.428904
0.416662
0.403624
0.387899
0.375177
0.362471
0.347359
0.334896
0.322781
0.314449
0.307257
0.298063
0.296501
0.299158
0.306847
0.314539
0.317671
0.320354
0.317825
0.312738
0.301144
0.283684
0.267622
0.254333
0.254669
0.266867
0.283995
0.310207
0.340099
0.374098
0.404366
0.423792
0.432730
0.431040
0.421951
0.405582
0.379581
0.358562
0.342815
0.334183
0.328753
0.321970
0.317657
0.311771
0.305851
0.297981
0.286329
0.276091
0.265406
0.258963
0.255177
0.250610
0.253792
0.261324
0.271751
0.280323
0.284376
0.287416
0.287582
0.285866
0.280268
0.269098
0.262451
0.260506
0.264690
0.272987
0.283482
0.299368
0.316273
0.340292
0.366800
0.388544
0.410530
0.430939
0.451422
0.467457
0.475613
0.479061
0.474579
0.466125
0.453331
0.433321
0.411798
0.390875
0.370617
0.349873
0.327415
0.310175
0.295879
0.288399
0.283894
0.279167
0.278873
0.279348
0.282290
0.284327
0.281858
0.278709
0.273647
0.268040
0.260132
0.249146
0.245129
0.247974
0.259703
0.277443
0.295189
0.317125
0.338680
0.359921
0.376812
0.386858
0.392227
0.389904
0.386959
0.380283
0.370333
0.362888
0.355150
0.348902
0.342613
0.334469
0.328562
0.322350
0.317776
0.312195
0.302917
0.296476
0.291126
0.291298
0.292850
0.291664
0.295458
0.300653
0.314850
0.332109
0.347174
0.359962
0.368864
0.375721
0.375469
0.364891
0.349810
0.330311
0.310965
0.293829
0.279011
0.271799
0.271437
0.281567
0.298115
0.315752
0.336535
0.357269
0.378294
0.394857
0.402657
0.406860
0.402702
0.394520
0.383163
0.365828
0.348259
0.330477
0.316814
0.303791
0.290932
0.284977
0.284502
0.293095
0.305202
0.314495
0.319798
0.331518
0.345461
0.355579
0.359062
0.359749
0.354809
0.354864
0.358946
0.361664
0.367844
0.376144
0.387630
0.400599
0.409098
0.414618
0.414780
0.413961
0.409954
0.401691
0.399250
0.403728
0.415733
0.432045
0.449455
0.465801
0.476883
0.484610
0.484795
0.475962
0.460941
0.440910
0.421825
0.402596
0.381092
0.362389
0.345806
0.334875
0.326218
0.315758
0.310057
0.306074
0.308382
0.313509
0.316809
0.319921
0.318962
0.318537
0.316031
0.306843
0.294518
0.281429
0.276270
0.275602
0.274246
0.274853
0.276888
0.282011
0.286659
0.288372
0.290081
0.289146
0.289507
0.291046
0.292587
0.299627
0.311012
0.329479
0.349968
0.368244
0.383049
0.392052
0.399778
0.405518
0.404964
0.402119
0.396244
0.392101
0.387228
0.377329
0.367001
0.353210
0.334589
0.311741
0.284100
0.265303
0.254286
0.250437
0.252846
0.259676
0.274364
0.291388
0.308611
0.321753
0.327415
0.331814
0.331934
0.330357
0.324932
0.314568
0.303673
0.293041
0.285891
0.280674
0.274555
0.272200
0.272297
0.278820
0.289013
0.300600
0.317348
0.335972
0.362589
0.392912
0.421350
0.447313
0.468147
0.486822
0.497477
0.495342
0.486961
0.469288
0.446491
0.419250
0.387590
0.358742
0.332676
0.316465
0.309044
0.305517
0.309675
0.316975
0.329258
0.340845
0.346561
0.349628
0.347588
0.341396
0.329456
0.310843
0.290289
0.270309
0.255333
0.244837
0.238724
0.239222
0.243649
0.254639
0.268494
0.283646
0.307335
0.335457
0.367004
0.398243
0.424631
0.449554
0.468874
0.484093
0.493374
0.494699
0.492207
0.483723
0.473108
0.460672
0.445631
0.432434
0.420294
0.416584
0.416737
0.417404
0.420866
0.423203
0.426170
0.425545
0.418083
0.404160
0.383972
0.360321
0.336704
0.311722
0.291866
0.278080
0.272106
0.270636
0.271082
0.277700
0.284405
0.292263
0.296768
0.296305
0.292267
0.285234
0.277498
0.268658
0.258617
0.252960
0.250851
0.254984
0.262718
0.273685
0.293571
0.319214
0.346716
0.373676
0.394852
0.411949
0.423927
0.433876
0.440159
0.441172
0.437029
0.428974
0.421070
0.413454
0.403097
0.393803
0.385262
0.379601
0.373611
0.365437
0.356424
0.346031
0.336401
0.328043
0.318670
0.314577
0.314558
0.320070
0.326033
0.330399
0.334814
0.339199
0.348120
0.358360
0.364477
0.369381
0.372173
0.373924
0.373133
0.366116
0.354471
0.338688
0.322601
0.303411
0.280708
0.264389
0.254360
0.252159
0.254248
0.257114
0.260242
0.262325
0.270153
0.280046
0.288980
0.302856
0.320667
0.341293
0.359333
0.366756
0.361115
0.342045
0.310108
0.265247
0.222584
0.190680
0.170071
0.163439
0.168690
0.181227
0.199707
0.216349
0.229902
0.235130
0.228796
0.217152
0.201004
0.184273
0.170546
0.161295
0.166691
0.183083
0.209614
0.240486
0.269665
0.298672
0.321264
0.337505
0.343685
0.338749
0.327902
0.311310
0.293972
0.276716
0.258686
0.239243
0.222908
0.213186
0.207376
0.201990
0.198803
0.196033
0.199726
0.208622
0.220020
0.233496
0.247955
0.265125
0.282965
0.296654
0.307526
0.314425
0.324572
0.336628
0.346689
0.356541
0.366699
0.379812
0.394249
0.406120
0.416258
0.422441
0.429562
0.434923
0.435799
0.435181
0.433044
0.432337
0.430096
0.423079
0.413742
0.400381
0.386847
0.372097
0.355434
0.342197
0.331171
0.322838
0.314308
0.306292
0.298214
0.288975
0.286158
0.289433
0.294857
0.302677
0.312498
0.324837
0.337027
0.344362
0.347569
0.344612
0.342539
0.340633
0.336523
0.331856
0.325146
0.319252
0.312462
0.303158
0.291090
0.275093
0.260458
0.246428
0.233257
0.224190
0.218620
0.224606
0.238449
0.257076
0.277719
0.296806
0.319279
0.340815
0.358286
0.372585
0.378912
0.379152
0.368681
0.339085
0.292740
0.233004
0.164755
0.096458
0.032280
-0.018597
-0.050926
-0.058748
-0.043415
-0.012327
0.026968
0.067421
0.106812
0.140955
0.165308
0.182600
0.191486
0.196457
0.195461
0.190123
0.187519
0.189302
0.195251
0.205431
0.216654
0.230381
0.245567
0.259686
0.271387
0.278358
0.284607
0.289276
0.292641
0.296726
0.300144
0.303871
0.305241
0.306246
0.306108
0.302635
0.299534
0.293709
0.286602
0.277916
0.268364
0.263195
0.260603
0.260681
0.262520
0.265736
0.270140
0.273726
0.278015
0.281464
0.284292
0.288551
0.293444
0.300522
0.309875
0.321085
0.338833
0.359974
0.382824
0.405195
0.424328
0.441792
0.453920
0.461987
0.465534
0.464031
0.463173
0.464420
0.468708
0.473572
0.479225
0.488152
0.497610
0.507124
0.515099
0.517117
0.515659
0.511217
0.506760
0.502546
0.496923
0.491068
0.484064
0.475636
0.464928
0.450819
0.434496
0.415703
0.398569
0.383049
0.367226
0.354261
0.343027
0.334522
0.327522
0.319387
0.308542
0.301018
0.298515
0.297823
0.297758
0.299309
0.302479
0.307581
0.311497
0.312592
0.311506
0.307512
0.304924
0.302452
0.298283
0.294834
0.291492
0.285322
0.274178
0.257948
0.240028
0.220856
0.203726
0.189703
0.179367
0.176456
0.180111
0.190943
0.205900
0.220661
0.235682
0.247864
0.257952
0.265600
0.269281
0.272198
0.276073
0.281031
0.285742
0.291948
0.300467
0.310356
0.323620
0.339651
0.354218
0.368439
0.381084
0.394171
0.404724
0.411684
0.420395
0.429953
0.440359
0.448757
0.454252
0.458145
0.458797
0.457430
0.453871
0.449833
0.445957
0.441916
0.440208
0.440376
0.439356
0.437607
0.434103
0.427916
0.419462
0.408583
0.399639
0.393539
0.389687
0.388580
0.388315
0.389128
0.387444
0.385124
0.379295
0.368935
0.356491
0.341850
0.329899
0.318911
0.309269
0.303917
0.301643
0.302044
0.301922
0.300491
0.298203
0.292763
0.287266
0.281052
0.274124
0.271433
0.271683
0.275660
0.282005
0.289791
0.299700
0.308371
0.316036
0.321827
0.324162
0.325205
0.323961
0.321087
0.316799
0.312130
0.307816
0.304890
0.303278
0.301750
0.299992
0.299305
0.298346
0.293438
0.287357
0.277538
0.266071
0.252932
0.242165
0.233095
0.225647
0.220289
0.218510
0.220087
0.224669
0.229115
0.233311
0.236046
0.236389
0.235891
0.232979
0.230873
0.229666
0.231953
0.235653
0.239559
0.245621
0.252848
0.260965
0.268543
0.276033
0.284863
0.293247
0.301525
0.310974
0.319738
0.329418
0.338133
0.348053
0.357639
0.366144
0.374771
0.382561
0.390537
0.398550
0.403526
0.408100
0.410553
0.412294
0.412792
0.411575
0.410280
0.407845
0.406181
0.405510
0.404324
0.403070
0.402328
0.402069
0.404179
0.406891
0.410328
0.413607
0.418737
0.423286
0.426767
0.429066
0.431194
0.432837
0.432470
0.430618
0.429497
0.427040
0.424343
0.420647
0.414661
0.406010
0.394196
0.383369
0.374096
0.363819
0.354683
0.347778
0.343779
0.339661
0.334034
0.328426
0.323002
0.316238
0.308388
0.297964
0.287149
0.276518
0.266287
0.255901
0.246189
0.238333
0.231976
0.227322
0.223759
0.221693
0.221796
0.223316
0.225948
0.228027
0.229052
0.229927
0.228127
0.225494
0.221464
0.215940
0.210403
0.206982
0.204601
0.203243
0.202255
0.203629
0.207069
0.212076
0.217903
0.223927
0.230591
0.236948
0.243254
0.249016
0.253695
0.258139
0.262300
0.265823
0.268576
0.270998
0.273161
0.275616
0.278023
0.280785
0.282690
0.283373
0.282829
0.282423
0.282013
0.279753
0.276932
0.273979
0.271500
0.269073
0.266129
0.263866
0.260593
0.257584
0.254288
0.251507
0.249014
0.245821
0.241585
0.237625
0.231829
0.227575
0.225676
0.224791
0.224962
0.225540
0.227411
0.227818
0.229761
0.232561
0.234074
0.234978
0.235809
0.235737
0.236969
0.238285
0.237978
0.236759
0.236063
0.234989
0.232735
0.230820
0.229080
0.225834
0.221535
0.215794
0.209251
0.200329
0.190277
0.179508
0.168938
0.157734
0.147438
0.138968
0.133764
0.129128
0.126507
0.126049
0.126780
0.128489
0.130726
0.132797
0.134892
0.138046
0.140783
0.143030
0.145662
0.147045
0.148598
0.149113
0.150110
0.151901
0.154802
0.157558
0.158581
0.157869
0.158092
0.158350
0.160637
0.162889
0.165089
0.167562
0.170792
0.174749
0.176327
0.176945
0.178091
0.179140
0.179905
0.180504
0.179871
0.180605
0.182281
0.181856
0.181133
0.182465
0.184938
0.186489
0.187450
0.188238
0.189526
0.189505
0.189495
0.189686
0.190102
0.191135
0.191553
0.191591
0.191374
0.191328
0.191439
0.191643
0.191916
0.192436
0.193344
0.194006
0.195049
0.195044
0.195854
0.195690
0.194321
0.193121
0.192091
0.191515
0.191183
0.190641
0.190104
0.190056
0.189823
0.189350
0.189360
0.189054
0.188297
0.187138
0.185848
0.184832
0.184025
0.183466
0.181114
0.179649
0.178375
0.177170
0.175804
0.174526
0.173302
0.171938
0.169971
0.167839
0.166965
0.165665
0.163870
0.161409
0.160372
0.158587
0.156019
0.154099
0.152618
0.151268
0.149611
0.146742
0.144737
0.142876
0.139458
0.136032
0.132843
0.129993
0.125744
0.122244
0.118895
0.115488
0.111713
0.107748
0.103481
0.099852
0.095402
0.091808
0.088699
0.086926
0.083603
0.080517
0.077568
0.074135
0.070061
0.066021
0.062222
0.058678
0.055576
0.053318
0.051346
0.049393
0.047302
0.044508
0.040979
0.036173
0.032103
0.027067
0.021412
0.016851
0.010925
0.005203
0.000252
-0.004826
-0.008661
-0.012850
-0.017488
-0.022137
-0.026718
-0.031044
-0.034950
-0.038847
-0.043076
-0.046547
-0.049412
-0.054363
-0.061075
-0.068136
-0.076704
-0.084497
-0.091360
-0.097252
-0.101812
-0.105883
-0.109221
-0.112879
-0.117554
-0.122597
-0.127502
-0.132427
-0.137421
-0.144165
-0.150339
-0.156696
-0.161715
-0.167196
-0.173048
-0.178696
-0.183027
-0.185429
-0.189754
-0.194281
-0.198517
-0.202381
-0.205067
-0.211542
-0.218542
-0.224094
-0.229174
-0.234791
-0.242661
-0.249714
-0.254036
-0.258209
-0.262434
-0.267529
-0.272804
-0.277512
-0.282038
-0.286177
-0.289967
-0.293644
-0.296108
-0.298302
-0.300192
-0.302446
-0.305542
-0.306704
-0.305489
-0.302338
-0.298351
-0.293304
-0.287321
-0.278507
-0.267208
-0.256136
-0.245283
-0.234720
-0.224159
-0.215265
-0.208199
-0.202154
-0.196426
-0.191204
-0.186897
-0.183807
-0.180889
-0.176071
-0.172306
-0.169176
-0.167831
-0.167282
-0.166763
-0.168226
-0.171873
-0.179333
-0.187801
-0.195852
-0.205029
-0.212450
-0.220539
-0.228975
-0.235374
-0.242908
-0.251219
-0.260044
-0.268484
-0.275373
-0.281199
-0.286301
-0.291693
-0.295780
-0.298599
-0.303097
-0.307617
-0.311283
-0.312386
-0.310152
-0.307728
-0.305077
-0.303873
-0.301933
-0.298412
-0.296082
-0.294182
-0.295042
-0.298212
-0.300804
-0.304430
-0.307873
-0.311596
-0.315008
-0.316137
-0.317423
-0.317665
-0.318249
-0.317780
-0.315081
-0.311863
-0.307133
-0.304163
-0.302816
-0.300955
-0.298258
-0.294958
-0.291990
-0.287592
-0.280745
-0.273573
-0.264170
-0.253794
-0.241175
-0.225269
-0.208029
-0.189583
-0.172916
-0.157856
-0.147831
-0.143816
-0.143110
-0.145542
-0.149511
-0.152857
-0.154530
-0.154301
-0.152222
-0.145298
-0.133869
-0.121754
-0.110886
-0.107458
-0.109596
-0.117619
-0.131538
-0.150040
-0.170845
-0.191530
-0.209116
-0.224550
-0.234720
-0.243551
-0.251318
-0.257599
-0.263725
-0.270235
-0.278505
-0.285709
-0.291403
-0.296995
-0.301323
-0.305326
-0.308756
-0.309788
-0.311159
-0.313801
-0.318565
-0.323654
-0.328472
-0.335781
-0.342033
-0.350344
-0.359938
-0.368294
-0.378496
-0.389271
-0.400648
-0.410717
-0.417677
-0.422180
-0.422356
-0.418991
-0.410454
-0.396324
-0.378004
-0.358803
-0.340712
-0.324095
-0.308777
-0.296310
-0.286207
-0.278839
-0.273649
-0.269871
-0.273397
-0.279667
-0.288330
-0.297543
-0.305801
-0.315845
-0.325035
-0.333382
-0.342548
-0.349125
-0.353710
-0.357544
-0.360992
-0.362801
-0.362846
-0.361452
-0.357313
-0.351883
-0.345068
-0.335804
-0.327879
-0.321928
-0.320669
-0.322283
-0.322172
-0.321438
-0.319355
-0.320896
-0.325106
-0.329456
-0.335844
-0.341423
-0.348738
-0.355860
-0.359253
-0.361111
-0.360420
-0.357626
-0.352039
-0.343517
-0.333412
-0.324667
-0.317017
-0.311611
-0.308510
-0.309593
-0.312798
-0.319561
-0.325541
-0.329895
-0.334995
-0.340096
-0.346199
-0.351334
-0.355444
-0.362411
-0.370556
-0.380878
-0.392031
-0.404095
-0.421303
-0.441740
-0.463749
-0.484335
-0.501404
-0.517008
-0.528606
-0.536882
-0.542528
-0.543127
-0.543396
-0.541855
-0.540163
-0.540068
-0.541176
-0.546169
-0.553633
-0.563910
-0.575701
-0.586763
-0.598478
-0.607676
-0.617214
-0.624655
-0.626358
-0.625210
-0.621805
-0.616377
-0.606730
-0.591980
-0.575140
-0.556572
-0.538708
-0.521837
-0.505445
-0.491577
-0.481604
-0.476976
-0.475895
-0.475155
-0.475643
-0.476847
-0.480679
-0.484001
-0.485664
-0.487978
-0.489201
-0.489954
-0.489094
-0.484568
-0.483130
-0.482750
-0.483982
-0.484131
-0.480268
-0.475922
-0.469955
-0.459848
-0.446913
-0.433012
-0.419979
-0.407103
-0.397335
-0.388096
-0.377033
-0.371914
-0.371353
-0.375347
-0.382149
-0.385796
-0.388668
-0.386732
-0.384024
-0.379246
-0.371078
-0.364706
-0.360352
-0.363190
-0.374527
-0.390030
-0.409286
-0.430861
-0.455170
-0.475685
-0.491381
-0.503380
-0.511515
-0.517282
-0.518515
-0.515572
-0.516273
-0.519550
-0.525553
-0.531643
-0.535776
-0.539438
-0.539356
-0.536383
-0.529427
-0.519718
-0.511183
-0.504017
-0.497883
-0.490520
-0.480854
-0.477901
-0.478733
-0.484264
-0.492533
-0.501175
-0.511559
-0.521315
-0.531420
-0.538092
-0.540413
-0.541761
-0.541622
-0.540787
-0.535929
-0.527561
-0.519188
-0.510601
-0.505474
-0.502064
-0.495222
-0.489973
-0.485773
-0.481993
-0.477036
-0.469738
-0.461800
-0.452164
-0.442955
-0.432777
-0.420322
-0.410320
-0.403517
-0.402376
-0.405649
-0.410162
-0.419365
-0.430592
-0.446222
-0.462530
-0.477158
-0.490807
-0.502188
-0.514301
-0.525286
-0.532156
-0.538738
-0.545048
-0.556175
-0.568336
-0.579042
-0.590698
-0.601366
-0.611032
-0.616606
-0.614597
-0.608074
-0.595871
-0.580194
-0.562756
-0.541986
-0.521811
-0.502510
-0.492195
-0.488800
-0.489370
-0.494999
-0.502474
-0.513926
-0.525190
-0.530649
-0.532764
-0.529167
-0.522820
-0.512510
-0.497799
-0.482391
-0.466246
-0.453140
-0.440704
-0.427210
-0.415775
-0.404596
-0.394619
-0.384529
-0.371763
-0.361856
-0.353201
-0.348684
-0.347717
-0.350311
-0.357536
-0.368507
-0.385857
-0.406509
-0.426027
-0.446255
-0.466309
-0.485857
-0.502878
-0.514381
-0.529297
-0.546164
-0.565517
-0.584349
-0.599701
-0.615351
-0.626724
-0.636566
-0.643095
-0.644756
-0.644314
-0.639441
-0.631338
-0.619801
-0.606659
-0.594389
-0.581461
-0.571470
-0.563272
-0.554317
-0.548990
-0.545414
-0.544817
-0.544949
-0.542757
-0.542801
-0.543030
-0.544844
-0.546413
-0.543028
-0.537868
-0.531620
-0.521984
-0.512035
-0.499285
-0.489483
-0.481108
-0.475510
-0.470211
-0.463318
-0.455313
-0.444447
-0.431684
-0.415781
-0.395451
-0.381433
-0.373444
-0.373394
-0.380671
-0.392811
-0.410923
-0.430862
-0.454277
-0.477150
-0.495550
-0.510235
-0.520163
-0.526512
-0.528164
-0.522934
-0.519163
-0.516289
-0.516783
-0.517452
-0.515265
-0.513420
-0.509695
-0.505724
-0.500849
-0.492714
-0.483559
-0.471304
-0.462040
-0.454645
-0.448013
-0.443386
-0.440615
-0.442617
-0.445353
-0.446215
-0.448195
-0.449703
-0.455444
-0.460833
-0.461994
-0.462193
-0.459620
-0.458086
-0.454363
-0.448086
-0.440355
-0.430569
-0.424622
-0.421700
-0.419294
-0.421160
-0.425789
-0.441240
-0.464233
-0.487509
-0.512888
-0.536522
-0.560419
-0.581730
-0.598223
-0.611862
-0.621584
-0.635679
-0.650177
-0.659189
-0.666117
-0.668558
-0.670946
-0.669243
-0.661625
-0.651924
-0.640038
-0.629213
-0.616802
-0.601208
-0.585445
-0.567604
-0.556742
-0.552603
-0.548574
-0.548231
-0.548002
-0.548544
-0.546446
-0.537416
-0.523319
-0.503584
-0.485813
-0.467785
-0.447231
-0.429276
-0.415539
-0.406048
-0.399101
-0.391022
-0.384844
-0.380823
-0.379225
-0.377672
-0.377003
-0.385387
-0.400185
-0.425598
-0.455093
-0.483194
-0.510719
-0.533566
-0.552425
-0.564459
-0.565081
-0.561956
-0.552761
-0.545036
-0.538275
-0.529449
-0.522974
-0.518063
-0.516554
-0.517355
-0.515358
-0.513691
-0.511644
-0.515854
-0.524157
-0.529634
-0.536045
-0.541737
-0.552290
-0.561768
-0.564655
-0.561634
-0.551893
-0.538605
-0.520483
-0.496653
-0.471645
-0.446411
-0.425705
-0.410666
-0.399321
-0.400272
-0.410772
-0.430923
-0.456264
-0.480860
-0.505545
-0.526808
-0.544746
-0.557310
-0.563646
-0.561655
-0.552670
-0.547718
-0.544680
-0.540318
-0.538651
-0.538538
-0.545460
-0.553879
-0.556011
-0.552048
-0.540983
-0.526831
-0.506168
-0.478209
-0.443213
-0.409004
-0.377169
-0.351738
-0.333712
-0.323416
-0.321753
-0.336739
-0.363462
-0.392393
-0.423220
-0.452053
-0.478565
-0.501749
-0.511154
-0.513660
-0.506126
-0.491243
-0.473099
-0.451370
-0.432468
-0.418514
-0.413822
-0.417135
-0.423975
-0.438524
-0.457914
-0.487078
-0.521967
-0.554136
-0.583271
-0.605629
-0.619797
-0.630117
-0.635784
-0.637087
-0.633652
-0.625767
-0.616726
-0.607882
-0.602060
-0.599506
-0.603350
-0.610966
-0.619146
-0.629601
-0.638596
-0.652353
-0.664576
-0.672010
-0.677719
-0.678156
-0.677584
-0.673401
-0.663553
-0.648544
-0.628788
-0.606499
-0.580742
-0.550091
-0.519835
-0.490667
-0.469069
-0.452013
-0.438522
-0.432119
-0.428995
-0.432005
-0.439743
-0.448715
-0.465176
-0.487783
-0.514917
-0.541775
-0.565193
-0.588644
-0.608517
-0.625366
-0.636936
-0.639881
-0.636478
-0.625660
-0.612671
-0.598610
-0.581459
-0.567411
-0.554880
-0.549179
-0.546509
-0.541950
-0.540855
-0.541229
-0.543911
-0.547211
-0.546162
-0.546358
-0.543304
-0.539108
-0.531481
-0.517918
-0.506155
-0.497591
-0.492893
-0.489805
-0.484621
-0.485174
-0.487329
-0.493820
-0.501051
-0.505653
-0.513746
-0.524015
-0.539101
-0.554907
-0.568668
-0.584391
-0.597542
-0.612474
-0.623934
-0.629715
-0.633417
-0.632637
-0.629513
-0.624521
-0.614277
-0.606667
-0.600191
-0.597576
-0.594131
-0.588730
-0.587494
-0.587465
-0.588390
-0.588318
-0.584639
-0.582144
-0.580708
-0.582413
-0.585829
-0.586594
-0.591908
-0.597233
-0.605179
-0.612822
-0.613924
-0.613266
-0.609537
-0.606998
-0.601963
-0.592745
-0.586632
-0.582802
-0.584698
-0.588991
-0.591263
-0.596153
-0.601227
-0.610359
-0.619534
-0.622360
-0.624464
-0.625952
-0.630701
-0.635492
-0.635311
-0.637117
-0.637573
-0.638649
-0.637051
-0.631079
-0.626534
-0.622433
-0.620653
-0.618752
-0.614962
-0.614868
-0.615297
-0.621550
-0.628544
-0.632776
-0.639635
-0.645208
-0.652988
-0.656345
-0.652159
-0.646683
-0.637953
-0.629074
-0.617062
-0.600636
-0.579147
-0.555050
-0.541960
-0.539925
-0.542078
-0.551813
-0.567596
-0.598318
-0.637306
-0.675070
-0.706686
-0.729080
-0.743778
-0.745914
-0.731205
-0.705406
-0.669090
-0.631245
-0.596283
-0.563448
-0.538498
-0.522739
-0.519743
-0.525988
-0.536360
-0.553740
-0.571764
-0.592258
-0.613735
-0.628891
-0.644873
-0.659197
-0.674614
-0.686722
-0.690462
-0.689976
-0.683615
-0.676134
-0.662827
-0.642305
-0.621391
-0.602280
-0.587828
-0.577284
-0.567841
-0.562870
-0.562742
-0.570301
-0.580828
-0.588146
-0.598202
-0.608679
-0.626345
-0.647079
-0.663631
-0.680050
-0.691236
-0.700548
-0.706642
-0.705593
-0.699272
-0.687767
-0.674500
-0.659235
-0.642277
-0.632872
-0.628672
-0.633810
-0.641840
-0.649153
-0.660131
-0.667789
-0.673922
-0.674458
-0.667141
-0.649328
-0.621145
-0.593143
-0.565409
-0.535599
-0.518612
-0.514709
-0.525473
-0.547445
-0.573677
-0.606001
-0.638395
-0.669083
-0.693903
-0.707941
-0.714348
-0.713102
-0.710922
-0.703278
-0.688602
-0.674667
-0.662058
-0.655731
-0.652458
-0.647678
-0.646227
-0.646830
-0.652525
-0.657784
-0.659243
-0.660501
-0.659176
-0.658895
-0.656693
-0.649181
-0.638407
-0.625326
-0.613220
-0.599895
-0.581820
-0.565699
-0.551525
-0.545498
-0.543379
-0.541885
-0.546101
-0.553989
-0.569853
-0.588581
-0.605442
-0.623692
-0.640543
-0.660255
-0.677982
-0.690683
-0.701067
-0.707247
-0.715111
-0.720251
-0.716867
-0.712919
-0.708220
-0.708029
-0.707735
-0.706207
-0.706198
-0.707020
-0.711086
-0.715481
-0.714891
-0.714306
-0.712826
-0.712833
-0.711206
-0.703873
-0.695868
-0.686279
-0.680462
-0.672819
-0.661434
-0.652973
-0.645109
-0.642588
-0.644602
-0.645344
-0.652769
-0.665096
-0.685562
-0.707613
-0.728075
-0.748821
-0.765310
-0.779894
-0.790018
-0.792339
-0.790052
-0.783688
-0.775015
-0.764473
-0.750401
-0.734558
-0.716242
-0.701370
-0.689028
-0.673883
-0.662933
-0.654427
-0.646103
-0.643761
-0.645529
-0.652571
-0.661495
-0.673140
-0.685616
-0.692780
-0.699350
-0.701550
-0.708065
-0.713776
-0.715536
-0.717644
-0.716948
-0.718481
-0.716478
-0.709709
-0.702955
-0.694366
-0.688604
-0.683874
-0.677992
-0.678476
-0.682486
-0.692850
-0.706614
-0.719528
-0.734747
-0.749918
-0.764692
-0.776012
-0.782419
-0.789040
-0.791899
-0.794847
-0.795067
-0.789507
-0.784775
-0.776886
-0.772659
-0.770205
-0.764620
-0.763304
-0.762905
-0.766476
-0.769888
-0.770245
-0.768282
-0.763172
-0.760960
-0.754473
-0.741119
-0.728851
-0.717905
-0.708746
-0.699720
-0.687349
-0.676069
-0.663830
-0.653845
-0.644005
-0.633038
-0.630476
-0.634363
-0.645597
-0.658358
-0.669687
-0.681660
-0.691759
-0.699066
-0.700228
-0.692829
-0.684875
-0.674343
-0.660957
-0.650639
-0.642473
-0.646767
-0.659760
-0.681330
-0.705387
-0.725954
-0.742516
-0.751059
-0.756149
-0.753611
-0.740650
-0.722944
-0.700195
-0.676723
-0.653212
-0.629044
-0.614054
-0.606777
-0.608898
-0.616405
-0.626411
-0.642740
-0.659273
-0.673616
-0.685093
-0.690571
-0.694677
-0.696793
-0.700121
-0.702026
-0.700657
-0.700594
-0.701719
-0.706543
-0.711134
-0.711454
-0.717022
-0.726185
-0.732058
-0.731783
-0.724079
-0.716146
-0.705208
-0.697039
-0.692162
-0.686226
-0.685156
-0.686361
-0.696095
-0.709011
-0.718624
-0.729605
-0.735815
-0.737520
-0.731625
-0.713310
-0.689552
-0.661396
-0.634783
-0.610626
-0.586914
-0.572086
-0.565401
-0.569098
-0.580076
-0.592756
-0.610487
-0.630199
-0.654650
-0.678865
-0.697630
-0.715347
-0.729273
-0.740984
-0.749376
-0.751612
-0.751148
-0.747820
-0.744843
-0.741314
-0.735285
-0.731934
-0.728622
-0.730789
-0.734680
-0.736887
-0.743526
-0.750368
-0.760872
-0.769775
-0.774742
-0.778627
-0.779779
-0.778643
-0.773026
-0.760321
-0.744658
-0.725433
-0.705297
-0.683023
-0.660042
-0.643326
-0.630177
-0.627661
-0.632202
-0.641304
-0.658154
-0.678446
-0.703108
